time/episodes,time/fps,train/actor_loss,train/critic_loss,rollout/ep_rew_mean,train/ent_coef,time/time_elapsed,rollout/success_rate,curriculum/epsilon,train/n_updates,time/total_timesteps,train/learning_rate,rollout/ep_len_mean,train/ent_coef_loss,eval/clean_mean_d,eval/clean_success_rate
4,76,-4.990551948547363,0.2717764973640442,-50.0,0.971017599105835,2,0.0,0.0029333333333333334,99,200,0.0003,50.0,-0.19804048538208008,,
8,55,-6.08700704574585,0.23496466875076294,-49.625,0.9144672155380249,7,0.0,0.005866666666666667,299,400,0.0003,50.0,-0.6032099723815918,,
12,50,-7.102431297302246,0.24505090713500977,-49.75,0.8612061142921448,11,0.0,0.0088,499,600,0.0003,50.0,-1.0095511674880981,,
16,48,-8.26799201965332,0.23305939137935638,-49.5,0.8110461831092834,16,0.0,0.011733333333333333,699,800,0.0003,50.0,-1.4127745628356934,,
20,47,-9.158550262451172,0.19966426491737366,-49.6,0.7638187408447266,21,0.0,0.014666666666666666,899,1000,0.0003,50.0,-1.8134117126464844,,
24,46,-10.036550521850586,0.24861228466033936,-49.666666666666664,0.7193381190299988,25,0.0,0.0176,1099,1200,0.0003,50.0,-2.214197874069214,,
28,46,-10.783553123474121,0.2162173092365265,-49.607142857142854,0.6774537563323975,30,0.0,0.020533333333333334,1299,1400,0.0003,50.0,-2.61586594581604,,
32,45,-11.432607650756836,0.22874566912651062,-49.65625,0.6380194425582886,34,0.0,0.023466666666666667,1499,1600,0.0003,50.0,-3.015321969985962,,
36,45,-12.0436372756958,0.19789516925811768,-49.47222222222222,0.6008810997009277,39,0.0,0.0264,1699,1800,0.0003,50.0,-3.4235527515411377,,
40,45,-12.418855667114258,0.16518506407737732,-49.325,0.5659031271934509,44,0.0,0.029333333333333333,1899,2000,0.0003,50.0,-3.8437533378601074,,
44,45,-12.908223152160645,0.17941823601722717,-49.38636363636363,0.5329765677452087,48,0.0,0.032266666666666666,2099,2200,0.0003,50.0,-4.247082710266113,,
48,45,-13.264825820922852,0.227914497256279,-49.395833333333336,0.5019803643226624,53,0.0,0.0352,2299,2400,0.0003,50.0,-4.6263837814331055,,
52,44,-13.63585376739502,0.20785364508628845,-49.26923076923077,0.47278890013694763,58,0.0,0.03813333333333333,2499,2600,0.0003,50.0,-5.021934509277344,,
56,44,-13.782174110412598,0.205143541097641,-49.32142857142857,0.4452972114086151,63,0.0,0.04106666666666667,2699,2800,0.0003,50.0,-5.44602108001709,,
60,44,-13.975481986999512,0.20209527015686035,-49.36666666666667,0.4194217622280121,68,0.0,0.044,2899,3000,0.0003,50.0,-5.837717056274414,,
64,44,-14.071314811706543,0.17993004620075226,-49.359375,0.39506566524505615,72,0.0,0.046933333333333334,3099,3200,0.0003,50.0,-6.244940280914307,,
68,44,-14.226798057556152,0.2156229019165039,-49.36764705882353,0.37212488055229187,77,0.0,0.04986666666666666,3299,3400,0.0003,50.0,-6.593498706817627,,
72,44,-14.078899383544922,0.1996082067489624,-49.388888888888886,0.35054537653923035,81,0.0,0.0528,3499,3600,0.0003,50.0,-7.0323662757873535,,
76,43,-14.029522895812988,0.17029038071632385,-49.421052631578945,0.33022478222846985,86,0.0,0.05573333333333333,3699,3800,0.0003,50.0,-7.333710670471191,,
80,43,-13.862586975097656,0.1973184049129486,-49.45,0.3110876977443695,90,0.0,0.058666666666666666,3899,4000,0.0003,50.0,-7.744858264923096,,
84,43,-13.747392654418945,0.18450665473937988,-49.476190476190474,0.29307737946510315,95,0.0,0.061599999999999995,4099,4200,0.0003,50.0,-8.13080883026123,,
88,43,-13.47143268585205,0.16904117166996002,-49.5,0.2761414051055908,100,0.0,0.06453333333333333,4299,4400,0.0003,50.0,-8.465587615966797,,
92,43,-13.12590217590332,0.14605242013931274,-49.52173913043478,0.26019951701164246,104,0.0,0.06746666666666666,4499,4600,0.0003,50.0,-8.950308799743652,,
96,43,-12.975400924682617,0.19395937025547028,-49.53125,0.2452116459608078,109,0.0,0.0704,4699,4800,0.0003,50.0,-9.245396614074707,,
100,43,-12.584341049194336,0.1684720814228058,-49.45,0.23111280798912048,115,0.0,0.07333333333333333,4899,5000,0.0003,50.0,-9.50183391571045,0.32909248237320515,0.15
104,43,-12.257295608520508,0.18377503752708435,-49.44,0.21787315607070923,120,0.0,0.07626666666666666,5099,5200,0.0003,50.0,-9.89285659790039,,
108,43,-12.043737411499023,0.16324080526828766,-49.44,0.20541703701019287,125,0.0,0.07919999999999999,5299,5400,0.0003,50.0,-10.170886039733887,,
112,43,-11.668368339538574,0.20137923955917358,-49.44,0.1937214732170105,129,0.0,0.08213333333333334,5499,5600,0.0003,50.0,-10.429609298706055,,
116,43,-11.110227584838867,0.15683513879776,-49.4,0.182772696018219,134,0.0,0.08506666666666667,5699,5800,0.0003,50.0,-10.81930160522461,,
120,43,-10.805307388305664,0.13242845237255096,-49.37,0.17248360812664032,138,0.0,0.088,5899,6000,0.0003,50.0,-10.869804382324219,,
124,43,-10.453570365905762,0.1543310284614563,-49.31,0.16282014548778534,143,0.0,0.09093333333333332,6099,6200,0.0003,50.0,-11.170621871948242,,
128,43,-9.87581729888916,0.1494378000497818,-49.25,0.1537535935640335,147,0.0,0.09386666666666667,6299,6400,0.0003,50.0,-11.448226928710938,,
132,43,-9.696489334106445,0.16127318143844604,-49.22,0.14525893330574036,152,0.0,0.0968,6499,6600,0.0003,50.0,-11.388792991638184,,
136,43,-9.398536682128906,0.15903612971305847,-49.2,0.13726116716861725,157,0.0,0.09973333333333333,6699,6800,0.0003,50.0,-11.63974666595459,,
140,43,-8.83448314666748,0.15933382511138916,-49.23,0.12976689636707306,161,0.0,0.10266666666666667,6899,7000,0.0003,50.0,-11.362777709960938,,
144,43,-8.336301803588867,0.14028127491474152,-49.14,0.12274333089590073,166,0.0,0.1056,7099,7200,0.0003,50.0,-11.90611457824707,,
148,43,-8.006776809692383,0.14876671135425568,-48.97,0.1161377876996994,170,0.0,0.10853333333333333,7299,7400,0.0003,50.0,-11.816797256469727,,
152,43,-7.623745441436768,0.17091083526611328,-48.9,0.1099582314491272,175,0.0,0.11146666666666666,7499,7600,0.0003,50.0,-11.834473609924316,,
156,43,-7.519026756286621,0.14317885041236877,-48.47,0.10417359322309494,180,0.009999999776482582,0.1144,7699,7800,0.0003,50.0,-11.772139549255371,,
160,43,-6.936399459838867,0.166803777217865,-48.32,0.09870468825101852,184,0.009999999776482582,0.11733333333333333,7899,8000,0.0003,50.0,-11.716339111328125,,
164,43,-6.927767276763916,0.14564566314220428,-48.32,0.09355846047401428,189,0.009999999776482582,0.12026666666666666,8099,8200,0.0003,50.0,-11.714960098266602,,
168,43,-6.467366695404053,0.12587788701057434,-47.73,0.0887174904346466,193,0.019999999552965164,0.12319999999999999,8299,8400,0.0003,50.0,-11.634273529052734,,
172,43,-6.120987892150879,0.12972748279571533,-47.44,0.08414895087480545,198,0.019999999552965164,0.12613333333333332,8499,8600,0.0003,50.0,-11.479825973510742,,
176,43,-5.690493583679199,0.12275755405426025,-46.99,0.07985023409128189,202,0.019999999552965164,0.12906666666666666,8699,8800,0.0003,50.0,-11.490213394165039,,
180,43,-5.430631637573242,0.13588041067123413,-46.75,0.07577594369649887,207,0.019999999552965164,0.132,8899,9000,0.0003,50.0,-11.397533416748047,,
184,43,-5.260099411010742,0.12416529655456543,-46.04,0.07192395627498627,211,0.03999999910593033,0.13493333333333332,9099,9200,0.0003,50.0,-11.578096389770508,,
188,43,-4.682301998138428,0.1328238695859909,-45.42,0.06825723499059677,216,0.05999999865889549,0.13786666666666667,9299,9400,0.0003,50.0,-11.070051193237305,,
192,43,-4.863953113555908,0.10762844234704971,-44.25,0.06476525962352753,220,0.07999999821186066,0.1408,9499,9600,0.0003,50.0,-10.702115058898926,,
196,43,-4.592587471008301,0.1405763030052185,-42.51,0.061525847762823105,225,0.11999999731779099,0.14373333333333332,9699,9800,0.0003,50.0,-11.245878219604492,,
200,43,-4.480148792266846,0.13101062178611755,-41.33,0.05847287178039551,232,0.14000000059604645,0.14666666666666667,9899,10000,0.0003,50.0,-10.032337188720703,0.02381198673616104,1.0
204,43,-4.222990036010742,0.13058295845985413,-39.73,0.05556086450815201,236,0.17000000178813934,0.14959999999999998,10099,10200,0.0003,50.0,-10.533474922180176,,
208,43,-4.1844096183776855,0.12445803731679916,-38.01,0.05284188315272331,241,0.20000000298023224,0.15253333333333333,10299,10400,0.0003,50.0,-10.251340866088867,,
212,43,-4.06945276260376,0.12950828671455383,-36.45,0.050255026668310165,246,0.23000000417232513,0.15546666666666667,10499,10600,0.0003,50.0,-10.272357940673828,,
216,43,-3.53507399559021,0.13060741126537323,-34.72,0.04784514382481575,250,0.27000001072883606,0.15839999999999999,10699,10800,0.0003,50.0,-9.452923774719238,,
220,43,-3.6540379524230957,0.1355966031551361,-32.96,0.04553714394569397,255,0.3100000023841858,0.16133333333333333,10899,11000,0.0003,50.0,-8.92513656616211,,
224,43,-3.519333600997925,0.11786860227584839,-31.16,0.04337325319647789,259,0.3400000035762787,0.16426666666666667,11099,11200,0.0003,50.0,-8.907238006591797,,
228,43,-3.4506022930145264,0.13134285807609558,-29.53,0.04127207398414612,264,0.3700000047683716,0.1672,11299,11400,0.0003,50.0,-9.605711936950684,,
232,43,-3.100203275680542,0.11146171391010284,-27.67,0.03932368382811546,269,0.4099999964237213,0.17013333333333333,11499,11600,0.0003,50.0,-8.653464317321777,,
236,43,-3.2844929695129395,0.12108100950717926,-25.9,0.03745197504758835,273,0.44999998807907104,0.17306666666666667,11699,11800,0.0003,50.0,-8.662201881408691,,
240,43,-3.240236759185791,0.12589232623577118,-24.04,0.03568470478057861,278,0.49000000953674316,0.176,11899,12000,0.0003,50.0,-9.099971771240234,,
244,43,-2.987328290939331,0.17204776406288147,-22.2,0.03401576727628708,282,0.5299999713897705,0.17893333333333333,12099,12200,0.0003,50.0,-7.618682384490967,,
248,43,-3.0287938117980957,0.09668096154928207,-20.46,0.032449591904878616,287,0.5699999928474426,0.18186666666666665,12299,12400,0.0003,50.0,-7.234407424926758,,
252,43,-3.3687832355499268,0.11646227538585663,-18.77,0.030935117974877357,292,0.6100000143051147,0.1848,12499,12600,0.0003,50.0,-8.343379020690918,,
256,43,-2.958360195159912,0.11006397008895874,-17.29,0.02951223962008953,296,0.6399999856948853,0.18773333333333334,12699,12800,0.0003,50.0,-7.796780586242676,,
260,43,-3.230088233947754,0.10624787956476212,-15.55,0.028190892189741135,301,0.6800000071525574,0.19066666666666665,12899,13000,0.0003,50.0,-6.390196800231934,,
264,43,-3.2605502605438232,0.11460142582654953,-13.64,0.02690238691866398,306,0.7200000286102295,0.1936,13099,13200,0.0003,50.0,-7.396047592163086,,
268,43,-2.9999475479125977,0.1048399806022644,-12.35,0.02569602057337761,310,0.75,0.19653333333333334,13299,13400,0.0003,50.0,-5.7565813064575195,,
272,43,-3.0459156036376953,0.0858074277639389,-10.76,0.024579400196671486,315,0.7900000214576721,0.19946666666666665,13499,13600,0.0003,50.0,-6.084475517272949,,
276,43,-3.1008081436157227,0.09365204721689224,-9.28,0.023539062589406967,320,0.8299999833106995,0.2024,13699,13800,0.0003,50.0,-6.016618728637695,,
280,43,-3.4269115924835205,0.08502288162708282,-7.62,0.022535055875778198,324,0.8700000047683716,0.20533333333333334,13899,14000,0.0003,50.0,-5.866311073303223,,
284,43,-3.4032092094421387,0.0832032784819603,-6.41,0.02161112055182457,329,0.8899999856948853,0.20826666666666666,14099,14200,0.0003,50.0,-3.9827516078948975,,
288,43,-3.305704116821289,0.1069391518831253,-5.11,0.02070573903620243,333,0.9100000262260437,0.2112,14299,14400,0.0003,50.0,-5.273700714111328,,
292,43,-3.323883056640625,0.12232833355665207,-4.37,0.019828656688332558,338,0.9300000071525574,0.21413333333333331,14499,14600,0.0003,50.0,-4.965506553649902,,
296,43,-3.3684842586517334,0.10666391253471375,-4.18,0.018986303359270096,342,0.9300000071525574,0.21706666666666666,14699,14800,0.0003,50.0,-3.9961800575256348,,
300,42,-3.7962169647216797,0.07683973014354706,-3.52,0.01819630153477192,349,0.949999988079071,0.22,14899,15000,0.0003,50.0,-5.644296169281006,0.014139222873327967,1.0
304,42,-3.460085868835449,0.0872904509305954,-3.23,0.017417985945940018,353,0.9599999785423279,0.22293333333333332,15099,15200,0.0003,50.0,-4.619739532470703,,
308,42,-3.319039821624756,0.0892963632941246,-3.06,0.01664157211780548,358,0.9700000286102295,0.22586666666666666,15299,15400,0.0003,50.0,-3.0323352813720703,,
312,43,-3.702040433883667,0.07947298139333725,-2.74,0.015897195786237717,362,0.9800000190734863,0.2288,15499,15600,0.0003,50.0,-4.991406440734863,,
316,43,-3.6798996925354004,0.09133794903755188,-2.64,0.01521285343915224,367,0.9800000190734863,0.23173333333333332,15699,15800,0.0003,50.0,-4.26462459564209,,
320,43,-3.8051576614379883,0.08615760505199432,-2.48,0.01454154122620821,371,0.9800000190734863,0.23466666666666666,15899,16000,0.0003,50.0,-4.704456329345703,,
324,43,-3.734571695327759,0.09101619571447372,-2.44,0.01387837529182434,376,0.9900000095367432,0.2376,16099,16200,0.0003,50.0,-4.671993732452393,,
328,43,-3.650174617767334,0.09856685996055603,-2.25,0.013214943930506706,380,1.0,0.24053333333333332,16299,16400,0.0003,50.0,-4.053595066070557,,
332,43,-3.820103883743286,0.08679787069559097,-2.18,0.012591774575412273,385,1.0,0.24346666666666666,16499,16600,0.0003,50.0,-3.6503794193267822,,
336,43,-3.7961344718933105,0.09399928897619247,-2.12,0.012012645602226257,389,1.0,0.24639999999999998,16699,16800,0.0003,50.0,-2.9610464572906494,,
340,43,-3.9173219203948975,0.0622454397380352,-2.1,0.011471322737634182,394,1.0,0.24933333333333332,16899,17000,0.0003,50.0,-4.411744117736816,,
344,43,-3.6820900440216064,0.07692993432283401,-2.11,0.010940726846456528,398,1.0,0.25226666666666664,17099,17200,0.0003,50.0,-3.9131336212158203,,
348,43,-3.783003807067871,0.07744372636079788,-2.12,0.010396340861916542,403,1.0,0.2552,17299,17400,0.0003,50.0,-4.672158718109131,,
352,43,-3.9457972049713135,0.0693369060754776,-2.03,0.009899215772747993,407,1.0,0.2581333333333333,17499,17600,0.0003,50.0,-4.744795799255371,,
356,43,-3.6461355686187744,0.06376668810844421,-2.0,0.009440445341169834,412,1.0,0.26106666666666667,17699,17800,0.0003,50.0,-4.4325103759765625,,
360,43,-3.8340368270874023,0.07464295625686646,-1.97,0.009022786282002926,416,1.0,0.264,17899,18000,0.0003,50.0,-2.1303858757019043,,
364,43,-3.617046356201172,0.07107827067375183,-1.98,0.008638763800263405,421,1.0,0.2669333333333333,18099,18200,0.0003,50.0,-3.833073616027832,,
368,43,-3.8651680946350098,0.06524558365345001,-1.96,0.008271794766187668,425,1.0,0.26986666666666664,18299,18400,0.0003,50.0,-2.7962493896484375,,
372,43,-3.8709444999694824,0.05611284822225571,-1.92,0.00797030795365572,430,1.0,0.2728,18499,18600,0.0003,50.0,-2.0323784351348877,,
376,43,-3.6031274795532227,0.056882891803979874,-1.93,0.007618746720254421,434,1.0,0.27573333333333333,18699,18800,0.0003,50.0,-2.208904504776001,,
380,43,-3.920621395111084,0.0578974112868309,-1.89,0.00727951992303133,439,1.0,0.2786666666666667,18899,19000,0.0003,50.0,-2.6767897605895996,,
384,43,-3.7874491214752197,0.055964045226573944,-1.87,0.007039844989776611,443,1.0,0.2816,19099,19200,0.0003,50.0,-3.9590401649475098,,
388,43,-3.736583709716797,0.05544847995042801,-1.86,0.006745324470102787,448,1.0,0.2845333333333333,19299,19400,0.0003,50.0,-0.36277467012405396,,
392,43,-3.846715211868286,0.0655255913734436,-1.86,0.006487357895821333,452,1.0,0.28746666666666665,19499,19600,0.0003,50.0,-3.253567934036255,,
396,43,-3.7097291946411133,0.051187992095947266,-1.9,0.006239884067326784,456,1.0,0.2904,19699,19800,0.0003,50.0,-1.819453477859497,,
400,43,-3.722874164581299,0.06060398370027542,-1.91,0.006002778187394142,463,1.0,0.29333333333333333,19899,20000,0.0003,50.0,-0.9265211820602417,0.01483729824464033,1.0
404,43,-3.583249568939209,0.05247437581419945,-1.89,0.005826910026371479,468,1.0,0.2962666666666667,20099,20200,0.0003,50.0,-1.9190289974212646,,
408,43,-3.377173900604248,0.06124664843082428,-1.9,0.005660146940499544,472,1.0,0.29919999999999997,20299,20400,0.0003,50.0,-0.19285918772220612,,
412,43,-3.928811550140381,0.06519754230976105,-1.86,0.005492072086781263,477,1.0,0.3021333333333333,20499,20600,0.0003,50.0,-1.2604085206985474,,
416,43,-3.808655261993408,0.05543430894613266,-1.84,0.005335400812327862,481,1.0,0.30506666666666665,20699,20800,0.0003,50.0,-2.267364740371704,,
420,43,-3.7329180240631104,0.041824400424957275,-1.87,0.005128145217895508,486,1.0,0.308,20899,21000,0.0003,50.0,-1.9109039306640625,,
424,43,-3.531132698059082,0.04461217299103737,-1.87,0.004999406170099974,490,1.0,0.31093333333333334,21099,21200,0.0003,50.0,0.3090116083621979,,
428,43,-3.657768487930298,0.05343328416347504,-1.84,0.004834447987377644,495,1.0,0.3138666666666667,21299,21400,0.0003,50.0,-1.1424684524536133,,
432,43,-3.7155189514160156,0.036794766783714294,-1.88,0.00474915886297822,500,1.0,0.31679999999999997,21499,21600,0.0003,50.0,-1.4912264347076416,,
436,43,-3.721745491027832,0.05647754296660423,-1.91,0.004695945419371128,504,1.0,0.3197333333333333,21699,21800,0.0003,50.0,-0.6535489559173584,,
440,43,-3.661742687225342,0.03385254740715027,-1.94,0.004629289265722036,509,1.0,0.32266666666666666,21899,22000,0.0003,50.0,-1.9682892560958862,,
444,43,-3.5378496646881104,0.04092184454202652,-1.92,0.004594626370817423,513,1.0,0.3256,22099,22200,0.0003,50.0,1.0892020463943481,,
448,43,-3.463991165161133,0.04536106064915657,-1.92,0.0045633683912456036,518,1.0,0.32853333333333334,22299,22400,0.0003,50.0,-1.2155439853668213,,
452,43,-3.549114942550659,0.04914235323667526,-1.94,0.004434221889823675,522,1.0,0.33146666666666663,22499,22600,0.0003,50.0,0.279291570186615,,
456,43,-3.643310546875,0.04322618991136551,-1.96,0.0044057900086045265,527,1.0,0.3344,22699,22800,0.0003,50.0,-0.5628818273544312,,
460,43,-3.62502121925354,0.039813876152038574,-1.97,0.004247418604791164,532,1.0,0.3373333333333333,22899,23000,0.0003,50.0,-1.976740837097168,,
464,43,-3.276214122772217,0.048616498708724976,-1.98,0.004168138839304447,536,1.0,0.34026666666666666,23099,23200,0.0003,50.0,0.4009959101676941,,
468,43,-3.628072500228882,0.04744124040007591,-1.97,0.004059245344251394,541,1.0,0.3432,23299,23400,0.0003,50.0,-2.3530120849609375,,
472,43,-3.4466633796691895,0.041807621717453,-1.97,0.003932894207537174,545,1.0,0.34613333333333335,23499,23600,0.0003,50.0,-1.3513890504837036,,
476,43,-3.4037625789642334,0.04456934332847595,-1.98,0.003945524338632822,550,1.0,0.34906666666666664,23699,23800,0.0003,50.0,1.2444082498550415,,
480,43,-3.4002737998962402,0.042693283408880234,-2.0,0.003932963591068983,554,1.0,0.352,23899,24000,0.0003,50.0,-0.46957504749298096,,
484,43,-3.348590850830078,0.035130564123392105,-2.04,0.0037607888225466013,559,1.0,0.3549333333333333,24099,24200,0.0003,50.0,0.3707364797592163,,
488,43,-3.399643898010254,0.04349973052740097,-2.05,0.0036964924074709415,563,1.0,0.35786666666666667,24299,24400,0.0003,50.0,-1.0486910343170166,,
492,43,-3.427745819091797,0.04315842688083649,-2.02,0.00367434648796916,568,1.0,0.3608,24499,24600,0.0003,50.0,0.026054292917251587,,
496,43,-3.1928179264068604,0.03877745941281319,-2.01,0.003625989891588688,572,1.0,0.3637333333333333,24699,24800,0.0003,50.0,-0.9898391366004944,,
500,43,-3.37104868888855,0.04345638304948807,-2.02,0.0036096996627748013,579,1.0,0.36666666666666664,24899,25000,0.0003,50.0,-2.0384323596954346,0.010977921218995249,1.0
504,43,-3.318115711212158,0.04377199336886406,-2.05,0.0035417373292148113,584,1.0,0.3696,25099,25200,0.0003,50.0,2.5468573570251465,,
508,43,-3.3206138610839844,0.055176250636577606,-2.06,0.003483131993561983,589,1.0,0.3725333333333333,25299,25400,0.0003,50.0,-1.4162678718566895,,
512,43,-3.0423743724823,0.040054064244031906,-2.05,0.003450037445873022,593,1.0,0.37546666666666667,25499,25600,0.0003,50.0,1.5157840251922607,,
516,43,-3.180898666381836,0.044093772768974304,-2.03,0.0034742276184260845,597,1.0,0.3784,25699,25800,0.0003,50.0,0.26501479744911194,,
520,43,-3.3100593090057373,0.025838259607553482,-2.02,0.003409560536965728,602,1.0,0.3813333333333333,25899,26000,0.0003,50.0,-1.6226587295532227,,
524,43,-3.126274585723877,0.03702743351459503,-2.01,0.003326460951939225,607,1.0,0.38426666666666665,26099,26200,0.0003,50.0,-0.07458996772766113,,
528,43,-3.171248197555542,0.033277738839387894,-2.05,0.003286795923486352,611,1.0,0.3872,26299,26400,0.0003,50.0,-0.7847177386283875,,
532,43,-3.2740256786346436,0.03229378163814545,-2.08,0.003228388726711273,616,1.0,0.39013333333333333,26499,26600,0.0003,50.0,-2.1984968185424805,,
536,43,-3.1686606407165527,0.035900846123695374,-2.09,0.0031705128494650126,620,1.0,0.3930666666666667,26699,26800,0.0003,50.0,0.12457287311553955,,
540,43,-3.1634154319763184,0.028243601322174072,-2.07,0.0031441107857972383,625,1.0,0.39599999999999996,26899,27000,0.0003,50.0,0.8491454720497131,,
544,43,-3.1677815914154053,0.03535522148013115,-2.13,0.0031387435737997293,629,1.0,0.3989333333333333,27099,27200,0.0003,50.0,-0.9136160612106323,,
548,43,-3.265831232070923,0.03176706284284592,-2.14,0.003104700706899166,634,1.0,0.40186666666666665,27299,27400,0.0003,50.0,-2.658560037612915,,
552,43,-3.114542007446289,0.031239651143550873,-2.13,0.0030942028388381004,638,1.0,0.4048,27499,27600,0.0003,50.0,0.003299891948699951,,
556,43,-3.037191390991211,0.038596950471401215,-2.15,0.0030680762138217688,643,1.0,0.40773333333333334,27699,27800,0.0003,50.0,1.4987529516220093,,
560,43,-3.1662425994873047,0.029970891773700714,-2.1,0.0030060699209570885,647,1.0,0.4106666666666667,27899,28000,0.0003,50.0,-2.5692715644836426,,
564,43,-3.120558738708496,0.03294430673122406,-2.07,0.0028886119835078716,652,1.0,0.41359999999999997,28099,28200,0.0003,50.0,-2.472860097885132,,
568,43,-2.935044765472412,0.037793759256601334,-2.1,0.002800184767693281,656,1.0,0.4165333333333333,28299,28400,0.0003,50.0,0.8890539407730103,,
572,43,-2.9592080116271973,0.03460562974214554,-2.12,0.0027566589415073395,661,1.0,0.41946666666666665,28499,28600,0.0003,50.0,0.3212709426879883,,
576,43,-2.9650962352752686,0.0445842519402504,-2.12,0.0027460833080112934,666,1.0,0.4224,28699,28800,0.0003,50.0,0.6687840223312378,,
580,43,-2.9280197620391846,0.03314937651157379,-2.13,0.0027408478781580925,670,1.0,0.42533333333333334,28899,29000,0.0003,50.0,0.33502137660980225,,
584,43,-2.95847749710083,0.03624282777309418,-2.11,0.002727018902078271,675,1.0,0.42826666666666663,29099,29200,0.0003,50.0,-0.8041400909423828,,
588,43,-2.9069926738739014,0.038956671953201294,-2.1,0.0026980808470398188,679,1.0,0.43119999999999997,29299,29400,0.0003,50.0,-1.3210442066192627,,
592,43,-2.9568872451782227,0.032281797379255295,-2.1,0.0026814087759703398,684,1.0,0.4341333333333333,29499,29600,0.0003,50.0,0.3912789225578308,,
596,43,-2.763430118560791,0.03391614928841591,-2.07,0.002624981803819537,689,1.0,0.43706666666666666,29699,29800,0.0003,50.0,2.058074951171875,,
600,43,-2.8016583919525146,0.02425619587302208,-2.1,0.002542718080803752,696,1.0,0.44,29899,30000,0.0003,50.0,0.15202540159225464,0.007248784118390335,1.0
604,43,-2.8793745040893555,0.027364514768123627,-2.1,0.0025005326606333256,700,1.0,0.44293333333333335,30099,30200,0.0003,50.0,-1.1436275243759155,,
608,43,-2.7872908115386963,0.03509955480694771,-2.08,0.0025155439507216215,705,1.0,0.44586666666666663,30299,30400,0.0003,50.0,-0.0997624397277832,,
612,43,-2.694117784500122,0.03227313980460167,-2.11,0.0025581582449376583,709,1.0,0.4488,30499,30600,0.0003,50.0,2.3699307441711426,,
616,43,-2.807528018951416,0.03229216858744621,-2.15,0.0024887218605726957,714,1.0,0.4517333333333333,30699,30800,0.0003,50.0,0.005723863840103149,,
620,43,-2.9769394397735596,0.04207957163453102,-2.12,0.0024446400348097086,718,1.0,0.45466666666666666,30899,31000,0.0003,50.0,-0.43834057450294495,,
624,43,-2.767692804336548,0.027283232659101486,-2.13,0.002427963772788644,723,1.0,0.4576,31099,31200,0.0003,50.0,-1.0142841339111328,,
628,43,-2.7264177799224854,0.041375063359737396,-2.1,0.0024100227747112513,727,1.0,0.4605333333333333,31299,31400,0.0003,50.0,3.1136765480041504,,
632,43,-2.721210479736328,0.030964171513915062,-2.07,0.002442258642986417,732,1.0,0.46346666666666664,31499,31600,0.0003,50.0,1.1016390323638916,,
636,43,-2.6357970237731934,0.024738121777772903,-2.05,0.0024586310610175133,736,1.0,0.4664,31699,31800,0.0003,50.0,0.8585509061813354,,
640,43,-2.672279119491577,0.030962366610765457,-2.07,0.0024412106722593307,741,1.0,0.4693333333333333,31899,32000,0.0003,50.0,-2.074740409851074,,
644,43,-2.6905016899108887,0.029882021248340607,-1.98,0.002422275487333536,745,1.0,0.47226666666666667,32099,32200,0.0003,50.0,-0.05229315161705017,,
648,43,-2.683288812637329,0.028244588524103165,-1.96,0.0024147124495357275,750,1.0,0.4752,32299,32400,0.0003,50.0,-0.2520502209663391,,
652,43,-2.6737444400787354,0.02839771658182144,-2.04,0.002482868731021881,755,1.0,0.4781333333333333,32499,32600,0.0003,50.0,1.871849775314331,,
656,43,-2.6788437366485596,0.02900945395231247,-2.03,0.0024824391584843397,759,1.0,0.48106666666666664,32699,32800,0.0003,50.0,-0.2965816855430603,,
660,43,-2.547875165939331,0.03224986046552658,-2.09,0.002491970779374242,764,1.0,0.484,32899,33000,0.0003,50.0,1.2818303108215332,,
664,43,-2.802860975265503,0.03317892551422119,-2.13,0.0024567325599491596,768,1.0,0.48693333333333333,33099,33200,0.0003,50.0,-3.3775737285614014,,
668,43,-2.5697121620178223,0.025803234428167343,-2.08,0.0024349107407033443,773,1.0,0.4898666666666667,33299,33400,0.0003,50.0,3.169145107269287,,
672,43,-2.8681211471557617,0.035698145627975464,-2.07,0.0023949514143168926,777,1.0,0.49279999999999996,33499,33600,0.0003,50.0,-1.2596993446350098,,
676,43,-2.71248197555542,0.02768486924469471,-2.07,0.0023944410495460033,782,1.0,0.4957333333333333,33699,33800,0.0003,50.0,0.6171593070030212,,
680,43,-2.6204514503479004,0.028166037052869797,-2.04,0.002391516463831067,786,1.0,0.49866666666666665,33899,34000,0.0003,50.0,1.4643125534057617,,
684,43,-2.3146119117736816,0.03874717652797699,-2.07,0.0024314974434673786,791,1.0,0.5015999999999999,34099,34200,0.0003,50.0,0.3358742594718933,,
688,43,-2.6031956672668457,0.03264281898736954,-2.05,0.0023961986880749464,795,1.0,0.5045333333333333,34299,34400,0.0003,50.0,-0.2990047335624695,,
692,43,-2.561756134033203,0.031028151512145996,-2.04,0.00236054346896708,800,1.0,0.5074666666666666,34499,34600,0.0003,50.0,-2.394659996032715,,
696,43,-2.4178640842437744,0.032746460288763046,-2.05,0.002299595158547163,805,1.0,0.5104,34699,34800,0.0003,50.0,-1.064239501953125,,
700,43,-2.3819777965545654,0.02986082434654236,-2.03,0.002225835109129548,811,1.0,0.5133333333333333,34899,35000,0.0003,50.0,3.0435242652893066,0.02246219772093582,1.0
704,43,-2.6067538261413574,0.025906383991241455,-2.05,0.0022396084386855364,816,1.0,0.5162666666666667,35099,35200,0.0003,50.0,0.3409544825553894,,
708,43,-2.471575975418091,0.037284642457962036,-2.02,0.0022104205563664436,820,1.0,0.5192,35299,35400,0.0003,50.0,-1.0257084369659424,,
712,43,-2.466675043106079,0.027410339564085007,-2.01,0.002217442961409688,825,1.0,0.5221333333333333,35499,35600,0.0003,50.0,1.3082678318023682,,
716,43,-2.3914401531219482,0.031202737241983414,-2.05,0.0022098019253462553,829,1.0,0.5250666666666667,35699,35800,0.0003,50.0,0.7672473788261414,,
720,43,-2.37956166267395,0.036201342940330505,-2.13,0.0022647681180387735,834,1.0,0.528,35899,36000,0.0003,50.0,0.23770228028297424,,
724,43,-2.331883430480957,0.03689150512218475,-2.12,0.0022457498125731945,839,1.0,0.5309333333333334,36099,36200,0.0003,50.0,0.8388209342956543,,
728,43,-2.216841697692871,0.027437575161457062,-2.14,0.00217541866004467,843,1.0,0.5338666666666666,36299,36400,0.0003,50.0,-1.6380045413970947,,
732,43,-2.4054250717163086,0.02365388721227646,-2.18,0.002132725901901722,848,1.0,0.5367999999999999,36499,36600,0.0003,50.0,0.411581814289093,,
736,43,-2.3383963108062744,0.02987191267311573,-2.22,0.002079324796795845,852,1.0,0.5397333333333333,36699,36800,0.0003,50.0,0.43407848477363586,,
740,43,-2.581676959991455,0.03348686173558235,-2.22,0.002016473328694701,857,1.0,0.5426666666666666,36899,37000,0.0003,50.0,-0.6234681010246277,,
744,43,-2.375214099884033,0.030221939086914062,-2.3,0.0020270422101020813,861,1.0,0.5456,37099,37200,0.0003,50.0,-1.8631651401519775,,
748,43,-2.3093295097351074,0.0298418328166008,-2.35,0.0020373768638819456,866,1.0,0.5485333333333333,37299,37400,0.0003,50.0,0.2970462441444397,,
752,43,-2.373182535171509,0.02591828443109989,-2.34,0.0020792840514332056,870,1.0,0.5514666666666667,37499,37600,0.0003,50.0,-2.4575037956237793,,
756,43,-2.275235652923584,0.029063064604997635,-2.35,0.0020157427061349154,875,1.0,0.5544,37699,37800,0.0003,50.0,-0.04067826271057129,,
760,43,-2.289731979370117,0.026161417365074158,-2.36,0.001992648234590888,879,1.0,0.5573333333333333,37899,38000,0.0003,50.0,1.5336122512817383,,
764,43,-2.3055901527404785,0.03034544736146927,-2.34,0.002021183492615819,884,1.0,0.5602666666666667,38099,38200,0.0003,50.0,0.9842644333839417,,
768,43,-2.3323957920074463,0.02318980172276497,-2.37,0.0020349195692688227,888,1.0,0.5632,38299,38400,0.0003,50.0,0.5950809717178345,,
772,43,-2.281964063644409,0.03479667380452156,-2.41,0.0020370271522551775,893,1.0,0.5661333333333333,38499,38600,0.0003,50.0,0.4841757118701935,,
776,43,-2.2346432209014893,0.030557427555322647,-2.42,0.0019677048549056053,898,1.0,0.5690666666666666,38699,38800,0.0003,50.0,-0.11717557907104492,,
780,43,-2.173095941543579,0.02346879430115223,-2.43,0.0019750306382775307,902,1.0,0.572,38899,39000,0.0003,50.0,0.8945302963256836,,
784,43,-2.3668689727783203,0.025906989350914955,-2.45,0.0019706664606928825,907,1.0,0.5749333333333333,39099,39200,0.0003,50.0,-2.8158438205718994,,
788,43,-2.1813340187072754,0.025777272880077362,-2.49,0.0019331134390085936,912,1.0,0.5778666666666666,39299,39400,0.0003,50.0,-0.9614540338516235,,
792,43,-2.1717724800109863,0.018320176750421524,-2.51,0.0018768694717437029,916,1.0,0.5808,39499,39600,0.0003,50.0,-2.3069443702697754,,
796,43,-2.0467326641082764,0.021606452763080597,-2.56,0.0019200913375243545,921,1.0,0.5837333333333333,39699,39800,0.0003,50.0,3.645953416824341,,
800,43,-2.2548670768737793,0.028166182339191437,-2.57,0.001917246961966157,927,1.0,0.5866666666666667,39899,40000,0.0003,50.0,-3.20575213432312,0.014059987279969623,1.0
804,43,-2.234147071838379,0.026195136830210686,-2.54,0.0019014154095202684,932,1.0,0.5896,40099,40200,0.0003,50.0,0.5014252662658691,,
808,43,-2.1088171005249023,0.028245847672224045,-2.62,0.0019298255210742354,937,1.0,0.5925333333333334,40299,40400,0.0003,50.0,0.1711774468421936,,
812,43,-2.0606272220611572,0.02392646297812462,-2.62,0.001935371314175427,941,1.0,0.5954666666666667,40499,40600,0.0003,50.0,-0.9799926280975342,,
816,43,-2.2262494564056396,0.027020443230867386,-2.6,0.0018974600825458765,946,1.0,0.5983999999999999,40699,40800,0.0003,50.0,-1.7834951877593994,,
820,43,-2.1878774166107178,0.03292030096054077,-2.55,0.0018863988807424903,951,1.0,0.6013333333333333,40899,41000,0.0003,50.0,-0.9313197135925293,,
824,43,-1.9303932189941406,0.028639577329158783,-2.65,0.0019040219485759735,955,0.9900000095367432,0.6042666666666666,41099,41200,0.0003,50.0,-0.9665240049362183,,
828,43,-2.0251667499542236,0.02886861190199852,-2.63,0.0019193196203559637,960,0.9900000095367432,0.6072,41299,41400,0.0003,50.0,3.2938942909240723,,
832,43,-2.265695810317993,0.02854081057012081,-2.6,0.0019568658899515867,964,0.9900000095367432,0.6101333333333333,41499,41600,0.0003,50.0,-0.1631610095500946,,
836,43,-2.1827752590179443,0.020608294755220413,-2.59,0.0019010092364624143,969,0.9800000190734863,0.6130666666666666,41699,41800,0.0003,50.0,-4.576174259185791,,
840,43,-2.1300055980682373,0.01832292415201664,-2.64,0.0018731652526184916,973,0.9800000190734863,0.616,41899,42000,0.0003,50.0,1.1422661542892456,,
844,43,-2.0159218311309814,0.027860373258590698,-2.66,0.0019184055272489786,978,0.9800000190734863,0.6189333333333333,42099,42200,0.0003,50.0,0.49156713485717773,,
848,43,-2.087655544281006,0.022299885749816895,-2.67,0.0019252730999141932,983,0.9800000190734863,0.6218666666666667,42299,42400,0.0003,50.0,-3.637728452682495,,
852,43,-2.1166653633117676,0.021990537643432617,-2.61,0.001903908560052514,988,0.9800000190734863,0.6248,42499,42600,0.0003,50.0,-0.12918394804000854,,
856,43,-1.907544732093811,0.028994444757699966,-2.62,0.0018653287552297115,992,0.9800000190734863,0.6277333333333334,42699,42800,0.0003,50.0,1.0292505025863647,,
860,43,-2.1448042392730713,0.02135603502392769,-2.58,0.00183783657848835,997,0.9800000190734863,0.6306666666666666,42899,43000,0.0003,50.0,-1.9591678380966187,,
864,43,-1.99982488155365,0.020944317802786827,-2.64,0.0018077506683766842,1001,0.9800000190734863,0.6335999999999999,43099,43200,0.0003,50.0,-2.39284610748291,,
868,43,-1.996071696281433,0.03192548826336861,-2.69,0.0017915184143930674,1006,0.9800000190734863,0.6365333333333333,43299,43400,0.0003,50.0,-1.9492442607879639,,
872,43,-2.004671573638916,0.02798207476735115,-2.66,0.0017314308788627386,1011,0.9800000190734863,0.6394666666666666,43499,43600,0.0003,50.0,2.355626106262207,,
876,43,-2.2032957077026367,0.01896657422184944,-2.65,0.0017376788891851902,1015,0.9800000190734863,0.6424,43699,43800,0.0003,50.0,-2.4426472187042236,,
880,43,-1.9568114280700684,0.030220095068216324,-2.73,0.001783268991857767,1020,0.9800000190734863,0.6453333333333333,43899,44000,0.0003,50.0,-1.7155064344406128,,
884,43,-2.015958786010742,0.02656358852982521,-2.81,0.0018271247390657663,1024,0.9800000190734863,0.6482666666666667,44099,44200,0.0003,50.0,4.5577497482299805,,
888,43,-1.9107292890548706,0.023872729390859604,-2.87,0.0019007418304681778,1029,0.9800000190734863,0.6512,44299,44400,0.0003,50.0,1.60507071018219,,
892,43,-2.0474648475646973,0.031346384435892105,-3.14,0.001914650434628129,1033,0.9700000286102295,0.6541333333333333,44499,44600,0.0003,50.0,-2.0822901725769043,,
896,43,-2.000189781188965,0.021481655538082123,-3.18,0.0018878098344430327,1038,0.9700000286102295,0.6570666666666667,44699,44800,0.0003,50.0,-1.6492758989334106,,
900,43,-1.8755494356155396,0.024808300659060478,-3.23,0.0018362002447247505,1044,0.9599999785423279,0.66,44899,45000,0.0003,50.0,2.017890691757202,0.02495460298439544,1.0
904,43,-1.9382318258285522,0.03271924704313278,-3.24,0.0018360461108386517,1049,0.9599999785423279,0.6629333333333333,45099,45200,0.0003,50.0,-0.29343563318252563,,
908,43,-1.9170541763305664,0.027964655309915543,-3.58,0.0018575789872556925,1053,0.9399999976158142,0.6658666666666666,45299,45400,0.0003,50.0,-0.4835304617881775,,
912,43,-1.9516139030456543,0.02431623637676239,-3.62,0.0018256563926115632,1058,0.9399999976158142,0.6688,45499,45600,0.0003,50.0,-2.3428103923797607,,
916,43,-1.825217366218567,0.0291583314538002,-3.58,0.0017779810586944222,1063,0.9399999976158142,0.6717333333333333,45699,45800,0.0003,50.0,-0.9218206405639648,,
920,43,-1.8499255180358887,0.016232546418905258,-3.69,0.001766009721904993,1067,0.9399999976158142,0.6746666666666666,45899,46000,0.0003,50.0,3.8941309452056885,,
924,43,-2.0117287635803223,0.03386548161506653,-3.63,0.001806604559533298,1072,0.949999988079071,0.6776,46099,46200,0.0003,50.0,-1.7633707523345947,,
928,43,-1.7991719245910645,0.02699635550379753,-3.89,0.0018254178576171398,1076,0.9399999976158142,0.6805333333333333,46299,46400,0.0003,50.0,-1.424919605255127,,
932,43,-1.9209318161010742,0.024383332580327988,-3.86,0.0017838311614468694,1081,0.9399999976158142,0.6834666666666667,46499,46600,0.0003,50.0,-2.3358631134033203,,
936,43,-1.9775395393371582,0.02386254072189331,-3.89,0.0017226876225322485,1085,0.949999988079071,0.6864,46699,46800,0.0003,50.0,-2.6555981636047363,,
940,43,-2.038496494293213,0.01897018775343895,-3.86,0.0017365291714668274,1090,0.949999988079071,0.6893333333333334,46899,47000,0.0003,50.0,-1.0995121002197266,,
944,43,-1.7718957662582397,0.030900919809937477,-3.82,0.0017253848491236567,1094,0.949999988079071,0.6922666666666667,47099,47200,0.0003,50.0,4.345884323120117,,
948,43,-2.016979455947876,0.02613932266831398,-3.79,0.0017156425165012479,1099,0.949999988079071,0.6951999999999999,47299,47400,0.0003,50.0,0.3111523389816284,,
952,43,-1.9394173622131348,0.025256041437387466,-3.97,0.0017374732997268438,1103,0.949999988079071,0.6981333333333333,47499,47600,0.0003,50.0,2.372426748275757,,
956,43,-1.8513784408569336,0.028131991624832153,-4.08,0.001767774811014533,1108,0.949999988079071,0.7010666666666666,47699,47800,0.0003,50.0,-1.1776163578033447,,
960,43,-1.929856538772583,0.018686695024371147,-4.15,0.0017305939691141248,1112,0.949999988079071,0.704,47899,48000,0.0003,50.0,-1.3949017524719238,,
964,43,-1.8660978078842163,0.025273751467466354,-4.27,0.0017403456149622798,1117,0.9399999976158142,0.7069333333333333,48099,48200,0.0003,50.0,-0.06415694952011108,,
968,43,-1.9117321968078613,0.02924945019185543,-4.3,0.0017186139011755586,1121,0.9399999976158142,0.7098666666666666,48299,48400,0.0003,50.0,0.4303157925605774,,
972,43,-1.893952488899231,0.02919284999370575,-4.41,0.001691713579930365,1126,0.9399999976158142,0.7128,48499,48600,0.0003,50.0,-3.9248642921447754,,
976,43,-1.8865485191345215,0.02580150216817856,-4.51,0.0016946782125160098,1130,0.9399999976158142,0.7157333333333333,48699,48800,0.0003,50.0,-1.1963274478912354,,
980,43,-1.7528643608093262,0.04286537319421768,-4.6,0.0017196107655763626,1135,0.9399999976158142,0.7186666666666667,48899,49000,0.0003,50.0,0.9715195894241333,,
984,43,-1.8311920166015625,0.022896042093634605,-4.51,0.0017437356291338801,1139,0.9399999976158142,0.7216,49099,49200,0.0003,50.0,1.4984757900238037,,
988,43,-1.844598650932312,0.027671964839100838,-4.57,0.0017765953671187162,1144,0.9399999976158142,0.7245333333333334,49299,49400,0.0003,50.0,-0.5933816432952881,,
992,43,-1.9760159254074097,0.020499300211668015,-4.38,0.0017535863444209099,1148,0.949999988079071,0.7274666666666666,49499,49600,0.0003,50.0,-3.7910959720611572,,
996,43,-1.940802812576294,0.0209883414208889,-4.34,0.0016862876946106553,1153,0.949999988079071,0.7303999999999999,49699,49800,0.0003,50.0,-2.56709885597229,,
1000,43,-1.853467583656311,0.02720899134874344,-4.37,0.0016255495138466358,1160,0.9599999785423279,0.7333333333333333,49899,50000,0.0003,50.0,-1.2969794273376465,0.015645456133980367,1.0
1004,43,-1.9008463621139526,0.025816019624471664,-4.47,0.0016000631731003523,1164,0.9599999785423279,0.7362666666666666,50099,50200,0.0003,50.0,-1.3755779266357422,,
1008,43,-1.7648371458053589,0.03187616541981697,-4.17,0.00155541708227247,1169,0.9800000190734863,0.7392,50299,50400,0.0003,50.0,-2.0773940086364746,,
1012,43,-1.7036821842193604,0.03220217674970627,-4.16,0.0015737563371658325,1174,0.9800000190734863,0.7421333333333333,50499,50600,0.0003,50.0,2.2849931716918945,,
1016,43,-1.779611587524414,0.025670304894447327,-4.52,0.0016289466293528676,1179,0.9700000286102295,0.7450666666666667,50699,50800,0.0003,50.0,0.21654152870178223,,
1020,43,-1.724621295928955,0.018059369176626205,-4.45,0.0016668016323819757,1184,0.9700000286102295,0.748,50899,51000,0.0003,50.0,2.2121806144714355,,
1024,43,-1.7392079830169678,0.027813617140054703,-4.79,0.0017052931943908334,1188,0.9599999785423279,0.7509333333333333,51099,51200,0.0003,50.0,1.0401859283447266,,
1028,43,-1.8158149719238281,0.03183133155107498,-4.78,0.0016378575237467885,1193,0.9700000286102295,0.7538666666666667,51299,51400,0.0003,50.0,-0.6876737475395203,,
1032,43,-1.7772883176803589,0.02603878825902939,-5.03,0.0015838434919714928,1198,0.9700000286102295,0.7568,51499,51600,0.0003,50.0,-2.4378654956817627,,
1036,43,-1.6650948524475098,0.03275167942047119,-5.3,0.001596100628376007,1202,0.949999988079071,0.7597333333333333,51699,51800,0.0003,50.0,3.454557418823242,,
1040,43,-1.6865668296813965,0.036383770406246185,-5.66,0.0016197480726987123,1207,0.9300000071525574,0.7626666666666666,51899,52000,0.0003,50.0,3.683152675628662,,
1044,43,-1.746146321296692,0.030948728322982788,-5.96,0.0015842793509364128,1212,0.9300000071525574,0.7656,52099,52200,0.0003,50.0,-0.8938409686088562,,
1048,43,-1.7554787397384644,0.022491134703159332,-5.93,0.0015667047118768096,1216,0.9300000071525574,0.7685333333333333,52299,52400,0.0003,50.0,-4.861974716186523,,
1052,43,-1.6404163837432861,0.02483336441218853,-5.98,0.0015143105993047357,1221,0.9300000071525574,0.7714666666666666,52499,52600,0.0003,50.0,-0.7229691743850708,,
1056,43,-1.658149003982544,0.03788187354803085,-6.01,0.0015447941841557622,1226,0.9300000071525574,0.7744,52699,52800,0.0003,50.0,-0.7732256650924683,,
1060,43,-1.6249935626983643,0.030147338286042213,-6.14,0.0015081343008205295,1231,0.9200000166893005,0.7773333333333333,52899,53000,0.0003,50.0,-0.4508412182331085,,
1064,43,-1.6683207750320435,0.030156534165143967,-5.95,0.0014856933848932385,1235,0.9300000071525574,0.7802666666666667,53099,53200,0.0003,50.0,1.083831787109375,,
1068,43,-1.5857771635055542,0.03297519311308861,-6.02,0.0014373942976817489,1240,0.9300000071525574,0.7832,53299,53400,0.0003,50.0,2.239732265472412,,
1072,43,-1.5628639459609985,0.01805844157934189,-6.19,0.0014753129798918962,1245,0.9300000071525574,0.7861333333333334,53499,53600,0.0003,50.0,-1.9966827630996704,,
1076,43,-1.5121707916259766,0.028597334399819374,-6.12,0.0014751377748325467,1249,0.9300000071525574,0.7890666666666667,53699,53800,0.0003,50.0,3.7130701541900635,,
1080,43,-1.5682109594345093,0.035288386046886444,-6.01,0.0014843011740595102,1254,0.9300000071525574,0.7919999999999999,53899,54000,0.0003,50.0,1.639888048171997,,
1084,43,-1.7003389596939087,0.027973387390375137,-6.16,0.0014864119002595544,1259,0.9200000166893005,0.7949333333333333,54099,54200,0.0003,50.0,-1.0068638324737549,,
1088,43,-1.5780260562896729,0.03936395049095154,-6.42,0.0014843656681478024,1263,0.9200000166893005,0.7978666666666666,54299,54400,0.0003,50.0,0.7759238481521606,,
1092,43,-1.6640182733535767,0.024382608011364937,-6.7,0.0014549614861607552,1268,0.9200000166893005,0.8008,54499,54600,0.0003,50.0,-2.4020628929138184,,
1096,43,-1.746635913848877,0.0223843976855278,-6.76,0.0013877726159989834,1273,0.9200000166893005,0.8037333333333333,54699,54800,0.0003,50.0,-1.3506386280059814,,
1100,42,-1.65205979347229,0.030076248571276665,-6.8,0.001341325929388404,1280,0.9200000166893005,0.8066666666666666,54899,55000,0.0003,50.0,1.6674494743347168,0.020609306827398324,1.0
1104,42,-1.5088211297988892,0.02908593788743019,-6.72,0.0013827815419062972,1284,0.9200000166893005,0.8096,55099,55200,0.0003,50.0,-2.3750789165496826,,
1108,42,-1.5630117654800415,0.023863062262535095,-6.88,0.0013375193811953068,1289,0.9200000166893005,0.8125333333333333,55299,55400,0.0003,50.0,-2.7092528343200684,,
1112,42,-1.4801054000854492,0.028197918087244034,-7.04,0.0013585168635472655,1294,0.9100000262260437,0.8154666666666667,55499,55600,0.0003,50.0,4.803647994995117,,
1116,42,-1.5883148908615112,0.02323257178068161,-6.84,0.001351917628198862,1298,0.9200000166893005,0.8184,55699,55800,0.0003,50.0,-0.5585653185844421,,
1120,42,-1.3460090160369873,0.022327031940221786,-6.85,0.001335485139861703,1303,0.9200000166893005,0.8213333333333334,55899,56000,0.0003,50.0,-0.28166353702545166,,
1124,42,-1.4639760255813599,0.03201967105269432,-6.64,0.0012891411315649748,1308,0.9200000166893005,0.8242666666666666,56099,56200,0.0003,50.0,0.009238526225090027,,
1128,42,-1.617510199546814,0.02677534520626068,-6.72,0.0012865785975009203,1313,0.9200000166893005,0.8271999999999999,56299,56400,0.0003,50.0,0.6661789417266846,,
1132,42,-1.536895513534546,0.03190381079912186,-6.76,0.001293583307415247,1317,0.9200000166893005,0.8301333333333333,56499,56600,0.0003,50.0,-1.9157415628433228,,
1136,42,-1.479962706565857,0.025478335097432137,-6.61,0.0012867694022133946,1322,0.9399999976158142,0.8330666666666666,56699,56800,0.0003,50.0,-2.1537926197052,,
1140,42,-1.4558899402618408,0.027175642549991608,-6.62,0.001266854233108461,1327,0.9599999785423279,0.836,56899,57000,0.0003,50.0,1.2119526863098145,,
1144,42,-1.4301971197128296,0.04484901949763298,-6.95,0.0012798436218872666,1331,0.949999988079071,0.8389333333333333,57099,57200,0.0003,50.0,0.8900642991065979,,
1148,42,-1.3089299201965332,0.019046861678361893,-7.12,0.001260873512364924,1336,0.9399999976158142,0.8418666666666667,57299,57400,0.0003,50.0,3.5560531616210938,,
1152,42,-1.3844032287597656,0.025419849902391434,-7.44,0.0012540422612801194,1340,0.9300000071525574,0.8448,57499,57600,0.0003,50.0,2.3415687084198,,
1156,42,-1.4124081134796143,0.03140042722225189,-7.7,0.0012661217479035258,1345,0.9200000166893005,0.8477333333333333,57699,57800,0.0003,50.0,3.007068634033203,,
1160,42,-1.3605842590332031,0.029611550271511078,-7.69,0.0012508704094216228,1350,0.9200000166893005,0.8506666666666667,57899,58000,0.0003,50.0,0.2565411627292633,,
1164,42,-1.4177759885787964,0.03249041736125946,-7.74,0.0012375907972455025,1354,0.9200000166893005,0.8536,58099,58200,0.0003,50.0,0.6443613767623901,,
1168,42,-1.5532766580581665,0.03763602674007416,-7.73,0.0012220425996929407,1359,0.9200000166893005,0.8565333333333333,58299,58400,0.0003,50.0,-3.439614772796631,,
1172,42,-1.3313385248184204,0.024429647251963615,-7.59,0.0012390859192237258,1363,0.9200000166893005,0.8594666666666666,58499,58600,0.0003,50.0,-1.8400017023086548,,
1176,42,-1.2011170387268066,0.027751479297876358,-8.19,0.0012126123765483499,1368,0.8899999856948853,0.8623999999999999,58699,58800,0.0003,50.0,-2.669508934020996,,
1180,42,-1.3482155799865723,0.030782455578446388,-8.67,0.0011931740446016192,1373,0.8799999952316284,0.8653333333333333,58899,59000,0.0003,50.0,2.6359329223632812,,
1184,42,-1.3574753999710083,0.029680822044610977,-8.56,0.0012095430865883827,1377,0.8899999856948853,0.8682666666666666,59099,59200,0.0003,50.0,-2.2549819946289062,,
1188,42,-1.3788851499557495,0.03624861314892769,-8.77,0.0012196244206279516,1382,0.8799999952316284,0.8712,59299,59400,0.0003,50.0,0.6792823076248169,,
1192,42,-1.2694354057312012,0.041496653109788895,-9.07,0.0012133169220760465,1386,0.8799999952316284,0.8741333333333333,59499,59600,0.0003,50.0,-0.3722083270549774,,
1196,42,-1.4147610664367676,0.03926093131303787,-9.48,0.0012384462170302868,1391,0.8799999952316284,0.8770666666666667,59699,59800,0.0003,50.0,1.1042715311050415,,
1200,42,-1.5043909549713135,0.04440990835428238,-9.71,0.0012399128172546625,1398,0.8700000047683716,0.88,59899,60000,0.0003,50.0,-3.317659854888916,0.01780775547417234,1.0
1204,42,-1.3075313568115234,0.04329874366521835,-9.92,0.0012197488686069846,1402,0.8700000047683716,0.8829333333333333,60099,60200,0.0003,50.0,-2.8841381072998047,,
1208,42,-1.2569878101348877,0.029431775212287903,-10.24,0.0012187379179522395,1407,0.8500000238418579,0.8858666666666667,60299,60400,0.0003,50.0,1.6015487909317017,,
1212,42,-1.139371633529663,0.04087899625301361,-10.44,0.001202027196995914,1412,0.8500000238418579,0.8887999999999999,60499,60600,0.0003,50.0,0.6525084972381592,,
1216,42,-1.2638537883758545,0.031012918800115585,-10.83,0.0011906222207471728,1416,0.8399999737739563,0.8917333333333333,60699,60800,0.0003,50.0,-3.15004301071167,,
1220,42,-1.2502741813659668,0.03622050955891609,-11.1,0.0011594041716307402,1421,0.8199999928474426,0.8946666666666666,60899,61000,0.0003,50.0,-3.253507614135742,,
1224,42,-1.1996877193450928,0.05831373482942581,-11.29,0.001172040356323123,1425,0.8299999833106995,0.8976,61099,61200,0.0003,50.0,2.0762815475463867,,
1228,42,-1.291550636291504,0.027412094175815582,-11.3,0.0011912861373275518,1430,0.8299999833106995,0.9005333333333333,61299,61400,0.0003,50.0,-0.6132131218910217,,
1232,42,-1.1788734197616577,0.025333087891340256,-11.5,0.0011827517300844193,1435,0.8199999928474426,0.9034666666666666,61499,61600,0.0003,50.0,-0.37901556491851807,,
1236,42,-1.3020472526550293,0.022856425493955612,-11.93,0.0011776778846979141,1439,0.8100000023841858,0.9064,61699,61800,0.0003,50.0,-3.479966163635254,,
1240,42,-1.1319172382354736,0.040485575795173645,-12.47,0.0011542212450876832,1444,0.7900000214576721,0.9093333333333333,61899,62000,0.0003,50.0,-2.04742693901062,,
1244,42,-1.1537104845046997,0.04124490171670914,-12.66,0.0011576684191823006,1448,0.7900000214576721,0.9122666666666667,62099,62200,0.0003,50.0,-1.53041410446167,,
1248,42,-1.2219862937927246,0.03704391047358513,-12.99,0.0011195404222235084,1453,0.7900000214576721,0.9152,62299,62400,0.0003,50.0,-0.9696921110153198,,
1252,42,-1.237608790397644,0.04836171120405197,-12.6,0.001152748242020607,1457,0.800000011920929,0.9181333333333334,62499,62600,0.0003,50.0,-2.4126338958740234,,
1256,42,-1.1349472999572754,0.03919766843318939,-12.81,0.0011779608903452754,1462,0.800000011920929,0.9210666666666666,62699,62800,0.0003,50.0,-1.4627501964569092,,
1260,42,-1.0405882596969604,0.04413766413927078,-13.0,0.0011765905655920506,1467,0.8100000023841858,0.9239999999999999,62899,63000,0.0003,50.0,2.8824310302734375,,
1264,42,-1.2829962968826294,0.03428621590137482,-13.86,0.0011562086874619126,1471,0.7900000214576721,0.9269333333333333,63099,63200,0.0003,50.0,-4.572532653808594,,
1268,42,-1.0917799472808838,0.04357341676950455,-14.27,0.001148109557107091,1476,0.7900000214576721,0.9298666666666666,63299,63400,0.0003,50.0,-2.882544994354248,,
1272,42,-1.0023534297943115,0.04264078661799431,-14.62,0.0011361321667209268,1480,0.7799999713897705,0.9328,63499,63600,0.0003,50.0,2.9688661098480225,,
1276,42,-0.9886206984519958,0.05104716867208481,-14.89,0.0011558542028069496,1485,0.7900000214576721,0.9357333333333333,63699,63800,0.0003,50.0,1.804378628730774,,
1280,42,-0.9804970026016235,0.041778385639190674,-15.09,0.0011768352705985308,1489,0.7900000214576721,0.9386666666666666,63899,64000,0.0003,50.0,4.085230350494385,,
1284,42,-1.0523135662078857,0.0494508370757103,-15.13,0.0012176817981526256,1494,0.7900000214576721,0.9416,64099,64200,0.0003,50.0,0.7341563701629639,,
1288,42,-1.105345368385315,0.04176304116845131,-15.11,0.001235023490153253,1499,0.800000011920929,0.9445333333333333,64299,64400,0.0003,50.0,-2.5406627655029297,,
1292,42,-1.0835216045379639,0.041139185428619385,-15.13,0.0012226051185280085,1504,0.7900000214576721,0.9474666666666667,64499,64600,0.0003,50.0,0.4446943998336792,,
1296,42,-1.0365289449691772,0.04136507958173752,-14.85,0.0012847534380853176,1508,0.7799999713897705,0.9504,64699,64800,0.0003,50.0,1.0799055099487305,,
1300,42,-1.133764624595642,0.046186212450265884,-14.78,0.001301610842347145,1515,0.7900000214576721,0.9533333333333333,64899,65000,0.0003,50.0,-1.459446668624878,0.016861584209339406,1.0
1304,42,-0.8831868171691895,0.03799170255661011,-14.75,0.001325153629295528,1520,0.7900000214576721,0.9562666666666666,65099,65200,0.0003,50.0,4.1168718338012695,,
1308,42,-0.954649031162262,0.0315481498837471,-14.34,0.001322650583460927,1525,0.800000011920929,0.9591999999999999,65299,65400,0.0003,50.0,3.7804512977600098,,
1312,42,-1.042716145515442,0.06426490843296051,-14.36,0.0013183166738599539,1529,0.800000011920929,0.9621333333333333,65499,65600,0.0003,50.0,-2.3445138931274414,,
1316,42,-1.1466032266616821,0.04103989899158478,-14.85,0.0013087879633530974,1534,0.800000011920929,0.9650666666666666,65699,65800,0.0003,50.0,-0.9689810276031494,,
1320,42,-0.8890617489814758,0.04187604784965515,-14.55,0.001293553737923503,1539,0.8199999928474426,0.968,65899,66000,0.0003,50.0,3.0346500873565674,,
1324,42,-0.912462592124939,0.04792027175426483,-14.95,0.0013109184801578522,1543,0.800000011920929,0.9709333333333333,66099,66200,0.0003,50.0,-1.772550344467163,,
1328,42,-0.8526983857154846,0.0433623269200325,-15.02,0.0012908069184049964,1548,0.7900000214576721,0.9738666666666667,66299,66400,0.0003,50.0,1.7347893714904785,,
1332,42,-1.022632122039795,0.05485716462135315,-15.46,0.0013127306010574102,1552,0.7799999713897705,0.9768,66499,66600,0.0003,50.0,0.2860027849674225,,
1336,42,-0.852041482925415,0.04777307063341141,-15.56,0.0013145371340215206,1557,0.7699999809265137,0.9797333333333333,66699,66800,0.0003,50.0,1.0977280139923096,,
1340,42,-0.9040873050689697,0.04818028211593628,-15.66,0.001331272884272039,1562,0.7699999809265137,0.9826666666666667,66899,67000,0.0003,50.0,-4.049548625946045,,
1344,42,-0.8773181438446045,0.04138874262571335,-15.43,0.0013119615614414215,1566,0.7699999809265137,0.9855999999999999,67099,67200,0.0003,50.0,3.202413320541382,,
1348,42,-0.956962525844574,0.0407596230506897,-15.49,0.0013248857576400042,1571,0.7799999713897705,0.9885333333333333,67299,67400,0.0003,50.0,-1.7466527223587036,,
1352,42,-0.8251791000366211,0.04934129863977432,-16.3,0.0012815308291465044,1575,0.7599999904632568,0.9914666666666666,67499,67600,0.0003,50.0,-0.3923317790031433,,
1356,42,-0.8908777832984924,0.03100028820335865,-16.51,0.0012846480822190642,1580,0.75,0.9944,67699,67800,0.0003,50.0,-1.2090861797332764,,
1360,42,-0.8002915382385254,0.05141663923859596,-16.34,0.0013257546816021204,1585,0.75,0.9973333333333333,67899,68000,0.0003,50.0,0.4281947612762451,,
1364,42,-0.8899922370910645,0.05330631509423256,-16.15,0.001359249697998166,1589,0.7599999904632568,1.0002666666666666,68099,68200,0.0003,50.0,1.3085906505584717,,
1368,42,-0.8250951170921326,0.06497097760438919,-15.94,0.0013713018270209432,1594,0.7599999904632568,1.0031999999999999,68299,68400,0.0003,50.0,0.3509511351585388,,
1372,42,-0.8535029888153076,0.046930380165576935,-16.2,0.001363307936117053,1599,0.7599999904632568,1.0061333333333333,68499,68600,0.0003,50.0,0.008064448833465576,,
1376,42,-0.8197389841079712,0.07809322327375412,-15.85,0.0013982702512294054,1603,0.7699999809265137,1.0090666666666666,68699,68800,0.0003,50.0,-1.2561430931091309,,
1380,42,-0.828870415687561,0.04734821245074272,-16.58,0.0014203819446265697,1608,0.75,1.012,68899,69000,0.0003,50.0,2.5529584884643555,,
1384,42,-0.8084480166435242,0.03813488781452179,-17.19,0.0014338920591399074,1613,0.7300000190734863,1.0149333333333332,69099,69200,0.0003,50.0,0.671228289604187,,
1388,42,-0.6328859925270081,0.04970456287264824,-17.29,0.0014251676620915532,1617,0.7300000190734863,1.0178666666666667,69299,69400,0.0003,50.0,2.868626594543457,,
1392,42,-0.7080134749412537,0.051675260066986084,-17.89,0.0014270961983129382,1622,0.7200000286102295,1.0208,69499,69600,0.0003,50.0,2.9444475173950195,,
1396,42,-0.8521358966827393,0.046955276280641556,-18.15,0.0014227245701476932,1626,0.7200000286102295,1.0237333333333334,69699,69800,0.0003,50.0,-3.5129566192626953,,
1400,42,-0.7347366213798523,0.06087141111493111,-19.14,0.0014489346649497747,1633,0.699999988079071,1.0266666666666666,69899,70000,0.0003,50.0,1.111319661140442,0.019958395315646832,1.0
1404,42,-0.6665352582931519,0.033148616552352905,-19.54,0.001505107618868351,1638,0.6899999976158142,1.0296,70099,70200,0.0003,50.0,-0.8728051781654358,,
1408,42,-0.8136448860168457,0.06516534835100174,-20.65,0.001486666384153068,1642,0.6700000166893005,1.0325333333333333,70299,70400,0.0003,50.0,-1.0334365367889404,,
1412,42,-0.8154035210609436,0.06688286364078522,-20.46,0.0015206760726869106,1647,0.6800000071525574,1.0354666666666665,70499,70600,0.0003,50.0,-0.6011321544647217,,
1416,42,-0.8111123442649841,0.05694231763482094,-20.5,0.0014788557309657335,1651,0.6600000262260437,1.0384,70699,70800,0.0003,50.0,-3.362511396408081,,
1420,42,-0.6873128414154053,0.06463612616062164,-21.66,0.0014700063038617373,1656,0.6399999856948853,1.0413333333333332,70899,71000,0.0003,50.0,0.6981417536735535,,
1424,42,-0.6781248450279236,0.0758456289768219,-20.96,0.0014407038688659668,1661,0.6600000262260437,1.0442666666666667,71099,71200,0.0003,50.0,2.184344530105591,,
1428,42,-0.7459943294525146,0.06701183319091797,-21.08,0.0014468502486124635,1666,0.6600000262260437,1.0472,71299,71400,0.0003,50.0,1.1045223474502563,,
1432,42,-0.8961275815963745,0.06454882025718689,-21.04,0.0014790137065574527,1670,0.6600000262260437,1.0501333333333334,71499,71600,0.0003,50.0,0.578629732131958,,
1436,42,-0.7093597650527954,0.05376408249139786,-21.28,0.0016003195196390152,1675,0.6600000262260437,1.0530666666666666,71699,71800,0.0003,50.0,2.9075710773468018,,
1440,42,-0.7236997485160828,0.05941148102283478,-21.19,0.00167764350771904,1679,0.6700000166893005,1.056,71899,72000,0.0003,50.0,4.668691158294678,,
1444,42,-0.8102574348449707,0.04694826528429985,-20.95,0.0017836032202467322,1684,0.6800000071525574,1.0589333333333333,72099,72200,0.0003,50.0,2.0998337268829346,,
1448,42,-0.5568253397941589,0.09934212267398834,-21.46,0.0017958153039216995,1689,0.6600000262260437,1.0618666666666667,72299,72400,0.0003,50.0,0.07410430908203125,,
1452,42,-0.6875244379043579,0.061543725430965424,-21.73,0.001743715605698526,1693,0.6600000262260437,1.0648,72499,72600,0.0003,50.0,0.03786471486091614,,
1456,42,-0.6824573874473572,0.062334246933460236,-21.02,0.001705325790680945,1698,0.6800000071525574,1.0677333333333332,72699,72800,0.0003,50.0,1.4634318351745605,,
1460,42,-0.6659973859786987,0.06174006313085556,-22.16,0.0017779513727873564,1702,0.6499999761581421,1.0706666666666667,72899,73000,0.0003,50.0,-1.011312484741211,,
1464,42,-0.635951817035675,0.0786161944270134,-21.91,0.0017981468699872494,1707,0.6600000262260437,1.0735999999999999,73099,73200,0.0003,50.0,1.2497626543045044,,
1468,42,-0.723609209060669,0.08542364835739136,-22.67,0.001879959600046277,1712,0.6399999856948853,1.0765333333333333,73299,73400,0.0003,50.0,-0.6151454448699951,,
1472,42,-0.5817806720733643,0.07537975907325745,-22.45,0.0020152630750089884,1716,0.6399999856948853,1.0794666666666666,73499,73600,0.0003,50.0,-0.45582330226898193,,
1476,42,-0.7600931525230408,0.08934102952480316,-22.84,0.002061606151983142,1721,0.6299999952316284,1.0824,73699,73800,0.0003,50.0,0.5292249917984009,,
1480,42,-0.5377921462059021,0.06537260115146637,-22.82,0.0021824578288942575,1726,0.6299999952316284,1.0853333333333333,73899,74000,0.0003,50.0,14.823625564575195,,
1484,42,-0.5787696838378906,0.048556942492723465,-23.87,0.0023207240737974644,1731,0.6200000047683716,1.0882666666666667,74099,74200,0.0003,50.0,4.25541877746582,,
1488,42,-0.53315269947052,0.07801854610443115,-23.93,0.002515463624149561,1735,0.6200000047683716,1.0912,74299,74400,0.0003,50.0,7.9999518394470215,,
1492,42,-0.46341896057128906,0.08889119327068329,-23.6,0.00266140210442245,1740,0.6299999952316284,1.0941333333333334,74499,74600,0.0003,50.0,-1.2418745756149292,,
1496,42,-0.5574028491973877,0.1082792729139328,-23.91,0.0026882695965468884,1745,0.6299999952316284,1.0970666666666666,74699,74800,0.0003,50.0,12.189608573913574,,
1500,42,-0.7738463282585144,0.07078662514686584,-23.69,0.002837232081219554,1752,0.6299999952316284,1.0999999999999999,74899,75000,0.0003,50.0,0.08427578210830688,0.009718304334518153,1.0
1504,42,-0.325398713350296,0.0714082419872284,-24.94,0.002897503087297082,1756,0.6000000238418579,1.1,75099,75200,0.0003,50.0,4.611867427825928,,
1508,42,-0.5653903484344482,0.09731839597225189,-24.62,0.0030911103822290897,1761,0.6100000143051147,1.1,75299,75400,0.0003,50.0,13.778722763061523,,
1512,42,-0.5622482299804688,0.10398150980472565,-25.39,0.003274348797276616,1766,0.5899999737739563,1.1,75499,75600,0.0003,50.0,-1.9163928031921387,,
1516,42,-0.6682968735694885,0.07346995919942856,-24.99,0.0034532651770859957,1770,0.6100000143051147,1.1,75699,75800,0.0003,50.0,14.253503799438477,,
1520,42,-0.4686465263366699,0.1588357388973236,-24.53,0.0035574764478951693,1775,0.6200000047683716,1.1,75899,76000,0.0003,50.0,-6.802841663360596,,
1524,42,-0.804394006729126,0.08099402487277985,-25.03,0.003395420964807272,1780,0.6100000143051147,1.1,76099,76200,0.0003,50.0,-5.744925022125244,,
1528,42,-0.6570590138435364,0.10414314270019531,-26.42,0.003258883021771908,1784,0.5799999833106995,1.1,76299,76400,0.0003,50.0,-9.686055183410645,,
1532,42,-0.5846347808837891,0.11288225650787354,-26.91,0.0031391761731356382,1789,0.5699999928474426,1.1,76499,76600,0.0003,50.0,-4.365211009979248,,
1536,42,-0.7308928370475769,0.06839676201343536,-26.96,0.003017596434801817,1794,0.5699999928474426,1.1,76699,76800,0.0003,50.0,-10.581539154052734,,
1540,42,-0.5540122389793396,0.09187785536050797,-26.77,0.002866080729290843,1798,0.5600000023841858,1.1,76899,77000,0.0003,50.0,-4.545368194580078,,
1544,42,-0.5749570727348328,0.08713921904563904,-26.45,0.002777168294414878,1803,0.5600000023841858,1.1,77099,77200,0.0003,50.0,-2.6259446144104004,,
1548,42,-0.48313993215560913,0.11607222259044647,-26.66,0.0026812490541487932,1807,0.5600000023841858,1.1,77299,77400,0.0003,50.0,-2.575880289077759,,
1552,42,-0.5422846674919128,0.10397543758153915,-26.36,0.0025819744914770126,1812,0.5699999928474426,1.1,77499,77600,0.0003,50.0,-5.323417663574219,,
1556,42,-0.5558816194534302,0.07677512615919113,-27.25,0.002488764701411128,1817,0.5400000214576721,1.1,77699,77800,0.0003,50.0,-5.122063636779785,,
1560,42,-0.4177956283092499,0.12314687669277191,-27.18,0.002409403445199132,1821,0.5400000214576721,1.1,77899,78000,0.0003,50.0,-3.221681833267212,,
1564,42,-0.40802067518234253,0.1064119040966034,-27.25,0.0023057383950799704,1826,0.5299999713897705,1.1,78099,78200,0.0003,50.0,-3.457022190093994,,
1568,42,-0.4136912226676941,0.07745776325464249,-27.03,0.002205395372584462,1831,0.5299999713897705,1.1,78299,78400,0.0003,50.0,1.3701751232147217,,
1572,42,-0.6216831207275391,0.07620300352573395,-27.68,0.002143352059647441,1835,0.5099999904632568,1.1,78499,78600,0.0003,50.0,-3.67689847946167,,
1576,42,-0.5758446455001831,0.08732396364212036,-28.06,0.002091494156047702,1840,0.5,1.1,78699,78800,0.0003,50.0,-0.5571494102478027,,
1580,42,-0.6146430969238281,0.10438544303178787,-27.41,0.0020777101162821054,1845,0.5199999809265137,1.1,78899,79000,0.0003,50.0,-0.9024059772491455,,
1584,42,-0.5151286125183105,0.13445980846881866,-26.12,0.002027927665039897,1849,0.5400000214576721,1.1,79099,79200,0.0003,50.0,-1.7578299045562744,,
1588,42,-0.4578719437122345,0.11213819682598114,-26.3,0.0019982201047241688,1854,0.5199999809265137,1.1,79299,79400,0.0003,50.0,0.38293689489364624,,
1592,42,-0.37125635147094727,0.12155554443597794,-25.87,0.0020374730229377747,1859,0.5099999904632568,1.1,79499,79600,0.0003,50.0,1.0486754179000854,,
1596,42,-0.4788587689399719,0.11002705991268158,-26.66,0.0020307658705860376,1863,0.49000000953674316,1.1,79699,79800,0.0003,50.0,-0.8037182092666626,,
1600,42,-0.6127243041992188,0.13434141874313354,-26.79,0.002034679986536503,1871,0.47999998927116394,1.1,79899,80000,0.0003,50.0,-0.19352823495864868,0.02010900229654092,1.0
1604,42,-0.5633493065834045,0.08964231610298157,-25.3,0.001997237093746662,1875,0.5199999809265137,1.1,80099,80200,0.0003,50.0,-1.1305603981018066,,
1608,42,-0.43317919969558716,0.15235719084739685,-25.37,0.0019966494292020798,1880,0.5199999809265137,1.1,80299,80400,0.0003,50.0,0.8992269039154053,,
1612,42,-0.5415214896202087,0.13512665033340454,-25.08,0.00201135384850204,1884,0.5299999713897705,1.1,80499,80600,0.0003,50.0,-2.331636905670166,,
1616,42,-0.3732115626335144,0.13366761803627014,-25.23,0.0019768348429352045,1889,0.5299999713897705,1.1,80699,80800,0.0003,50.0,0.02948439121246338,,
1620,42,-0.3657791018486023,0.11883489787578583,-25.92,0.001955738989636302,1894,0.5199999809265137,1.1,80899,81000,0.0003,50.0,0.596854031085968,,
1624,42,-0.4269863963127136,0.11981897056102753,-27.24,0.0019672331400215626,1899,0.49000000953674316,1.1,81099,81200,0.0003,50.0,-2.4952735900878906,,
1628,42,-0.5352901816368103,0.10679514706134796,-26.39,0.0019256118685007095,1904,0.5,1.1,81299,81400,0.0003,50.0,-3.4908671379089355,,
1632,42,-0.3997077941894531,0.10979372262954712,-25.74,0.0019124423852190375,1909,0.5199999809265137,1.1,81499,81600,0.0003,50.0,0.9867570996284485,,
1636,42,-0.4617761969566345,0.09186314046382904,-25.39,0.001902002957649529,1913,0.5299999713897705,1.1,81699,81800,0.0003,50.0,3.4263839721679688,,
1640,42,-0.6154606342315674,0.09148632735013962,-25.05,0.0019318796694278717,1918,0.5400000214576721,1.1,81899,82000,0.0003,50.0,-1.1237878799438477,,
1644,42,-0.3146474361419678,0.13025571405887604,-26.64,0.0018966232892125845,1923,0.5,1.1,82099,82200,0.0003,50.0,1.7176212072372437,,
1648,42,-0.3682500123977661,0.12057708948850632,-27.05,0.0019187385914847255,1927,0.5099999904632568,1.1,82299,82400,0.0003,50.0,0.05157428979873657,,
1652,42,-0.36759495735168457,0.1670035421848297,-26.75,0.001955782063305378,1932,0.5099999904632568,1.1,82499,82600,0.0003,50.0,4.081638336181641,,
1656,42,-0.4044889211654663,0.13334572315216064,-27.55,0.0019661264959722757,1936,0.5,1.1,82699,82800,0.0003,50.0,-3.5097479820251465,,
1660,42,-0.2924785315990448,0.11654724180698395,-26.66,0.001993764890357852,1941,0.5299999713897705,1.1,82899,83000,0.0003,50.0,0.1525687575340271,,
1664,42,-0.4283429682254791,0.1069297343492508,-27.2,0.0019816101994365454,1945,0.5099999904632568,1.1,83099,83200,0.0003,50.0,0.767598569393158,,
1668,42,-0.32943931221961975,0.13136757910251617,-27.12,0.00197591888718307,1950,0.5099999904632568,1.1,83299,83400,0.0003,50.0,5.8273234367370605,,
1672,42,-0.44356513023376465,0.13592812418937683,-26.75,0.002078902442008257,1955,0.5299999713897705,1.1,83499,83600,0.0003,50.0,0.10416388511657715,,
1676,42,-0.37348368763923645,0.17552050948143005,-25.73,0.002140327822417021,1959,0.550000011920929,1.1,83699,83800,0.0003,50.0,1.9560515880584717,,
1680,42,-0.502161979675293,0.1128351241350174,-25.47,0.002171457512304187,1964,0.550000011920929,1.1,83899,84000,0.0003,50.0,-2.822119951248169,,
1684,42,-0.4325929284095764,0.16958656907081604,-26.39,0.0021472731605172157,1969,0.5299999713897705,1.1,84099,84200,0.0003,50.0,-4.589197158813477,,
1688,42,-0.44379082322120667,0.14238256216049194,-27.26,0.002177420537918806,1973,0.5199999809265137,1.1,84299,84400,0.0003,50.0,3.755754232406616,,
1692,42,-0.25396639108657837,0.1729809045791626,-27.74,0.0021931373048573732,1978,0.5199999809265137,1.1,84499,84600,0.0003,50.0,2.267045021057129,,
1696,42,-0.5042622089385986,0.10121744871139526,-27.18,0.002403616439551115,1983,0.5299999713897705,1.1,84699,84800,0.0003,50.0,2.016270875930786,,
1700,42,-0.316638320684433,0.1373458206653595,-27.01,0.002431246917694807,1990,0.5400000214576721,1.1,84899,85000,0.0003,50.0,-0.6508598327636719,0.021849399531412576,1.0
1704,42,-0.1584295779466629,0.16675743460655212,-27.39,0.0024463192094117403,1995,0.5299999713897705,1.1,85099,85200,0.0003,50.0,1.0224155187606812,,
1708,42,-0.46381041407585144,0.12427262216806412,-26.75,0.002471564570441842,1999,0.5400000214576721,1.1,85299,85400,0.0003,50.0,-0.6616902351379395,,
1712,42,-0.4546040892601013,0.15815022587776184,-26.41,0.00267603388056159,2004,0.5400000214576721,1.1,85499,85600,0.0003,50.0,2.316828966140747,,
1716,42,-0.427080363035202,0.15072214603424072,-26.84,0.0027300764340907335,2009,0.5199999809265137,1.1,85699,85800,0.0003,50.0,7.891904830932617,,
1720,42,-0.27718818187713623,0.16405245661735535,-26.68,0.0028167800046503544,2013,0.5099999904632568,1.1,85899,86000,0.0003,50.0,2.0198493003845215,,
1724,42,-0.5490777492523193,0.15156978368759155,-25.65,0.002851542318239808,2018,0.5400000214576721,1.1,86099,86200,0.0003,50.0,3.9385905265808105,,
1728,42,-0.6030828952789307,0.1735440194606781,-25.64,0.00290487939491868,2023,0.550000011920929,1.1,86299,86400,0.0003,50.0,-2.4414753913879395,,
1732,42,-0.37955379486083984,0.15111003816127777,-25.5,0.0030337697826325893,2027,0.550000011920929,1.1,86499,86600,0.0003,50.0,-1.7197730541229248,,
1736,42,-0.2969881296157837,0.15459594130516052,-26.05,0.002993860514834523,2032,0.5400000214576721,1.1,86699,86800,0.0003,50.0,-0.07932811975479126,,
1740,42,-0.2890971899032593,0.17599505186080933,-26.63,0.003175778314471245,2037,0.5299999713897705,1.1,86899,87000,0.0003,50.0,8.323225975036621,,
1744,42,-0.29831844568252563,0.24876366555690765,-25.63,0.0033368507865816355,2042,0.5600000023841858,1.1,87099,87200,0.0003,50.0,0.2244853377342224,,
1748,42,-0.19067057967185974,0.18743252754211426,-25.17,0.0034591800067573786,2047,0.5400000214576721,1.1,87299,87400,0.0003,50.0,3.413768768310547,,
1752,42,-0.22388285398483276,0.183610200881958,-25.04,0.0035681931767612696,2051,0.5400000214576721,1.1,87499,87600,0.0003,50.0,4.871307373046875,,
1756,42,-0.46458351612091064,0.2281028777360916,-24.54,0.00373513950034976,2056,0.5600000023841858,1.1,87699,87800,0.0003,50.0,4.231567859649658,,
1760,42,-0.45965927839279175,0.1368173211812973,-25.06,0.0038673407398164272,2061,0.5400000214576721,1.1,87899,88000,0.0003,50.0,0.8496158123016357,,
1764,42,-0.2557050585746765,0.15884844958782196,-25.29,0.0038208160549402237,2065,0.5400000214576721,1.1,88099,88200,0.0003,50.0,4.47777795791626,,
1768,42,-0.4338007867336273,0.16068093478679657,-25.76,0.0038547953590750694,2070,0.5400000214576721,1.1,88299,88400,0.0003,50.0,-2.232370615005493,,
1772,42,-0.34196868538856506,0.19109183549880981,-25.58,0.0037179456558078527,2075,0.5400000214576721,1.1,88499,88600,0.0003,50.0,-3.1611475944519043,,
1776,42,-0.4825010895729065,0.1729891300201416,-26.61,0.00368678430095315,2079,0.5299999713897705,1.1,88699,88800,0.0003,50.0,3.1865341663360596,,
1780,42,-0.33322417736053467,0.1935540735721588,-27.09,0.0037301008123904467,2084,0.5299999713897705,1.1,88899,89000,0.0003,50.0,-1.690140962600708,,
1784,42,-0.5266205072402954,0.1757265329360962,-26.9,0.0037762210704386234,2089,0.5299999713897705,1.1,89099,89200,0.0003,50.0,-0.6982603073120117,,
1788,42,-0.3594861924648285,0.13315467536449432,-26.14,0.0039198617450892925,2093,0.5400000214576721,1.1,89299,89400,0.0003,50.0,-0.4385330080986023,,
1792,42,-0.384546160697937,0.21981406211853027,-25.85,0.00401903223246336,2098,0.5299999713897705,1.1,89499,89600,0.0003,50.0,6.645707130432129,,
1796,42,-0.4650152921676636,0.11425435543060303,-25.42,0.004142969846725464,2103,0.5299999713897705,1.1,89699,89800,0.0003,50.0,-2.1038732528686523,,
1800,42,-0.5111423134803772,0.2088855355978012,-25.48,0.004261942580342293,2109,0.5199999809265137,1.1,89899,90000,0.0003,50.0,-0.2547941207885742,0.015332080593338298,1.0
1804,42,-0.29373395442962646,0.1489151120185852,-26.23,0.00428167637437582,2114,0.5,1.1,90099,90200,0.0003,50.0,-2.7108328342437744,,
1808,42,-0.46071481704711914,0.17148634791374207,-26.55,0.004198743496090174,2119,0.49000000953674316,1.1,90299,90400,0.0003,50.0,3.750293254852295,,
1812,42,-0.5057919025421143,0.20070978999137878,-26.78,0.004135213326662779,2123,0.49000000953674316,1.1,90499,90600,0.0003,50.0,-2.1854913234710693,,
1816,42,-0.2592531144618988,0.18383389711380005,-27.04,0.004054822959005833,2128,0.49000000953674316,1.1,90699,90800,0.0003,50.0,1.3401730060577393,,
1820,42,-0.5037956833839417,0.17508935928344727,-26.85,0.0038017246406525373,2132,0.5,1.1,90899,91000,0.0003,50.0,-2.5395655632019043,,
1824,42,-0.38345348834991455,0.23887085914611816,-27.58,0.0035961000248789787,2138,0.47999998927116394,1.1,91099,91200,0.0003,50.0,-1.8658429384231567,,
1828,42,-0.48921310901641846,0.1617743968963623,-27.47,0.0036704204976558685,2142,0.4699999988079071,1.1,91299,91400,0.0003,50.0,-2.0944011211395264,,
1832,42,-0.46767330169677734,0.20247513055801392,-28.44,0.0035535194911062717,2147,0.4399999976158142,1.1,91499,91600,0.0003,50.0,-0.6795514822006226,,
1836,42,-0.43172788619995117,0.16546344757080078,-28.35,0.003403532551601529,2151,0.4399999976158142,1.1,91699,91800,0.0003,50.0,-2.7512600421905518,,
1840,42,-0.6594210863113403,0.2349434792995453,-28.25,0.0033887489698827267,2156,0.4399999976158142,1.1,91899,92000,0.0003,50.0,-3.6782970428466797,,
1844,42,-0.48230254650115967,0.18150320649147034,-28.59,0.0033402845729142427,2161,0.4300000071525574,1.1,92099,92200,0.0003,50.0,-2.7369496822357178,,
1848,42,-0.6546913385391235,0.16427120566368103,-28.31,0.003365218173712492,2165,0.4300000071525574,1.1,92299,92400,0.0003,50.0,2.576436996459961,,
1852,42,-0.5248475670814514,0.18189102411270142,-28.69,0.003546264488250017,2170,0.4099999964237213,1.1,92499,92600,0.0003,50.0,1.1517283916473389,,
1856,42,-0.43226414918899536,0.1711449921131134,-28.65,0.003521665232256055,2175,0.4000000059604645,1.1,92699,92800,0.0003,50.0,-1.2313706874847412,,
1860,42,-0.4266718029975891,0.25092923641204834,-28.45,0.003514466807246208,2179,0.4099999964237213,1.1,92899,93000,0.0003,50.0,2.7599475383758545,,
1864,42,-0.6607955694198608,0.23145955801010132,-27.94,0.0035839183256030083,2184,0.41999998688697815,1.1,93099,93200,0.0003,50.0,-3.7664196491241455,,
1868,42,-0.4362025558948517,0.18684116005897522,-28.03,0.0034937362652271986,2188,0.4000000059604645,1.1,93299,93400,0.0003,50.0,-2.8094005584716797,,
1872,42,-0.6165775060653687,0.13457687199115753,-27.61,0.003353829961270094,2193,0.4099999964237213,1.1,93499,93600,0.0003,50.0,-3.158783197402954,,
1876,42,-0.438972532749176,0.21354936063289642,-27.3,0.003249397501349449,2198,0.4099999964237213,1.1,93699,93800,0.0003,50.0,-1.6133594512939453,,
1880,42,-0.41995006799697876,0.15935474634170532,-26.72,0.0031271239276975393,2202,0.41999998688697815,1.1,93899,94000,0.0003,50.0,1.8683631420135498,,
1884,42,-0.6532678604125977,0.20121484994888306,-26.37,0.00311576877720654,2207,0.4399999976158142,1.1,94099,94200,0.0003,50.0,0.7054728269577026,,
1888,42,-0.39146900177001953,0.20191599428653717,-26.68,0.003031175583600998,2212,0.4300000071525574,1.1,94299,94400,0.0003,50.0,-1.8898361921310425,,
1892,42,-0.5281018018722534,0.2459469586610794,-26.77,0.0029809956904500723,2216,0.4300000071525574,1.1,94499,94600,0.0003,50.0,0.3350942134857178,,
1896,42,-0.42013925313949585,0.20285664498806,-27.94,0.0030407924205064774,2221,0.4099999964237213,1.1,94699,94800,0.0003,50.0,1.5817137956619263,,
1900,42,-0.6187590956687927,0.22074198722839355,-28.09,0.002982932375743985,2228,0.41999998688697815,1.1,94899,95000,0.0003,50.0,-4.213951110839844,0.02031403282813586,1.0
1904,42,-0.46854671835899353,0.21396704018115997,-27.47,0.0029564762953668833,2232,0.4399999976158142,1.1,95099,95200,0.0003,50.0,3.579354763031006,,
1908,42,-0.7193889617919922,0.14928263425827026,-28.66,0.0029695509001612663,2237,0.41999998688697815,1.1,95299,95400,0.0003,50.0,-2.0707650184631348,,
1912,42,-0.40201684832572937,0.1809999942779541,-28.53,0.0030733884777873755,2242,0.41999998688697815,1.1,95499,95600,0.0003,50.0,5.013641834259033,,
1916,42,-0.6792307496070862,0.16600126028060913,-27.73,0.0030375346541404724,2246,0.4300000071525574,1.1,95699,95800,0.0003,50.0,2.3745718002319336,,
1920,42,-0.4722331464290619,0.1887940615415573,-27.89,0.0032771306578069925,2251,0.4300000071525574,1.1,95899,96000,0.0003,50.0,3.682612657546997,,
1924,42,-0.5315415859222412,0.19135135412216187,-27.91,0.0033951278310269117,2255,0.4300000071525574,1.1,96099,96200,0.0003,50.0,0.3480463922023773,,
1928,42,-0.733819842338562,0.18140538036823273,-28.78,0.0033252097200602293,2260,0.41999998688697815,1.1,96299,96400,0.0003,50.0,-4.021607398986816,,
1932,42,-0.6878143548965454,0.23535841703414917,-27.97,0.003277108771726489,2265,0.44999998807907104,1.1,96499,96600,0.0003,50.0,-4.316996097564697,,
1936,42,-0.44474467635154724,0.24906939268112183,-28.37,0.003257798496633768,2269,0.4399999976158142,1.1,96699,96800,0.0003,50.0,-0.29582661390304565,,
1940,42,-0.42778730392456055,0.16112558543682098,-28.7,0.0033870639745146036,2274,0.4399999976158142,1.1,96899,97000,0.0003,50.0,0.8310506343841553,,
1944,42,-0.6569417715072632,0.2350742220878601,-28.59,0.0036588700022548437,2278,0.4399999976158142,1.1,97099,97200,0.0003,50.0,-1.82029390335083,,
1948,42,-0.5421658754348755,0.2091759741306305,-28.11,0.003784637665376067,2283,0.4699999988079071,1.1,97299,97400,0.0003,50.0,-2.31878399848938,,
1952,42,-0.5610051155090332,0.2647863030433655,-28.24,0.0038612561766058207,2288,0.4699999988079071,1.1,97499,97600,0.0003,50.0,0.9568198919296265,,
1956,42,-0.8364051580429077,0.24972784519195557,-28.11,0.0038814847357571125,2292,0.4699999988079071,1.1,97699,97800,0.0003,50.0,-2.641448497772217,,
1960,42,-0.9719865918159485,0.2214294821023941,-27.84,0.004040129948407412,2297,0.4699999988079071,1.1,97899,98000,0.0003,50.0,-1.3793888092041016,,
1964,42,-0.5919691920280457,0.23421230912208557,-28.04,0.004243414383381605,2302,0.4699999988079071,1.1,98099,98200,0.0003,50.0,4.976288795471191,,
1968,42,-0.5579856634140015,0.30941593647003174,-26.97,0.004433124326169491,2306,0.5099999904632568,1.1,98299,98400,0.0003,50.0,0.08142787218093872,,
1972,42,-0.6512766480445862,0.2569493055343628,-28.2,0.004506802652031183,2311,0.49000000953674316,1.1,98499,98600,0.0003,50.0,1.7578308582305908,,
1976,42,-0.739361047744751,0.2135554850101471,-27.93,0.004458402283489704,2315,0.49000000953674316,1.1,98699,98800,0.0003,50.0,-4.378641605377197,,
1980,42,-0.6771746873855591,0.21884608268737793,-28.9,0.004395593889057636,2320,0.46000000834465027,1.1,98899,99000,0.0003,50.0,-2.5812134742736816,,
1984,42,-0.9703263640403748,0.1956436187028885,-29.42,0.004236673470586538,2325,0.44999998807907104,1.1,99099,99200,0.0003,50.0,-4.953469276428223,,
1988,42,-0.6913069486618042,0.2061062455177307,-29.17,0.004014910198748112,2329,0.46000000834465027,1.1,99299,99400,0.0003,50.0,-1.4788081645965576,,
1992,42,-0.5449467897415161,0.29828572273254395,-29.35,0.003839503275230527,2334,0.4699999988079071,1.1,99499,99600,0.0003,50.0,1.1250897645950317,,
1996,42,-0.5398675203323364,0.2825852036476135,-28.59,0.0037295955698937178,2339,0.49000000953674316,1.1,99699,99800,0.0003,50.0,-4.318459987640381,,
2000,42,-0.7156459093093872,0.30548885464668274,-27.86,0.0037518420722335577,2346,0.5,1.1,99899,100000,0.0003,50.0,2.1444549560546875,0.019003768676795513,1.0
