train/actor_loss,train/ent_coef_loss,train/n_updates,time/episodes,time/fps,train/ent_coef,time/total_timesteps,curriculum/epsilon,rollout/success_rate,rollout/ep_rew_mean,train/critic_loss,train/learning_rate,rollout/ep_len_mean,time/time_elapsed,eval/clean_success_rate,eval/clean_mean_d
-5.074526786804199,-0.1970319151878357,99,4,30,0.9710294008255005,200,0.0,0.0,-48.75,0.27748608589172363,0.0003,50.0,6,,
-6.255318641662598,-0.5994130969047546,299,8,20,0.9144774675369263,400,0.0,0.0,-47.875,0.24105703830718994,0.0003,50.0,19,,
-7.389802932739258,-1.0051920413970947,499,12,19,0.8612128496170044,600,0.0,0.0,-48.333333333333336,0.20723691582679749,0.0003,50.0,31,,
-8.350196838378906,-1.4069939851760864,699,16,18,0.8110576868057251,800,0.0,0.0,-48.75,0.21318760514259338,0.0003,50.0,43,,
-9.357348442077637,-1.8101215362548828,899,20,17,0.7638325691223145,1000,0.0,0.0,-48.85,0.22666394710540771,0.0003,50.0,56,,
-10.159592628479004,-2.215513229370117,1099,24,17,0.7193363308906555,1200,0.0,0.0,-49.041666666666664,0.2163192629814148,0.0003,50.0,69,,
-11.0169038772583,-2.6190733909606934,1299,28,17,0.677433431148529,1400,0.0,0.0,-49.142857142857146,0.2010866105556488,0.0003,50.0,81,,
-11.8058443069458,-3.042412281036377,1499,32,17,0.637986958026886,1600,0.0,0.0,-49.25,0.20356126129627228,0.0003,50.0,94,,
-12.256732940673828,-3.4259305000305176,1699,36,16,0.6008413434028625,1800,0.0,0.0,-49.333333333333336,0.2284771203994751,0.0003,50.0,106,,
-12.750450134277344,-3.8350019454956055,1899,40,16,0.5658726692199707,2000,0.0,0.0,-49.175,0.19546203315258026,0.0003,50.0,119,,
-13.216567039489746,-4.221571922302246,2099,44,16,0.5329294204711914,2200,0.0,0.0,-49.15909090909091,0.22364172339439392,0.0003,50.0,131,,
-13.674301147460938,-4.656588554382324,2299,48,16,0.501914381980896,2400,0.0,0.0,-49.229166666666664,0.21190166473388672,0.0003,50.0,144,,
-13.905487060546875,-5.03353214263916,2499,52,16,0.4727087914943695,2600,0.0,0.0,-49.28846153846154,0.1966952681541443,0.0003,50.0,156,,
-14.100001335144043,-5.4262166023254395,2699,56,16,0.44520750641822815,2800,0.0,0.0,-49.32142857142857,0.1902695596218109,0.0003,50.0,169,,
-14.239700317382812,-5.84425163269043,2899,60,16,0.41930922865867615,3000,0.0,0.0,-49.333333333333336,0.20425596833229065,0.0003,50.0,182,,
-14.179488182067871,-6.222847938537598,3099,64,16,0.3949371874332428,3200,0.0,0.0,-49.375,0.15992578864097595,0.0003,50.0,194,,
-14.36390209197998,-6.620718479156494,3299,68,16,0.37199288606643677,3400,0.0,0.0,-49.411764705882355,0.19148334860801697,0.0003,50.0,207,,
-14.271656036376953,-6.98035192489624,3499,72,16,0.35038086771965027,3600,0.0,0.0,-49.375,0.17005077004432678,0.0003,50.0,219,,
-14.315784454345703,-7.398791313171387,3699,76,16,0.3300524353981018,3800,0.0,0.0,-49.4078947368421,0.1974150836467743,0.0003,50.0,232,,
-14.094352722167969,-7.816556930541992,3899,80,16,0.3109201192855835,4000,0.0,0.0,-49.4375,0.21182376146316528,0.0003,50.0,245,,
-13.863505363464355,-8.181981086730957,4099,84,16,0.292895644903183,4200,0.0,0.0,-49.464285714285715,0.19912660121917725,0.0003,50.0,257,,
-13.745465278625488,-8.465705871582031,4299,88,16,0.2759506106376648,4400,0.0,0.0,-49.48863636363637,0.18030135333538055,0.0003,50.0,270,,
-13.536651611328125,-8.956748962402344,4499,92,16,0.26000332832336426,4600,0.0,0.0,-49.51086956521739,0.1891583502292633,0.0003,50.0,283,,
-13.39212417602539,-9.298856735229492,4699,96,16,0.24500449001789093,4800,0.0,0.0,-49.53125,0.18598702549934387,0.0003,50.0,296,,
-13.092698097229004,-9.712700843811035,4899,100,15,0.23086629807949066,5000,0.0,0.0,-49.55,0.1763913929462433,0.0003,50.0,313,0.15,0.40176975456334085
-12.803092956542969,-9.91666030883789,5099,104,15,0.2175561934709549,5200,0.0,0.0,-49.56,0.196916401386261,0.0003,50.0,325,,
-12.153515815734863,-10.26346206665039,5299,108,15,0.20504949986934662,5400,0.0,0.0,-49.67,0.18853485584259033,0.0003,50.0,338,,
-12.233832359313965,-10.585345268249512,5499,112,15,0.19330008327960968,5600,0.0,0.0,-49.69,0.1773013174533844,0.0003,50.0,351,,
-11.564419746398926,-11.087210655212402,5699,116,15,0.1822630614042282,5800,0.0,0.0,-49.69,0.14748018980026245,0.0003,50.0,363,,
-11.132369995117188,-11.302712440490723,5899,120,15,0.1718575358390808,6000,0.0,0.0,-49.69,0.18270783126354218,0.0003,50.0,376,,
-10.867044448852539,-11.466201782226562,6099,124,15,0.16209706664085388,6200,0.0,0.0,-49.69,0.15904265642166138,0.0003,50.0,389,,
-10.327095031738281,-11.531219482421875,6299,128,15,0.1529366821050644,6400,0.0,0.0,-49.7,0.1551702320575714,0.0003,50.0,401,,
-9.966968536376953,-11.773880004882812,6499,132,15,0.1443682163953781,6600,0.0,0.0,-49.7,0.13224545121192932,0.0003,50.0,414,,
-9.661675453186035,-11.886659622192383,6699,136,15,0.13630786538124084,6800,0.0,0.0,-49.68,0.15199214220046997,0.0003,50.0,427,,
-8.87421703338623,-11.814051628112793,6899,140,15,0.1287773698568344,7000,0.0,0.0,-49.77,0.14446724951267242,0.0003,50.0,439,,
-8.86180305480957,-11.934765815734863,7099,144,15,0.1217142641544342,7200,0.0,0.0,-49.81,0.14869113266468048,0.0003,50.0,452,,
-8.196661949157715,-12.189099311828613,7299,148,15,0.11509830504655838,7400,0.0,0.0,-49.8,0.1251825988292694,0.0003,50.0,464,,
-7.995073318481445,-12.576567649841309,7499,152,15,0.10886822640895844,7600,0.0,0.0,-49.71,0.1674569547176361,0.0003,50.0,477,,
-7.637312889099121,-12.55862045288086,7699,156,15,0.10302294790744781,7800,0.0,0.0,-49.65,0.1368945837020874,0.0003,50.0,489,,
-7.232259750366211,-12.447113037109375,7899,160,15,0.09753383696079254,8000,0.0,0.009999999776482582,-49.39,0.13458117842674255,0.0003,50.0,502,,
-6.839529514312744,-12.012322425842285,8099,164,15,0.09232480078935623,8200,0.0,0.009999999776482582,-49.08,0.12711036205291748,0.0003,50.0,515,,
-6.167026519775391,-12.134343147277832,8299,168,15,0.08745293319225311,8400,0.0,0.009999999776482582,-48.95,0.11674906313419342,0.0003,50.0,527,,
-5.8243889808654785,-12.684904098510742,8499,172,15,0.08284616470336914,8600,0.0,0.019999999552965164,-48.93,0.12846660614013672,0.0003,50.0,540,,
-5.400445461273193,-12.391716003417969,8699,176,15,0.07852945476770401,8800,0.0,0.019999999552965164,-48.31,0.119611956179142,0.0003,50.0,553,,
-5.236597061157227,-12.731196403503418,8899,180,15,0.07446831464767456,9000,0.0,0.029999999329447746,-47.61,0.12349437177181244,0.0003,50.0,566,,
-4.67374849319458,-12.079316139221191,9099,184,15,0.07064227759838104,9200,0.0,0.03999999910593033,-46.94,0.1168353408575058,0.0003,50.0,578,,
-4.735630035400391,-12.466312408447266,9299,188,15,0.06704174727201462,9400,0.0,0.05000000074505806,-46.21,0.1332094371318817,0.0003,50.0,591,,
-4.057717323303223,-11.284577369689941,9499,192,15,0.06365856528282166,9600,0.002794,0.07000000029802322,-45.32,0.1318739354610443,0.0003,50.0,604,,
-4.112005710601807,-12.335256576538086,9699,196,15,0.06047286093235016,9800,0.007194,0.09000000357627869,-44.49,0.14338546991348267,0.0003,50.0,617,,
-3.521988868713379,-11.614205360412598,9899,200,15,0.05748072639107704,10000,0.011594,0.10000000149011612,-43.66,0.12943744659423828,0.0003,50.0,634,1.0,0.0408597245809858
-3.145404577255249,-11.121469497680664,10099,204,15,0.054668039083480835,10200,0.015994,0.10999999940395355,-42.55,0.12310118973255157,0.0003,50.0,647,,
-2.9961962699890137,-10.016510963439941,10299,208,15,0.05200527235865593,10400,0.020394,0.14000000059604645,-40.87,0.11040894687175751,0.0003,50.0,659,,
-2.821345567703247,-10.678479194641113,10499,212,15,0.04949243739247322,10600,0.024794,0.17000000178813934,-39.35,0.13677941262722015,0.0003,50.0,672,,
-2.585355043411255,-10.782942771911621,10699,216,15,0.0471317283809185,10800,0.029193999999999998,0.20999999344348907,-37.71,0.1447773277759552,0.0003,50.0,685,,
-2.396787405014038,-10.347853660583496,10899,220,15,0.04485275223851204,11000,0.033594,0.25,-35.96,0.1327408105134964,0.0003,50.0,697,,
-2.055281400680542,-9.338800430297852,11099,224,15,0.042727090418338776,11200,0.037994,0.28999999165534973,-34.2,0.14717638492584229,0.0003,50.0,710,,
-1.9927908182144165,-9.947420120239258,11299,228,15,0.0407322496175766,11400,0.042394,0.3199999928474426,-32.51,0.126361683011055,0.0003,50.0,723,,
-1.9346071481704712,-9.200081825256348,11499,232,15,0.03883965685963631,11600,0.046793999999999995,0.36000001430511475,-30.75,0.12414342164993286,0.0003,50.0,735,,
-1.8358473777770996,-10.290266990661621,11699,236,15,0.03707626089453697,11800,0.051193999999999996,0.38999998569488525,-29.17,0.11953829228878021,0.0003,50.0,748,,
-1.2727975845336914,-8.929064750671387,11899,240,15,0.035331085324287415,12000,0.055594,0.4300000071525574,-27.36,0.1091860830783844,0.0003,50.0,763,,
-1.248337984085083,-8.354575157165527,12099,244,15,0.03373382240533829,12200,0.059994,0.4699999988079071,-25.51,0.13242405652999878,0.0003,50.0,777,,
-1.0776433944702148,-8.075075149536133,12299,248,15,0.03220018371939659,12400,0.06439399999999999,0.5,-23.63,0.11028140038251877,0.0003,50.0,790,,
-0.9603136777877808,-6.913373947143555,12499,252,15,0.030733350664377213,12600,0.068794,0.5199999809265137,-21.84,0.15573814511299133,0.0003,50.0,802,,
-0.9231725931167603,-8.188532829284668,12699,256,15,0.029320180416107178,12800,0.073194,0.5600000023841858,-20.14,0.10921692848205566,0.0003,50.0,815,,
-0.7940425872802734,-7.480033874511719,12899,260,15,0.02796575427055359,13000,0.077594,0.5899999737739563,-18.59,0.09761111438274384,0.0003,50.0,828,,
-0.6255890130996704,-6.831648349761963,13099,264,15,0.02671074867248535,13200,0.081994,0.6299999952316284,-17.03,0.11774417757987976,0.0003,50.0,840,,
-0.871100664138794,-6.848329544067383,13299,268,15,0.025553127750754356,13400,0.086394,0.6700000166893005,-15.24,0.12735487520694733,0.0003,50.0,853,,
-0.5962939858436584,-7.28369665145874,13499,272,15,0.024399347603321075,13600,0.090794,0.699999988079071,-13.45,0.12434229254722595,0.0003,50.0,866,,
-0.6907014846801758,-6.291956424713135,13699,276,15,0.023334406316280365,13800,0.095194,0.7400000095367432,-12.14,0.118381068110466,0.0003,50.0,878,,
-0.30817335844039917,-4.26356315612793,13899,280,15,0.022438649088144302,14000,0.099594,0.7699999809265137,-10.97,0.12393040955066681,0.0003,50.0,891,,
-0.4838871359825134,-6.251006603240967,14099,284,15,0.021549809724092484,14200,0.103994,0.800000011920929,-9.68,0.15797847509384155,0.0003,50.0,905,,
-0.5634230375289917,-5.486763000488281,14299,288,15,0.020654747262597084,14400,0.10839399999999999,0.8299999833106995,-8.52,0.12054041028022766,0.0003,50.0,918,,
-0.7039650678634644,-7.0736799240112305,14499,292,15,0.019675755873322487,14600,0.11279399999999999,0.8500000238418579,-7.54,0.12104558199644089,0.0003,50.0,931,,
-0.22281119227409363,-4.403136730194092,14699,296,15,0.018739858642220497,14800,0.11719399999999999,0.8700000047683716,-6.48,0.11671125888824463,0.0003,50.0,944,,
-0.6113908886909485,-5.058381080627441,14899,300,15,0.017958804965019226,15000,0.121594,0.8999999761581421,-5.38,0.14260849356651306,0.0003,50.0,961,1.0,0.009234271022810589
-0.2642718553543091,-5.70257568359375,15099,304,15,0.017190106213092804,15200,0.125994,0.9300000071525574,-4.59,0.11042040586471558,0.0003,50.0,973,,
-0.174475759267807,-4.763617992401123,15299,308,15,0.016459224745631218,15400,0.130394,0.9300000071525574,-4.42,0.12609583139419556,0.0003,50.0,986,,
-0.22469592094421387,-3.155989170074463,15499,312,15,0.015805834904313087,15600,0.134794,0.9399999976158142,-4.02,0.1114090234041214,0.0003,50.0,998,,
-0.3200105130672455,-3.0908918380737305,15699,316,15,0.015186102129518986,15800,0.13919399999999998,0.9399999976158142,-3.72,0.12937837839126587,0.0003,50.0,1011,,
-0.556189239025116,-3.9022834300994873,15899,320,15,0.01464561652392149,16000,0.143594,0.9399999976158142,-3.56,0.09817536920309067,0.0003,50.0,1024,,
-0.38231712579727173,-3.269883632659912,16099,324,15,0.014151460491120815,16200,0.147994,0.9399999976158142,-3.38,0.10186025500297546,0.0003,50.0,1037,,
-0.42688998579978943,-4.51794958114624,16299,328,15,0.01362875010818243,16400,0.152394,0.949999988079071,-3.18,0.10404632985591888,0.0003,50.0,1049,,
-0.34144657850265503,-3.277184009552002,16499,332,15,0.013145973905920982,16600,0.156794,0.949999988079071,-3.03,0.10641542077064514,0.0003,50.0,1062,,
-0.4671629071235657,-3.0204429626464844,16699,336,15,0.012672663666307926,16800,0.161194,0.9599999785423279,-2.71,0.10109250247478485,0.0003,50.0,1075,,
-0.4744146764278412,-3.0476551055908203,16899,340,15,0.012217461131513119,17000,0.165594,0.9599999785423279,-2.59,0.1126779168844223,0.0003,50.0,1088,,
-0.576888918876648,-2.2998387813568115,17099,344,15,0.011840580962598324,17200,0.169994,0.9599999785423279,-2.5,0.10246448963880539,0.0003,50.0,1100,,
-0.18799874186515808,-3.094804286956787,17299,348,15,0.011556955985724926,17400,0.174394,0.9700000286102295,-2.42,0.13321055471897125,0.0003,50.0,1113,,
-0.5633998513221741,-1.4466248750686646,17499,352,15,0.011209432035684586,17600,0.178794,0.9900000095367432,-2.42,0.08855609595775604,0.0003,50.0,1125,,
-0.5379741191864014,-0.2347733974456787,17699,356,15,0.01103094220161438,17800,0.183194,0.9900000095367432,-2.27,0.1014970988035202,0.0003,50.0,1138,,
-0.5751888155937195,-0.6287287473678589,17899,360,15,0.010806593112647533,18000,0.18759399999999998,0.9900000095367432,-2.19,0.10569068789482117,0.0003,50.0,1151,,
-0.6288834810256958,-1.992644190788269,18099,364,15,0.010556444525718689,18200,0.191994,0.9900000095367432,-2.15,0.07901470363140106,0.0003,50.0,1164,,
-0.5443743467330933,0.5601427555084229,18299,368,15,0.010488702915608883,18400,0.19639399999999999,0.9900000095367432,-2.14,0.07874096930027008,0.0003,50.0,1176,,
-0.568943977355957,-1.7594082355499268,18499,372,15,0.010405744425952435,18600,0.200794,0.9900000095367432,-2.06,0.09791621565818787,0.0003,50.0,1189,,
-0.9315738081932068,-2.4989919662475586,18699,376,15,0.010068890638649464,18800,0.205194,0.9900000095367432,-2.08,0.08035348355770111,0.0003,50.0,1202,,
-0.8328123092651367,-1.070007085800171,18899,380,15,0.010044027119874954,19000,0.209594,0.9900000095367432,-2.04,0.07144255936145782,0.0003,50.0,1215,,
-1.0655746459960938,0.4460173547267914,19099,384,15,0.01009355578571558,19200,0.213994,0.9900000095367432,-2.08,0.07851682603359222,0.0003,50.0,1227,,
-1.0018930435180664,-1.039170503616333,19299,388,15,0.009970707818865776,19400,0.218394,0.9900000095367432,-2.1,0.0964326336979866,0.0003,50.0,1240,,
-0.9616727828979492,0.40184056758880615,19499,392,15,0.009746091440320015,19600,0.222794,0.9900000095367432,-2.08,0.0818101242184639,0.0003,50.0,1254,,
-1.042028546333313,1.1407079696655273,19699,396,15,0.0095521816983819,19800,0.227194,0.9900000095367432,-2.06,0.08003982901573181,0.0003,50.0,1266,,
-1.1278653144836426,-0.8840144276618958,19899,400,15,0.009547973982989788,20000,0.231594,0.9900000095367432,-2.07,0.0724005177617073,0.0003,50.0,1283,1.0,0.009233705894912693
-1.3373092412948608,0.17954108119010925,20099,404,15,0.00962215755134821,20200,0.23599399999999998,0.9900000095367432,-2.09,0.0655500516295433,0.0003,50.0,1296,,
-0.9647437334060669,1.1422816514968872,20299,408,15,0.009494070895016193,20400,0.240394,1.0,-2.02,0.07596302032470703,0.0003,50.0,1309,,
-1.1136705875396729,0.6811352968215942,20499,412,15,0.00928563717752695,20600,0.24479399999999998,1.0,-2.03,0.09276234358549118,0.0003,50.0,1321,,
-1.510096549987793,-0.4828023612499237,20699,416,15,0.009110614657402039,20800,0.249194,1.0,-2.03,0.07289662957191467,0.0003,50.0,1334,,
-1.550279140472412,0.33307862281799316,20899,420,15,0.008846396580338478,21000,0.253594,1.0,-2.08,0.08785983920097351,0.0003,50.0,1347,,
-1.5418075323104858,-1.0340663194656372,21099,424,15,0.008694246411323547,21200,0.257994,1.0,-2.09,0.06797748804092407,0.0003,50.0,1359,,
-1.3273265361785889,-1.222164273262024,21299,428,15,0.008605954237282276,21400,0.262394,1.0,-2.11,0.06772080808877945,0.0003,50.0,1372,,
-1.4703576564788818,-0.6027183532714844,21499,432,15,0.008403226733207703,21600,0.266794,1.0,-2.09,0.05863223969936371,0.0003,50.0,1385,,
-1.572843074798584,-1.6299092769622803,21699,436,15,0.008168209344148636,21800,0.271194,1.0,-2.09,0.0782909095287323,0.0003,50.0,1397,,
-1.6223100423812866,-0.05804109573364258,21899,440,15,0.007910145446658134,22000,0.275594,1.0,-2.1,0.07796754688024521,0.0003,50.0,1410,,
-1.5070877075195312,0.2891911268234253,22099,444,15,0.00784354843199253,22200,0.27999399999999997,1.0,-2.14,0.0707046389579773,0.0003,50.0,1422,,
-1.7487752437591553,0.11972515285015106,22299,448,15,0.0077580478973686695,22400,0.284394,1.0,-2.21,0.06774510443210602,0.0003,50.0,1435,,
-1.775820255279541,-0.33901458978652954,22499,452,15,0.007701059337705374,22600,0.288794,1.0,-2.18,0.044127508997917175,0.0003,50.0,1448,,
-1.7272992134094238,1.318793535232544,22699,456,15,0.007585592567920685,22800,0.293194,1.0,-2.18,0.06830456852912903,0.0003,50.0,1460,,
-1.7533456087112427,-0.7586871385574341,22899,460,15,0.007642586715519428,23000,0.29759399999999997,1.0,-2.19,0.06398911774158478,0.0003,50.0,1473,,
-1.8539425134658813,-0.6315550804138184,23099,464,15,0.007499713450670242,23200,0.301994,1.0,-2.19,0.063023641705513,0.0003,50.0,1486,,
-1.9373492002487183,0.007595539093017578,23299,468,15,0.007352611515671015,23400,0.306394,1.0,-2.27,0.05502745136618614,0.0003,50.0,1498,,
-1.8828864097595215,-0.09046605974435806,23499,472,15,0.007172514218837023,23600,0.310794,1.0,-2.29,0.06668511033058167,0.0003,50.0,1511,,
-1.73691987991333,-0.222319558262825,23699,476,15,0.007111900486052036,23800,0.315194,1.0,-2.26,0.06288276612758636,0.0003,50.0,1523,,
-1.950518250465393,-1.7851440906524658,23899,480,15,0.006926163099706173,24000,0.319594,1.0,-2.25,0.06824956089258194,0.0003,50.0,1536,,
-2.0814168453216553,-0.8901753425598145,24099,484,15,0.0067235203459858894,24200,0.323994,1.0,-2.32,0.05329003557562828,0.0003,50.0,1549,,
-2.1378841400146484,-0.352836012840271,24299,488,15,0.0067207831889390945,24400,0.32839399999999996,1.0,-2.25,0.05996173247694969,0.0003,50.0,1562,,
-2.1862010955810547,-0.44531071186065674,24499,492,15,0.006605156697332859,24600,0.332794,1.0,-2.22,0.061179112643003464,0.0003,50.0,1575,,
-2.3885817527770996,-0.9988064765930176,24699,496,15,0.006469206418842077,24800,0.337194,1.0,-2.21,0.058102626353502274,0.0003,50.0,1588,,
-2.049964427947998,-1.3465114831924438,24899,500,15,0.006375045049935579,25000,0.341594,1.0,-2.16,0.05926080048084259,0.0003,50.0,1604,1.0,0.02569033617609422
-2.0773797035217285,-0.9730664491653442,25099,504,15,0.006314452271908522,25200,0.34599399999999997,1.0,-2.18,0.055589716881513596,0.0003,50.0,1617,,
-2.151939630508423,-0.9753947257995605,25299,508,15,0.006251361686736345,25400,0.350394,1.0,-2.17,0.05266553908586502,0.0003,50.0,1630,,
-2.227869749069214,0.09450338780879974,25499,512,15,0.006132513750344515,25600,0.354794,1.0,-2.19,0.06437917053699493,0.0003,50.0,1643,,
-2.0449750423431396,2.7581372261047363,25699,516,15,0.0060244048945605755,25800,0.359194,1.0,-2.21,0.046320803463459015,0.0003,50.0,1655,,
-2.2765769958496094,-0.28416499495506287,25899,520,15,0.005992048420011997,26000,0.363594,0.9900000095367432,-2.21,0.0534176304936409,0.0003,50.0,1668,,
-2.4586706161499023,-1.206539273262024,26099,524,15,0.005898171570152044,26200,0.367994,0.9900000095367432,-2.2,0.04854819178581238,0.0003,50.0,1681,,
-1.9971044063568115,0.49854719638824463,26299,528,15,0.005751411896198988,26400,0.372394,0.9900000095367432,-2.16,0.04837661609053612,0.0003,50.0,1693,,
-2.0710654258728027,-1.2937684059143066,26499,532,15,0.005604245699942112,26600,0.376794,0.9900000095367432,-2.2,0.05776410549879074,0.0003,50.0,1706,,
-2.281482458114624,2.026444673538208,26699,536,15,0.005598217714577913,26800,0.381194,0.9900000095367432,-2.16,0.058108456432819366,0.0003,50.0,1719,,
-2.1021621227264404,0.9795593023300171,26899,540,15,0.005574916489422321,27000,0.385594,0.9900000095367432,-2.12,0.05637500435113907,0.0003,50.0,1731,,
-2.0869245529174805,-0.035294726490974426,27099,544,15,0.005515476688742638,27200,0.389994,0.9900000095367432,-2.16,0.04587996006011963,0.0003,50.0,1744,,
-2.2085585594177246,-0.166849285364151,27299,548,15,0.005475261714309454,27400,0.39439399999999997,0.9900000095367432,-2.15,0.04377865046262741,0.0003,50.0,1757,,
-2.0005650520324707,1.2559363842010498,27499,552,15,0.005383260548114777,27600,0.398794,0.9900000095367432,-2.12,0.05426198989152908,0.0003,50.0,1769,,
-2.2083237171173096,0.7850447297096252,27699,556,15,0.005336108151823282,27800,0.403194,0.9900000095367432,-2.12,0.05205921456217766,0.0003,50.0,1782,,
-2.1344172954559326,0.4254974126815796,27899,560,15,0.005274805705994368,28000,0.407594,0.9900000095367432,-2.1,0.05513948202133179,0.0003,50.0,1795,,
-2.0606775283813477,0.5058156251907349,28099,564,15,0.00521386181935668,28200,0.41199399999999997,0.9900000095367432,-2.1,0.04521023482084274,0.0003,50.0,1807,,
-2.1511480808258057,1.0620288848876953,28299,568,15,0.005170007701963186,28400,0.416394,0.9900000095367432,-2.04,0.04773688316345215,0.0003,50.0,1820,,
-2.416022777557373,0.7187058925628662,28499,572,15,0.005097611807286739,28600,0.420794,0.9900000095367432,-2.01,0.04455450177192688,0.0003,50.0,1833,,
-2.2960267066955566,-0.02840709686279297,28699,576,15,0.004984141327440739,28800,0.425194,0.9900000095367432,-2.01,0.04730349779129028,0.0003,50.0,1845,,
-2.3282976150512695,-0.9770610332489014,28899,580,15,0.004899011924862862,29000,0.429594,0.9900000095367432,-2.01,0.0496293380856514,0.0003,50.0,1858,,
-2.416759967803955,-2.8879458904266357,29099,584,15,0.004737933166325092,29200,0.433994,0.9900000095367432,-1.99,0.042173076421022415,0.0003,50.0,1871,,
-2.458153486251831,-2.6323070526123047,29299,588,15,0.004684534855186939,29400,0.438394,0.9900000095367432,-1.99,0.04322131723165512,0.0003,50.0,1884,,
-2.261655330657959,0.8648581504821777,29499,592,15,0.00466800294816494,29600,0.44279399999999997,0.9900000095367432,-1.99,0.0385604128241539,0.0003,50.0,1897,,
-2.1429901123046875,-0.07517141103744507,29699,596,15,0.004516688175499439,29800,0.447194,0.9900000095367432,-2.07,0.049200356006622314,0.0003,50.0,1910,,
-2.2623865604400635,-1.1839702129364014,29899,600,15,0.004449993837624788,30000,0.451594,0.9900000095367432,-2.12,0.03733973205089569,0.0003,50.0,1926,1.0,0.013683188853523598
-2.383009433746338,-0.5625143051147461,30099,604,15,0.004485351033508778,30200,0.455994,0.9900000095367432,-2.09,0.044960781931877136,0.0003,50.0,1939,,
-2.1459832191467285,1.1009501218795776,30299,608,15,0.0045768446289002895,30400,0.46039399999999997,0.9900000095367432,-2.15,0.051599014550447464,0.0003,50.0,1952,,
-2.2843573093414307,-1.7590816020965576,30499,612,15,0.004418958909809589,30600,0.464794,0.9900000095367432,-2.18,0.03547388315200806,0.0003,50.0,1964,,
-2.26456880569458,0.5188390016555786,30699,616,15,0.00440529640763998,30800,0.469194,0.9900000095367432,-2.22,0.041602008044719696,0.0003,50.0,1977,,
-2.6242194175720215,-1.3008770942687988,30899,620,15,0.0043863519094884396,31000,0.473594,1.0,-2.18,0.03466220200061798,0.0003,50.0,1990,,
-2.355039358139038,-0.11364730447530746,31099,624,15,0.004356558434665203,31200,0.477994,1.0,-2.2,0.04543086141347885,0.0003,50.0,2003,,
-2.3680384159088135,-1.200451135635376,31299,628,15,0.004231948871165514,31400,0.482394,1.0,-2.24,0.04435468465089798,0.0003,50.0,2016,,
-2.2033157348632812,1.127233862876892,31499,632,15,0.004166356287896633,31600,0.486794,1.0,-2.24,0.04387688264250755,0.0003,50.0,2028,,
-2.4039692878723145,0.49942895770072937,31699,636,15,0.004213880747556686,31800,0.49119399999999996,0.9900000095367432,-2.59,0.04826200380921364,0.0003,50.0,2041,,
-2.315685272216797,-0.12199389934539795,31899,640,15,0.004241779446601868,32000,0.495594,0.9900000095367432,-2.62,0.044647328555583954,0.0003,50.0,2054,,
-2.1224076747894287,-0.4008648991584778,32099,644,15,0.004198452923446894,32200,0.499994,0.9900000095367432,-2.55,0.050798024982213974,0.0003,50.0,2066,,
-2.3751914501190186,-0.12861698865890503,32299,648,15,0.004149640444666147,32400,0.504394,0.9900000095367432,-2.51,0.047368016093969345,0.0003,50.0,2079,,
-2.13735032081604,-1.0158133506774902,32499,652,15,0.004025956615805626,32600,0.508794,0.9900000095367432,-2.51,0.04489552974700928,0.0003,50.0,2092,,
-2.272374391555786,-1.6795552968978882,32699,656,15,0.0038443361409008503,32800,0.513194,0.9900000095367432,-2.54,0.03163665160536766,0.0003,50.0,2105,,
-2.3615529537200928,-1.435347318649292,32899,660,15,0.0037158471532166004,33000,0.517594,0.9900000095367432,-2.6,0.040048450231552124,0.0003,50.0,2117,,
-2.4952282905578613,-0.9028390645980835,33099,664,15,0.003767755115404725,33200,0.521994,0.9900000095367432,-2.57,0.03424471616744995,0.0003,50.0,2130,,
-2.079266309738159,0.9596083164215088,33299,668,15,0.0037598672788590193,33400,0.526394,0.9900000095367432,-2.58,0.040169522166252136,0.0003,50.0,2143,,
-2.443384885787964,-1.118410348892212,33499,672,15,0.00380502175539732,33600,0.530794,0.9900000095367432,-2.61,0.038446251302957535,0.0003,50.0,2156,,
-2.276761293411255,-0.35019779205322266,33699,676,15,0.003786394139751792,33800,0.535194,0.9900000095367432,-2.65,0.04137161746621132,0.0003,50.0,2168,,
-2.346673011779785,0.4415033161640167,33899,680,15,0.003808147506788373,34000,0.539594,0.9900000095367432,-2.63,0.03806013613939285,0.0003,50.0,2182,,
-2.4517109394073486,1.4506046772003174,34099,684,15,0.003868753556162119,34200,0.543994,0.9900000095367432,-2.56,0.04068623483181,0.0003,50.0,2194,,
-2.4314591884613037,1.047166109085083,34299,688,15,0.003883776720613241,34400,0.5483939999999999,0.9900000095367432,-2.57,0.037018511444330215,0.0003,50.0,2207,,
-2.4359235763549805,-1.8357658386230469,34499,692,15,0.0038287295028567314,34600,0.552794,0.9900000095367432,-2.61,0.03453132510185242,0.0003,50.0,2220,,
-2.284581184387207,-0.2782771587371826,34699,696,15,0.0038167990278452635,34800,0.557194,0.9900000095367432,-2.54,0.04257287457585335,0.0003,50.0,2233,,
-2.1790242195129395,0.6884331703186035,34899,700,15,0.0038479764480143785,35000,0.561594,0.9900000095367432,-2.5,0.05112063139677048,0.0003,50.0,2250,1.0,0.02005401189848976
-2.1524229049682617,2.9080872535705566,35099,704,15,0.0037596754264086485,35200,0.565994,0.9900000095367432,-2.53,0.04989057034254074,0.0003,50.0,2262,,
-2.298727512359619,-0.44781461358070374,35299,708,15,0.003713006153702736,35400,0.570394,0.9900000095367432,-2.52,0.049381010234355927,0.0003,50.0,2275,,
-2.364420175552368,-1.5182437896728516,35499,712,15,0.0036409003660082817,35600,0.574794,0.9900000095367432,-2.48,0.03462229669094086,0.0003,50.0,2288,,
-2.2656681537628174,0.6176030039787292,35699,716,15,0.003603982739150524,35800,0.579194,0.9900000095367432,-2.45,0.031698357313871384,0.0003,50.0,2300,,
-2.3543012142181396,-2.299473762512207,35899,720,15,0.0035746083594858646,36000,0.583594,0.9900000095367432,-2.53,0.02996135503053665,0.0003,50.0,2313,,
-2.2963902950286865,0.06559872627258301,36099,724,15,0.0036363075487315655,36200,0.587994,0.9900000095367432,-2.62,0.04224644601345062,0.0003,50.0,2326,,
-2.4557337760925293,0.20023323595523834,36299,728,15,0.0035488104913383722,36400,0.592394,0.9900000095367432,-2.58,0.038025569170713425,0.0003,50.0,2339,,
-2.4552485942840576,-0.4591934382915497,36499,732,15,0.003460593754425645,36600,0.5967939999999999,0.9900000095367432,-2.55,0.0319884717464447,0.0003,50.0,2352,,
-2.2424066066741943,2.859187602996826,36699,736,15,0.0034031590912491083,36800,0.601194,1.0,-2.24,0.03861938416957855,0.0003,50.0,2364,,
-2.2002787590026855,-0.4120035171508789,36899,740,15,0.0033843517303466797,37000,0.605594,1.0,-2.28,0.0341811329126358,0.0003,50.0,2377,,
-2.3741142749786377,0.29498058557510376,37099,744,15,0.003313991706818342,37200,0.609994,1.0,-2.32,0.02699783444404602,0.0003,50.0,2390,,
-2.249580144882202,2.2693166732788086,37299,748,15,0.003363188821822405,37400,0.614394,1.0,-2.37,0.037709660828113556,0.0003,50.0,2403,,
-2.39912486076355,0.9970923066139221,37499,752,15,0.003347233170643449,37600,0.618794,1.0,-2.43,0.03398704528808594,0.0003,50.0,2415,,
-2.514359474182129,0.65431809425354,37699,756,15,0.0033166331704705954,37800,0.623194,1.0,-2.42,0.046454932540655136,0.0003,50.0,2428,,
-2.4231700897216797,-0.8442925214767456,37899,760,15,0.003259038319811225,38000,0.627594,1.0,-2.39,0.033803779631853104,0.0003,50.0,2441,,
-2.288125514984131,1.1573426723480225,38099,764,15,0.0031674590427428484,38200,0.631994,1.0,-2.39,0.0356425866484642,0.0003,50.0,2454,,
-2.6145942211151123,-2.309513568878174,38299,768,15,0.0030692394357174635,38400,0.636394,1.0,-2.38,0.03680488467216492,0.0003,50.0,2466,,
-2.391143560409546,-2.629640817642212,38499,772,15,0.002999654971063137,38600,0.640794,1.0,-2.47,0.028960350900888443,0.0003,50.0,2479,,
-2.5000081062316895,-1.96695077419281,38699,776,15,0.0029265042394399643,38800,0.6451939999999999,1.0,-2.64,0.04832690954208374,0.0003,50.0,2492,,
-2.503415822982788,-3.7473714351654053,38899,780,15,0.0028043310157954693,39000,0.649594,1.0,-2.65,0.02897498942911625,0.0003,50.0,2505,,
-2.5112080574035645,-2.148646354675293,39099,784,15,0.0027061414439231157,39200,0.653994,1.0,-2.76,0.0359380841255188,0.0003,50.0,2517,,
-2.2459828853607178,0.16135883331298828,39299,788,15,0.0026469628792256117,39400,0.658394,1.0,-2.74,0.03142409399151802,0.0003,50.0,2531,,
-2.323591947555542,-0.026440083980560303,39499,792,15,0.002609059913083911,39600,0.662794,1.0,-2.79,0.033935800194740295,0.0003,50.0,2543,,
-2.440652847290039,-1.055549144744873,39699,796,15,0.0026441295631229877,39800,0.667194,0.9900000095367432,-2.84,0.03529682755470276,0.0003,50.0,2557,,
-2.3154659271240234,0.3573176860809326,39899,800,15,0.00261725764721632,40000,0.671594,0.9900000095367432,-2.91,0.028090044856071472,0.0003,50.0,2573,1.0,0.016157103594824924
-2.3561267852783203,-1.4721120595932007,40099,804,15,0.002593688666820526,40200,0.675994,0.9900000095367432,-2.89,0.03429863601922989,0.0003,50.0,2586,,
-2.4049479961395264,-0.81653892993927,40299,808,15,0.0026086296420544386,40400,0.6803939999999999,0.9900000095367432,-2.9,0.03034001961350441,0.0003,50.0,2599,,
-2.2341387271881104,0.9522660970687866,40499,812,15,0.002617145422846079,40600,0.684794,0.9900000095367432,-2.93,0.03525807708501816,0.0003,50.0,2612,,
-2.1581647396087646,1.7792394161224365,40699,816,15,0.0026299443561583757,40800,0.689194,0.9900000095367432,-2.91,0.03167880326509476,0.0003,50.0,2624,,
-2.33162260055542,0.7005871534347534,40899,820,15,0.0026003560051321983,41000,0.6935939999999999,0.9900000095367432,-2.85,0.033585816621780396,0.0003,50.0,2637,,
-2.296807289123535,2.1976590156555176,41099,824,15,0.002588187111541629,41200,0.697994,0.9900000095367432,-2.77,0.034813426434993744,0.0003,50.0,2650,,
-2.2136728763580322,1.0448507070541382,41299,828,15,0.0026246188208460808,41400,0.702394,0.9900000095367432,-2.78,0.0303313247859478,0.0003,50.0,2662,,
-2.36051869392395,-1.498542308807373,41499,832,15,0.0026142755523324013,41600,0.706794,0.9900000095367432,-2.79,0.023330776020884514,0.0003,50.0,2675,,
-2.2617366313934326,-1.016162633895874,41699,836,15,0.0026242821477353573,41800,0.711194,0.9900000095367432,-2.82,0.03443140536546707,0.0003,50.0,2688,,
-2.108642101287842,-0.21856868267059326,41899,840,15,0.002567362505942583,42000,0.715594,0.9900000095367432,-2.86,0.03231064975261688,0.0003,50.0,2701,,
-2.280677318572998,-0.08497685194015503,42099,844,15,0.0026183798909187317,42200,0.719994,0.9900000095367432,-2.92,0.031514838337898254,0.0003,50.0,2713,,
-2.1510987281799316,0.15444323420524597,42299,848,15,0.0026306116487830877,42400,0.724394,0.9900000095367432,-2.92,0.029091136530041695,0.0003,50.0,2726,,
-2.086168050765991,1.9700936079025269,42499,852,15,0.002591855125501752,42600,0.7287939999999999,0.9900000095367432,-2.88,0.03006831184029579,0.0003,50.0,2739,,
-2.0123178958892822,1.713272213935852,42699,856,15,0.002549948636442423,42800,0.733194,0.9900000095367432,-2.93,0.037202104926109314,0.0003,50.0,2751,,
-2.3851590156555176,-2.8447177410125732,42899,860,15,0.002422106685116887,43000,0.737594,0.9900000095367432,-2.9,0.03207727521657944,0.0003,50.0,2764,,
-2.326800584793091,-2.0360376834869385,43099,864,15,0.0023115265648812056,43200,0.7419939999999999,0.9900000095367432,-2.93,0.03172490745782852,0.0003,50.0,2777,,
-2.1388301849365234,3.1403393745422363,43299,868,15,0.0023035691119730473,43400,0.746394,0.9900000095367432,-2.97,0.030303582549095154,0.0003,50.0,2790,,
-2.144406318664551,1.3568154573440552,43499,872,15,0.0023144802544265985,43600,0.750794,0.9900000095367432,-2.93,0.040660832077264786,0.0003,50.0,2802,,
-2.038116693496704,-0.6356827020645142,43699,876,15,0.0023096040822565556,43800,0.755194,0.9900000095367432,-3.04,0.023339448496699333,0.0003,50.0,2816,,
-2.2429823875427246,0.6584131717681885,43899,880,15,0.0022888467647135258,44000,0.759594,0.9800000190734863,-3.22,0.033848073333501816,0.0003,50.0,2828,,
-2.0860328674316406,-0.7731166481971741,44099,884,15,0.0023349809926003218,44200,0.763994,0.9800000190734863,-3.28,0.03063468635082245,0.0003,50.0,2841,,
-2.3453800678253174,-2.387331485748291,44299,888,15,0.002213170053437352,44400,0.768394,0.9800000190734863,-3.42,0.03641069307923317,0.0003,50.0,2854,,
-2.166081190109253,2.774271249771118,44499,892,15,0.0021669601555913687,44600,0.772794,0.9800000190734863,-3.5,0.029205868020653725,0.0003,50.0,2867,,
-2.0042409896850586,-1.21988844871521,44699,896,15,0.002162599004805088,44800,0.7771939999999999,0.9900000095367432,-3.57,0.0363493338227272,0.0003,50.0,2880,,
-2.1870274543762207,-0.8830222487449646,44899,900,15,0.002158825984224677,45000,0.781594,0.9900000095367432,-3.57,0.03796039894223213,0.0003,50.0,2897,1.0,0.012010258146511684
-2.1564295291900635,-0.07280188798904419,45099,904,15,0.002150877146050334,45200,0.785994,0.9900000095367432,-3.64,0.04332006722688675,0.0003,50.0,2909,,
-1.8184444904327393,2.8017446994781494,45299,908,15,0.002162960823625326,45400,0.7903939999999999,0.9900000095367432,-3.6,0.03332032263278961,0.0003,50.0,2922,,
-2.0858585834503174,-0.4878397285938263,45499,912,15,0.002119753509759903,45600,0.794794,0.9900000095367432,-3.66,0.0347573347389698,0.0003,50.0,2935,,
-1.9523952007293701,2.7978453636169434,45699,916,15,0.0021186822559684515,45800,0.799194,0.9900000095367432,-3.76,0.024987217038869858,0.0003,50.0,2947,,
-1.9893336296081543,1.8760895729064941,45899,920,15,0.0021465441677719355,46000,0.803594,0.9900000095367432,-3.82,0.03749743849039078,0.0003,50.0,2960,,
-2.062431573867798,-2.3016810417175293,46099,924,15,0.00203709420748055,46200,0.807994,0.9800000190734863,-3.93,0.023645251989364624,0.0003,50.0,2973,,
-2.0926172733306885,-3.411738395690918,46299,928,15,0.0019763438031077385,46400,0.812394,0.9800000190734863,-3.95,0.022525202482938766,0.0003,50.0,2986,,
-2.1081299781799316,0.2940188944339752,46499,932,15,0.0019421440083533525,46600,0.816794,0.9800000190734863,-3.9,0.03582528233528137,0.0003,50.0,2998,,
-2.054100275039673,1.4022796154022217,46699,936,15,0.0019876763690263033,46800,0.821194,0.9800000190734863,-3.95,0.026125794276595116,0.0003,50.0,3011,,
-1.9656065702438354,-1.4412882328033447,46899,940,15,0.0019860081374645233,47000,0.8255939999999999,0.9800000190734863,-3.89,0.02951236441731453,0.0003,50.0,3024,,
-2.0241665840148926,1.2356812953948975,47099,944,15,0.0019543238449841738,47200,0.829994,0.9700000286102295,-4.07,0.03104032389819622,0.0003,50.0,3037,,
-2.0100040435791016,1.9158509969711304,47299,948,15,0.0019784143660217524,47400,0.834394,0.9700000286102295,-4.46,0.037099987268447876,0.0003,50.0,3050,,
-2.0390734672546387,0.7695269584655762,47499,952,15,0.002043260959908366,47600,0.8387939999999999,0.9700000286102295,-4.56,0.03078410029411316,0.0003,50.0,3062,,
-1.8599727153778076,0.9501714110374451,47699,956,15,0.0020995328668504953,47800,0.843194,0.9700000286102295,-4.68,0.03449682146310806,0.0003,50.0,3075,,
-2.054460048675537,1.403454303741455,47899,960,15,0.0020457704085856676,48000,0.847594,0.9700000286102295,-4.68,0.034089282155036926,0.0003,50.0,3088,,
-2.0856289863586426,-2.207169532775879,48099,964,15,0.002026046859100461,48200,0.851994,0.9599999785423279,-5.03,0.03489893674850464,0.0003,50.0,3101,,
-1.9969161748886108,-3.1021196842193604,48299,968,15,0.0019710517954081297,48400,0.856394,0.9599999785423279,-5.1,0.028364643454551697,0.0003,50.0,3114,,
-2.0068657398223877,0.3516863286495209,48499,972,15,0.0019450883846729994,48600,0.860794,0.9599999785423279,-5.08,0.03466099873185158,0.0003,50.0,3126,,
-1.9511442184448242,0.7482054233551025,48699,976,15,0.001981127541512251,48800,0.865194,0.949999988079071,-5.08,0.03083479404449463,0.0003,50.0,3139,,
-2.0717928409576416,-2.325366497039795,48899,980,15,0.0019338879501447082,49000,0.869594,0.9599999785423279,-4.91,0.03236354887485504,0.0003,50.0,3153,,
-2.0585193634033203,1.5615953207015991,49099,984,15,0.0019378100987523794,49200,0.8739939999999999,0.9599999785423279,-4.73,0.03153466433286667,0.0003,50.0,3165,,
-2.1090455055236816,-0.8446655869483948,49299,988,15,0.001958768581971526,49400,0.878394,0.9599999785423279,-4.75,0.027640510350465775,0.0003,50.0,3178,,
-1.9531394243240356,-2.6007440090179443,49499,992,15,0.0019506111275404692,49600,0.882794,0.949999988079071,-4.88,0.036696139723062515,0.0003,50.0,3191,,
-1.9390214681625366,-2.8550660610198975,49699,996,15,0.001913271495141089,49800,0.8871939999999999,0.9399999976158142,-5.26,0.032042793929576874,0.0003,50.0,3205,,
-2.0297369956970215,-2.4516758918762207,49899,1000,15,0.0018437763210386038,50000,0.891594,0.9399999976158142,-5.26,0.024674490094184875,0.0003,50.0,3221,1.0,0.01563484431755139
-1.71779465675354,3.772324323654175,50099,1004,15,0.0018479219870641828,50200,0.895994,0.9300000071525574,-5.34,0.029277414083480835,0.0003,50.0,3234,,
-1.9226065874099731,0.18020471930503845,50299,1008,15,0.0018475474789738655,50400,0.900394,0.9300000071525574,-5.34,0.03359672427177429,0.0003,50.0,3247,,
-2.059462308883667,-2.210571765899658,50499,1012,15,0.0019008134258911014,50600,0.904794,0.9300000071525574,-5.44,0.02668437361717224,0.0003,50.0,3260,,
-1.9792606830596924,-3.5276665687561035,50699,1016,15,0.0019195328932255507,50800,0.909194,0.9300000071525574,-5.49,0.01944686844944954,0.0003,50.0,3273,,
-1.8290122747421265,-1.0185025930404663,50899,1020,15,0.0018248948035761714,51000,0.913594,0.9200000166893005,-5.47,0.03312746435403824,0.0003,50.0,3285,,
-1.6995853185653687,1.3255993127822876,51099,1024,15,0.0018046613549813628,51200,0.917994,0.9300000071525574,-5.53,0.04883883520960808,0.0003,50.0,3298,,
-1.888714075088501,-0.607944130897522,51299,1028,15,0.0017985267331823707,51400,0.9223939999999999,0.9300000071525574,-5.71,0.030064187943935394,0.0003,50.0,3311,,
-1.7786997556686401,-2.1654810905456543,51499,1032,15,0.0018177967285737395,51600,0.926794,0.8999999761581421,-7.11,0.033162809908390045,0.0003,50.0,3324,,
-1.7699615955352783,2.6463630199432373,51699,1036,15,0.0018280092626810074,51800,0.931194,0.8799999952316284,-7.51,0.03654662147164345,0.0003,50.0,3337,,
-1.621856451034546,1.3967669010162354,51899,1040,15,0.0017862791428342462,52000,0.9355939999999999,0.8799999952316284,-7.59,0.032865554094314575,0.0003,50.0,3350,,
-2.0215582847595215,-0.45123040676116943,52099,1044,15,0.0017684594495221972,52200,0.939994,0.8799999952316284,-8.04,0.034471236169338226,0.0003,50.0,3362,,
-1.670241355895996,-0.0886000394821167,52299,1048,15,0.001764223794452846,52400,0.944394,0.8700000047683716,-8.26,0.0252123661339283,0.0003,50.0,3375,,
-1.7199194431304932,-0.03865906596183777,52499,1052,15,0.0017507090233266354,52600,0.948794,0.8399999737739563,-9.52,0.03868744894862175,0.0003,50.0,3388,,
-1.7788714170455933,0.39053213596343994,52699,1056,15,0.0016791985835880041,52800,0.953194,0.8199999928474426,-10.49,0.026263758540153503,0.0003,50.0,3401,,
-1.6828254461288452,0.6323956847190857,52899,1060,15,0.0016516671748831868,53000,0.957594,0.8199999928474426,-10.58,0.0377846360206604,0.0003,50.0,3414,,
-1.6890842914581299,-2.487945795059204,53099,1064,15,0.0015916969859972596,53200,0.961994,0.8299999833106995,-10.43,0.04979373514652252,0.0003,50.0,3427,,
-1.619490623474121,-1.1062812805175781,53299,1068,15,0.0015574328135699034,53400,0.966394,0.8199999928474426,-10.61,0.05165284872055054,0.0003,50.0,3439,,
-1.7253289222717285,-1.2525869607925415,53499,1072,15,0.00152864633128047,53600,0.9707939999999999,0.8100000023841858,-11.12,0.06239643692970276,0.0003,50.0,3452,,
-1.6241590976715088,3.6998326778411865,53699,1076,15,0.0016219437820836902,53800,0.975194,0.8100000023841858,-11.56,0.03643472492694855,0.0003,50.0,3465,,
-1.584969162940979,0.6167986392974854,53899,1080,15,0.0016051128040999174,54000,0.979594,0.7900000214576721,-12.37,0.04060296714305878,0.0003,50.0,3478,,
-1.496816635131836,0.4420357942581177,54099,1084,15,0.0015674347523599863,54200,0.9839939999999999,0.7699999809265137,-13.49,0.05605114996433258,0.0003,50.0,3491,,
-1.584558129310608,2.4424891471862793,54299,1088,15,0.001547248219139874,54400,0.988394,0.75,-14.2,0.04109520837664604,0.0003,50.0,3503,,
-1.6166917085647583,-3.256807327270508,54499,1092,15,0.0015348898014053702,54600,0.992794,0.75,-14.26,0.03099631518125534,0.0003,50.0,3516,,
-1.4686449766159058,2.5407087802886963,54699,1096,15,0.0014788797125220299,54800,0.997194,0.75,-14.08,0.04749567061662674,0.0003,50.0,3530,,
-1.6198530197143555,-2.943125009536743,54899,1100,15,0.0014421878149732947,55000,1.0015939999999999,0.75,-14.25,0.04754450172185898,0.0003,50.0,3546,1.0,0.008070491345821298
-1.689569115638733,2.7204647064208984,55099,1104,15,0.0014688123483210802,55200,1.005994,0.7400000095367432,-14.61,0.03670085221529007,0.0003,50.0,3559,,
-1.490278720855713,-2.6171019077301025,55299,1108,15,0.0015517582651227713,55400,1.010394,0.7200000286102295,-15.26,0.03574080765247345,0.0003,50.0,3572,,
-1.3913195133209229,1.9526437520980835,55499,1112,15,0.0015397528186440468,55600,1.014794,0.7200000286102295,-15.45,0.04071794077754021,0.0003,50.0,3585,,
-1.4361664056777954,2.128653049468994,55699,1116,15,0.0015317050274461508,55800,1.019194,0.7099999785423279,-15.81,0.04558836296200752,0.0003,50.0,3598,,
-1.4123592376708984,2.2001516819000244,55899,1120,15,0.0015227883122861385,56000,1.023594,0.7200000286102295,-15.82,0.03330864757299423,0.0003,50.0,3611,,
-1.4590178728103638,0.12028631567955017,56099,1124,15,0.0015232982113957405,56200,1.027994,0.7099999785423279,-16.15,0.07693617790937424,0.0003,50.0,3624,,
-1.5623699426651,1.4530678987503052,56299,1128,15,0.0015126760117709637,56400,1.032394,0.6899999976158142,-16.94,0.026186253875494003,0.0003,50.0,3637,,
-1.4741002321243286,-0.12385773658752441,56499,1132,15,0.0015072844689711928,56600,1.036794,0.6899999976158142,-16.85,0.0456070676445961,0.0003,50.0,3650,,
-1.4720189571380615,0.13886985182762146,56699,1136,15,0.0015218410408124328,56800,1.041194,0.699999988079071,-16.71,0.0469498373568058,0.0003,50.0,3663,,
-1.5110187530517578,-0.40110933780670166,56899,1140,15,0.00155182636808604,57000,1.045594,0.6899999976158142,-17.35,0.05926534906029701,0.0003,50.0,3676,,
-1.2808516025543213,1.7591986656188965,57099,1144,15,0.0015876537654548883,57200,1.0499939999999999,0.6700000166893005,-17.66,0.043493740260601044,0.0003,50.0,3689,,
-1.3219852447509766,3.4173429012298584,57299,1148,15,0.0015611221315339208,57400,1.054394,0.6499999761581421,-18.12,0.04267965257167816,0.0003,50.0,3702,,
-1.3417714834213257,0.060311540961265564,57499,1152,15,0.0014983678702265024,57600,1.058794,0.6499999761581421,-18.11,0.03723292052745819,0.0003,50.0,3715,,
-1.4435358047485352,-0.562727689743042,57699,1156,15,0.0014610294019803405,57800,1.063194,0.6600000262260437,-17.03,0.06187703087925911,0.0003,50.0,3728,,
-1.2167571783065796,5.284365653991699,57899,1160,15,0.0014433559263125062,58000,1.067594,0.6299999952316284,-18.33,0.0641263946890831,0.0003,50.0,3741,,
-1.4544191360473633,-0.006837636232376099,58099,1164,15,0.0015055218245834112,58200,1.071994,0.6200000047683716,-18.56,0.04965478181838989,0.0003,50.0,3753,,
-1.5692631006240845,-1.5175271034240723,58299,1168,15,0.0015416269889101386,58400,1.076394,0.6000000238418579,-19.71,0.05652856454253197,0.0003,50.0,3766,,
-1.2856251001358032,1.8955234289169312,58499,1172,15,0.001592049142345786,58600,1.080794,0.5899999737739563,-20.15,0.05066289007663727,0.0003,50.0,3779,,
-1.3049148321151733,0.7576436400413513,58699,1176,15,0.0016291742213070393,58800,1.085194,0.5699999928474426,-20.89,0.042692024260759354,0.0003,50.0,3793,,
-1.4131156206130981,0.40325409173965454,58899,1180,15,0.0016002607299014926,59000,1.089594,0.5699999928474426,-20.75,0.05647765472531319,0.0003,50.0,3806,,
-1.4046660661697388,0.1625996232032776,59099,1184,15,0.0016161144012585282,59200,1.093994,0.5600000023841858,-20.7,0.06185343861579895,0.0003,50.0,3818,,
-1.1728733777999878,3.3264055252075195,59299,1188,15,0.001642475021071732,59400,1.0983939999999999,0.5600000023841858,-20.79,0.06078452616930008,0.0003,50.0,3832,,
-1.2546088695526123,1.714563012123108,59499,1192,15,0.0016380863962695003,59600,1.1,0.5600000023841858,-21.07,0.05545555800199509,0.0003,50.0,3845,,
-1.2858368158340454,-1.7151154279708862,59699,1196,15,0.0016221263213083148,59800,1.1,0.5400000214576721,-22.1,0.0672706663608551,0.0003,50.0,3858,,
-1.2096675634384155,1.5637035369873047,59899,1200,15,0.001582130091264844,60000,1.1,0.5199999809265137,-22.57,0.07329200208187103,0.0003,50.0,3875,1.0,0.031775789141474026
-1.3690696954727173,0.2954011559486389,60099,1204,15,0.0015331218019127846,60200,1.1,0.5199999809265137,-23.46,0.0636885017156601,0.0003,50.0,3888,,
-1.2009397745132446,1.1583502292633057,60299,1208,15,0.0014957166276872158,60400,1.1,0.5199999809265137,-23.96,0.08161593228578568,0.0003,50.0,3901,,
-1.3191900253295898,-1.6916977167129517,60499,1212,15,0.0014705145731568336,60600,1.1,0.5,-24.55,0.06359114497900009,0.0003,50.0,3914,,
-1.3362095355987549,0.8848764896392822,60699,1216,15,0.0014337594620883465,60800,1.1,0.5,-24.5,0.05833851918578148,0.0003,50.0,3927,,
-1.0731620788574219,1.0652217864990234,60899,1220,15,0.0014567989856004715,61000,1.1,0.49000000953674316,-25.19,0.07765191793441772,0.0003,50.0,3940,,
-1.1799299716949463,2.8166604042053223,61099,1224,15,0.0014986400492489338,61200,1.1,0.47999998927116394,-25.63,0.07234112918376923,0.0003,50.0,3953,,
-1.3060886859893799,0.5938162207603455,61299,1228,15,0.001529504545032978,61400,1.1,0.47999998927116394,-25.56,0.07210744917392731,0.0003,50.0,3967,,
-1.1098606586456299,2.0049004554748535,61499,1232,15,0.001539331511594355,61600,1.1,0.47999998927116394,-25.81,0.07809052616357803,0.0003,50.0,3980,,
-1.3687480688095093,-2.342849016189575,61699,1236,15,0.0015522444155067205,61800,1.1,0.4699999988079071,-26.34,0.06289532780647278,0.0003,50.0,3993,,
-1.1484509706497192,0.688811182975769,61899,1240,15,0.001526616862975061,62000,1.1,0.4699999988079071,-26.28,0.06056445091962814,0.0003,50.0,4006,,
-1.1706809997558594,-2.1267189979553223,62099,1244,15,0.0014903437113389373,62200,1.1,0.4699999988079071,-26.26,0.059692397713661194,0.0003,50.0,4019,,
-1.0157718658447266,6.615561008453369,62299,1248,15,0.001547863008454442,62400,1.1,0.46000000834465027,-26.83,0.0666966438293457,0.0003,50.0,4032,,
-1.0728540420532227,4.527434825897217,62499,1252,15,0.001635921886190772,62600,1.1,0.46000000834465027,-26.76,0.09967745840549469,0.0003,50.0,4045,,
-1.123868703842163,2.8985471725463867,62699,1256,15,0.0016828746302053332,62800,1.1,0.4300000071525574,-27.8,0.06940513849258423,0.0003,50.0,4058,,
-1.2185510396957397,0.12049165368080139,62899,1260,15,0.001726896851323545,63000,1.1,0.4399999976158142,-27.39,0.06773552298545837,0.0003,50.0,4071,,
-1.1985514163970947,0.2199099063873291,63099,1264,15,0.0017983963480219245,63200,1.1,0.4399999976158142,-27.98,0.08646723628044128,0.0003,50.0,4084,,
-1.1603645086288452,-1.2806346416473389,63299,1268,15,0.001862029079347849,63400,1.1,0.44999998807907104,-27.46,0.07715924829244614,0.0003,50.0,4097,,
-1.0392324924468994,3.7846734523773193,63499,1272,15,0.0019287271425127983,63600,1.1,0.44999998807907104,-27.56,0.08247943222522736,0.0003,50.0,4110,,
-1.0368971824645996,-0.4754323959350586,63699,1276,15,0.0019500317284837365,63800,1.1,0.46000000834465027,-26.82,0.10311199724674225,0.0003,50.0,4123,,
-0.9130752682685852,-2.2526233196258545,63899,1280,15,0.001961981412023306,64000,1.1,0.4699999988079071,-27.13,0.06725986301898956,0.0003,50.0,4136,,
-1.0095280408859253,-0.6738220453262329,64099,1284,15,0.001961813075467944,64200,1.1,0.47999998927116394,-27.03,0.10002581030130386,0.0003,50.0,4149,,
-0.9827297329902649,3.938805341720581,64299,1288,15,0.0019593522883951664,64400,1.1,0.4699999988079071,-26.75,0.08773785829544067,0.0003,50.0,4162,,
-1.0227549076080322,-1.5923739671707153,64499,1292,15,0.0019628703594207764,64600,1.1,0.46000000834465027,-27.34,0.07792438566684723,0.0003,50.0,4176,,
-1.1652207374572754,-4.28863525390625,64699,1296,15,0.0020017449278384447,64800,1.1,0.47999998927116394,-26.54,0.09407199919223785,0.0003,50.0,4188,,
-1.1519259214401245,-1.0758992433547974,64899,1300,15,0.00209607882425189,65000,1.1,0.49000000953674316,-27.04,0.09978806972503662,0.0003,50.0,4205,1.0,0.01315307727058666
-0.8996196985244751,-1.2580865621566772,65099,1304,15,0.002151695778593421,65200,1.1,0.49000000953674316,-26.52,0.0976988673210144,0.0003,50.0,4218,,
-0.9213427305221558,2.35766339302063,65299,1308,15,0.0022071197163313627,65400,1.1,0.5,-26.03,0.10390633344650269,0.0003,50.0,4231,,
-0.8775216341018677,-0.5115780830383301,65499,1312,15,0.0022284062579274178,65600,1.1,0.5199999809265137,-25.47,0.11288310587406158,0.0003,50.0,4244,,
-1.0138250589370728,2.582728385925293,65699,1316,15,0.002281741937622428,65800,1.1,0.5099999904632568,-25.93,0.06643721461296082,0.0003,50.0,4257,,
-0.9496873617172241,-2.8553876876831055,65899,1320,15,0.0023316198494285345,66000,1.1,0.5,-26.14,0.07606703042984009,0.0003,50.0,4270,,
-1.1050218343734741,-2.892972707748413,66099,1324,15,0.002270967699587345,66200,1.1,0.5,-26.48,0.08787421882152557,0.0003,50.0,4283,,
-0.9371894001960754,-1.9851019382476807,66299,1328,15,0.0022726424504071474,66400,1.1,0.5,-26.69,0.10628797113895416,0.0003,50.0,4297,,
-0.9295608997344971,4.77407169342041,66499,1332,15,0.0023247767239809036,66600,1.1,0.5,-26.64,0.10418953746557236,0.0003,50.0,4309,,
-0.836644172668457,0.05147838592529297,66699,1336,15,0.0023008850403130054,66800,1.1,0.49000000953674316,-27.32,0.12251140922307968,0.0003,50.0,4322,,
-0.8068856596946716,2.785612106323242,66899,1340,15,0.002360536716878414,67000,1.1,0.47999998927116394,-27.65,0.11613321304321289,0.0003,50.0,4335,,
-1.0263428688049316,-1.0684525966644287,67099,1344,15,0.002353542484343052,67200,1.1,0.49000000953674316,-27.75,0.13333670794963837,0.0003,50.0,4351,,
-0.931067943572998,-2.232992649078369,67299,1348,15,0.0023369102273136377,67400,1.1,0.5099999904632568,-26.91,0.10952271521091461,0.0003,50.0,4365,,
-0.831989049911499,5.668590068817139,67499,1352,15,0.0023587194737046957,67600,1.1,0.5099999904632568,-27.06,0.10628904402256012,0.0003,50.0,4381,,
-0.9171912670135498,0.23443591594696045,67699,1356,15,0.0023670662194490433,67800,1.1,0.5299999713897705,-26.91,0.08525188267230988,0.0003,50.0,4395,,
-0.9651549458503723,2.3299708366394043,67899,1360,15,0.002404295140877366,68000,1.1,0.5400000214576721,-26.24,0.10014024376869202,0.0003,50.0,4408,,
-1.1546299457550049,-2.0242748260498047,68099,1364,15,0.002431628294289112,68200,1.1,0.5400000214576721,-25.81,0.14907890558242798,0.0003,50.0,4424,,
-0.6194652318954468,1.5747606754302979,68299,1368,15,0.002411764347925782,68400,1.1,0.5400000214576721,-25.87,0.12157295644283295,0.0003,50.0,4440,,
-0.6369193196296692,0.9501919746398926,68499,1372,15,0.0023801717907190323,68600,1.1,0.550000011920929,-25.47,0.11102192103862762,0.0003,50.0,4457,,
-0.8621810674667358,5.437323093414307,68699,1376,15,0.0023633805103600025,68800,1.1,0.5400000214576721,-25.9,0.1343238204717636,0.0003,50.0,4472,,
-1.030501365661621,-2.25175142288208,68899,1380,15,0.002349133836105466,69000,1.1,0.5400000214576721,-25.89,0.11392702162265778,0.0003,50.0,4486,,
-0.7083675265312195,1.7990453243255615,69099,1384,15,0.002353149699047208,69200,1.1,0.5400000214576721,-26.07,0.1224733293056488,0.0003,50.0,4500,,
-0.8901981115341187,-0.5177280306816101,69299,1388,15,0.0023371365386992693,69400,1.1,0.5600000023841858,-26.23,0.137974351644516,0.0003,50.0,4514,,
-0.819245457649231,0.4975616931915283,69499,1392,15,0.002308882772922516,69600,1.1,0.5400000214576721,-26.58,0.09364346414804459,0.0003,50.0,4530,,
-0.7005863189697266,1.164839506149292,69699,1396,15,0.0023057153448462486,69800,1.1,0.5199999809265137,-27.41,0.14509716629981995,0.0003,50.0,4544,,
-0.9325430989265442,6.463749885559082,69899,1400,15,0.0022975082974880934,70000,1.1,0.5,-27.55,0.1237485334277153,0.0003,50.0,4563,1.0,0.03161759300047552
-0.6924757361412048,8.517851829528809,70099,1404,15,0.0023723363410681486,70200,1.1,0.49000000953674316,-28.09,0.12114235758781433,0.0003,50.0,4577,,
-0.7754968404769897,1.5742721557617188,70299,1408,15,0.0024553611874580383,70400,1.1,0.49000000953674316,-28.2,0.12865233421325684,0.0003,50.0,4594,,
-0.8027887344360352,0.49947723746299744,70499,1412,15,0.0025452193804085255,70600,1.1,0.46000000834465027,-28.78,0.14209231734275818,0.0003,50.0,4612,,
-0.9023598432540894,-1.508331060409546,70699,1416,15,0.002524582901969552,70800,1.1,0.46000000834465027,-28.98,0.10565952211618423,0.0003,50.0,4628,,
-0.5644305348396301,11.115060806274414,70899,1420,15,0.0024994409177452326,71000,1.1,0.46000000834465027,-29.0,0.15015584230422974,0.0003,50.0,4642,,
-1.0094223022460938,-1.2591090202331543,71099,1424,15,0.0025421774480491877,71200,1.1,0.46000000834465027,-29.0,0.13524916768074036,0.0003,50.0,4657,,
-0.6338533759117126,-0.2192779779434204,71299,1428,15,0.0025294243823736906,71400,1.1,0.47999998927116394,-28.12,0.12448200583457947,0.0003,50.0,4672,,
-0.929973840713501,-1.264693260192871,71499,1432,15,0.0025232445914298296,71600,1.1,0.47999998927116394,-27.54,0.15910091996192932,0.0003,50.0,4689,,
-0.4571322798728943,2.6854028701782227,71699,1436,15,0.0025413604453206062,71800,1.1,0.47999998927116394,-27.39,0.16353639960289001,0.0003,50.0,4704,,
-1.060408115386963,-3.0741865634918213,71899,1440,15,0.0024574215058237314,72000,1.1,0.49000000953674316,-26.84,0.10822482407093048,0.0003,50.0,4719,,
-0.800987958908081,6.823241710662842,72099,1444,15,0.002440768526867032,72200,1.1,0.47999998927116394,-27.09,0.15594671666622162,0.0003,50.0,4737,,
-0.8430178761482239,-1.9590590000152588,72299,1448,15,0.002537426305934787,72400,1.1,0.4699999988079071,-27.68,0.12550833821296692,0.0003,50.0,4753,,
-0.7528323531150818,6.962157249450684,72499,1452,15,0.002564961789175868,72600,1.1,0.46000000834465027,-28.1,0.17414268851280212,0.0003,50.0,4769,,
-0.7836543321609497,-2.822864532470703,72699,1456,15,0.0026773549616336823,72800,1.1,0.4699999988079071,-27.8,0.11496768891811371,0.0003,50.0,4786,,
-0.3767601251602173,11.104385375976562,72899,1460,15,0.0027161126490682364,73000,1.1,0.46000000834465027,-28.48,0.19576182961463928,0.0003,50.0,4801,,
-0.7929599285125732,-3.55159330368042,73099,1464,15,0.002756817964836955,73200,1.1,0.4399999976158142,-29.44,0.11567582190036774,0.0003,50.0,4815,,
-0.619392991065979,10.669734954833984,73299,1468,15,0.002863505855202675,73400,1.1,0.4399999976158142,-29.35,0.15594936907291412,0.0003,50.0,4832,,
-0.624703049659729,-1.9980137348175049,73499,1472,15,0.0029818033799529076,73600,1.1,0.4399999976158142,-29.32,0.19430923461914062,0.0003,50.0,4851,,
-0.7489724159240723,14.443126678466797,73699,1476,15,0.002964832354336977,73800,1.1,0.4699999988079071,-28.59,0.22634658217430115,0.0003,50.0,4868,,
-0.7640040516853333,3.8543405532836914,73899,1480,15,0.002977965399622917,74000,1.1,0.44999998807907104,-28.65,0.18003924190998077,0.0003,50.0,4886,,
-0.5541090369224548,-1.7150505781173706,74099,1484,15,0.0030274991877377033,74200,1.1,0.4699999988079071,-27.78,0.16643157601356506,0.0003,50.0,4902,,
-0.4840434193611145,3.308337688446045,74299,1488,15,0.0030797275248914957,74400,1.1,0.44999998807907104,-28.47,0.15696759521961212,0.0003,50.0,4919,,
-0.860498309135437,-4.248368740081787,74499,1492,15,0.00310803041793406,74600,1.1,0.4699999988079071,-27.81,0.1307843178510666,0.0003,50.0,4933,,
-0.8727710247039795,-3.806194543838501,74699,1496,15,0.0030697474721819162,74800,1.1,0.46000000834465027,-27.88,0.13434267044067383,0.0003,50.0,4947,,
-0.8204684853553772,-2.9496448040008545,74899,1500,15,0.0030305569525808096,75000,1.1,0.47999998927116394,-27.13,0.17284514009952545,0.0003,50.0,4965,1.0,0.013044951019428522
-0.8716124892234802,-0.9756542444229126,75099,1504,15,0.0029623014852404594,75200,1.1,0.5,-26.37,0.18289020657539368,0.0003,50.0,4979,,
-0.9101763963699341,-5.0841264724731445,75299,1508,15,0.002990182489156723,75400,1.1,0.49000000953674316,-26.75,0.1476995348930359,0.0003,50.0,4993,,
-1.0467079877853394,-3.9255623817443848,75499,1512,15,0.0029536723159253597,75600,1.1,0.49000000953674316,-26.98,0.10372621566057205,0.0003,50.0,5007,,
-0.8984736204147339,-3.6445555686950684,75699,1516,15,0.002959599019959569,75800,1.1,0.49000000953674316,-27.03,0.13736197352409363,0.0003,50.0,5021,,
-0.7288798689842224,-2.095701217651367,75899,1520,15,0.0029320563189685345,76000,1.1,0.5099999904632568,-26.45,0.16673456132411957,0.0003,50.0,5035,,
-0.7688312530517578,1.037868857383728,76099,1524,15,0.0028830512892454863,76200,1.1,0.5299999713897705,-25.29,0.1806366741657257,0.0003,50.0,5049,,
-0.9151946306228638,-1.6915754079818726,76299,1528,15,0.0029009205754846334,76400,1.1,0.49000000953674316,-26.68,0.14499115943908691,0.0003,50.0,5063,,
-0.4739770293235779,2.590057849884033,76499,1532,15,0.002905170200392604,76600,1.1,0.5,-26.74,0.18929295241832733,0.0003,50.0,5077,,
-0.7296411395072937,-1.4580365419387817,76699,1536,15,0.0028426270000636578,76800,1.1,0.5099999904632568,-26.41,0.15891572833061218,0.0003,50.0,5091,,
-0.8563886880874634,0.38942950963974,76899,1540,15,0.002790125785395503,77000,1.1,0.47999998927116394,-27.86,0.19078904390335083,0.0003,50.0,5104,,
-0.9942981600761414,-2.34128999710083,77099,1544,15,0.002751811407506466,77200,1.1,0.47999998927116394,-27.91,0.2256171703338623,0.0003,50.0,5119,,
-0.7938151955604553,-2.3019425868988037,77299,1548,15,0.002774953842163086,77400,1.1,0.4699999988079071,-28.22,0.2291383445262909,0.0003,50.0,5133,,
-0.8140993118286133,-4.863443851470947,77499,1552,15,0.002709436696022749,77600,1.1,0.47999998927116394,-27.79,0.18161526322364807,0.0003,50.0,5146,,
-0.8163426518440247,4.664422988891602,77699,1556,15,0.002742735669016838,77800,1.1,0.47999998927116394,-27.88,0.19924235343933105,0.0003,50.0,5160,,
-0.6573829054832458,-1.0919512510299683,77899,1560,15,0.002750071929767728,78000,1.1,0.49000000953674316,-27.65,0.17758814990520477,0.0003,50.0,5174,,
-0.6412132382392883,2.089141607284546,78099,1564,15,0.002692672424018383,78200,1.1,0.5099999904632568,-26.63,0.16108939051628113,0.0003,50.0,5188,,
-0.9267948269844055,-1.0622889995574951,78299,1568,15,0.0027237555477768183,78400,1.1,0.49000000953674316,-27.59,0.18064194917678833,0.0003,50.0,5202,,
-0.8453319072723389,0.1708090901374817,78499,1572,15,0.0027381947729736567,78600,1.1,0.47999998927116394,-27.93,0.14800071716308594,0.0003,50.0,5216,,
-0.9687868356704712,-0.3198694586753845,78699,1576,15,0.002771808998659253,78800,1.1,0.46000000834465027,-27.76,0.18023395538330078,0.0003,50.0,5230,,
-0.8315484523773193,-0.40852469205856323,78899,1580,15,0.0027951460797339678,79000,1.1,0.46000000834465027,-27.71,0.1580667495727539,0.0003,50.0,5244,,
-0.5273280739784241,1.091003179550171,79099,1584,15,0.0027660997584462166,79200,1.1,0.4399999976158142,-28.9,0.26088157296180725,0.0003,50.0,5258,,
-0.9327208995819092,0.29274871945381165,79299,1588,15,0.0028159271460026503,79400,1.1,0.44999998807907104,-28.33,0.19731011986732483,0.0003,50.0,5274,,
-0.6486045122146606,6.812085151672363,79499,1592,15,0.0028892953414469957,79600,1.1,0.44999998807907104,-28.41,0.17895884811878204,0.0003,50.0,5288,,
-0.515902042388916,-2.165884494781494,79699,1596,15,0.0028085103258490562,79800,1.1,0.4699999988079071,-27.65,0.20514875650405884,0.0003,50.0,5302,,
-0.6592617630958557,-5.117733001708984,79899,1600,15,0.002753085922449827,80000,1.1,0.46000000834465027,-28.0,0.1714094579219818,0.0003,50.0,5320,1.0,0.016120800746490117
-0.6816060543060303,-0.3740326166152954,80099,1604,15,0.0027513836976140738,80200,1.1,0.44999998807907104,-28.43,0.21116594970226288,0.0003,50.0,5334,,
-0.846736490726471,-2.6019577980041504,80299,1608,15,0.002745148492977023,80400,1.1,0.4699999988079071,-27.4,0.2182416468858719,0.0003,50.0,5348,,
-0.9703481197357178,-2.40177059173584,80499,1612,15,0.002678539836779237,80600,1.1,0.49000000953674316,-26.77,0.17342832684516907,0.0003,50.0,5362,,
-0.9708842635154724,-0.1496271789073944,80699,1616,15,0.0026891259476542473,80800,1.1,0.47999998927116394,-27.07,0.28074464201927185,0.0003,50.0,5376,,
-0.7795603275299072,-0.7738995552062988,80899,1620,15,0.0027518547140061855,81000,1.1,0.46000000834465027,-27.39,0.18376389145851135,0.0003,50.0,5389,,
-0.8820946216583252,-0.209328293800354,81099,1624,15,0.0027211373671889305,81200,1.1,0.41999998688697815,-28.86,0.16228623688220978,0.0003,50.0,5403,,
-0.9291500449180603,-1.4985580444335938,81299,1628,15,0.0027549834921956062,81400,1.1,0.4399999976158142,-28.14,0.2110447734594345,0.0003,50.0,5417,,
-0.6037225127220154,3.545588731765747,81499,1632,15,0.0027356145437806845,81600,1.1,0.44999998807907104,-27.81,0.23423926532268524,0.0003,50.0,5431,,
-1.0566209554672241,-2.2713217735290527,81699,1636,15,0.0026233450043946505,81800,1.1,0.4300000071525574,-28.66,0.16253620386123657,0.0003,50.0,5445,,
-0.9978838562965393,-4.653050422668457,81899,1640,15,0.0025122954975813627,82000,1.1,0.46000000834465027,-27.92,0.21572144329547882,0.0003,50.0,5459,,
-0.813919723033905,3.8891758918762207,82099,1644,15,0.0025086228270083666,82200,1.1,0.46000000834465027,-28.04,0.26307010650634766,0.0003,50.0,5473,,
-1.0558602809906006,-2.4777092933654785,82299,1648,15,0.0025091131683439016,82400,1.1,0.4699999988079071,-27.75,0.21035683155059814,0.0003,50.0,5487,,
-0.7314399480819702,1.6181163787841797,82499,1652,15,0.0025315165985375643,82600,1.1,0.49000000953674316,-27.08,0.2927144467830658,0.0003,50.0,5501,,
-1.1819493770599365,-1.4071091413497925,82699,1656,15,0.0025666842702776194,82800,1.1,0.47999998927116394,-27.45,0.23207545280456543,0.0003,50.0,5516,,
-0.878659725189209,3.792571783065796,82899,1660,15,0.002646110951900482,83000,1.1,0.47999998927116394,-27.73,0.15366464853286743,0.0003,50.0,5529,,
-1.0104713439941406,0.28173699975013733,83099,1664,15,0.0026896812487393618,83200,1.1,0.46000000834465027,-28.13,0.23638200759887695,0.0003,50.0,5543,,
-0.9371734261512756,0.31092220544815063,83299,1668,15,0.002740310737863183,83400,1.1,0.47999998927116394,-27.26,0.18615536391735077,0.0003,50.0,5557,,
-0.7119466066360474,1.7377294301986694,83499,1672,15,0.0027563052717596292,83600,1.1,0.5,-26.72,0.2606015205383301,0.0003,50.0,5571,,
-1.081595778465271,-2.6134471893310547,83699,1676,15,0.002752911299467087,83800,1.1,0.5,-27.43,0.18431805074214935,0.0003,50.0,5585,,
-0.8529414534568787,1.0592877864837646,83899,1680,15,0.002743918215855956,84000,1.1,0.49000000953674316,-28.24,0.25218456983566284,0.0003,50.0,5599,,
-1.1234005689620972,-1.5550020933151245,84099,1684,14,0.002731817541643977,84200,1.1,0.5,-27.53,0.19792704284191132,0.0003,50.0,5613,,
-0.9815313220024109,2.276021957397461,84299,1688,14,0.002816167427226901,84400,1.1,0.5099999904632568,-27.44,0.3064829111099243,0.0003,50.0,5628,,
-0.8816102147102356,0.30779150128364563,84499,1692,14,0.002846487332135439,84600,1.1,0.5099999904632568,-26.91,0.23337361216545105,0.0003,50.0,5641,,
-1.0045708417892456,-1.013600468635559,84699,1696,14,0.0028504561632871628,84800,1.1,0.5,-27.65,0.21530508995056152,0.0003,50.0,5655,,
-0.7636076807975769,1.2511000633239746,84899,1700,14,0.0028115063905715942,85000,1.1,0.5099999904632568,-27.36,0.24603502452373505,0.0003,50.0,5673,1.0,0.019910011253394734
-1.0806080102920532,0.4055356979370117,85099,1704,14,0.0027885243762284517,85200,1.1,0.5199999809265137,-27.19,0.21541476249694824,0.0003,50.0,5687,,
-0.8790050148963928,-0.8228222131729126,85299,1708,14,0.002771063707768917,85400,1.1,0.47999998927116394,-28.42,0.2150842547416687,0.0003,50.0,5701,,
-1.059942364692688,-1.2146189212799072,85499,1712,14,0.002745605306699872,85600,1.1,0.4699999988079071,-28.97,0.2551284432411194,0.0003,50.0,5715,,
-1.2166237831115723,-0.953811764717102,85699,1716,14,0.002742946380749345,85800,1.1,0.4699999988079071,-28.8,0.19135896861553192,0.0003,50.0,5729,,
-0.8351648449897766,0.6026092171669006,85899,1720,14,0.0027127317152917385,86000,1.1,0.46000000834465027,-29.46,0.3460916578769684,0.0003,50.0,5743,,
-0.5397096872329712,-1.4278963804244995,86099,1724,14,0.0027069624047726393,86200,1.1,0.4699999988079071,-29.37,0.25781723856925964,0.0003,50.0,5757,,
-0.7573301792144775,-3.2195606231689453,86299,1728,14,0.0026420827489346266,86400,1.1,0.46000000834465027,-29.82,0.1871536672115326,0.0003,50.0,5771,,
-1.2497998476028442,-2.2879176139831543,86499,1732,14,0.002588046481832862,86600,1.1,0.4399999976158142,-30.46,0.24758896231651306,0.0003,50.0,5785,,
-0.9284502267837524,0.9384841918945312,86699,1736,14,0.00256142090074718,86800,1.1,0.46000000834465027,-29.55,0.3300763964653015,0.0003,50.0,5799,,
-0.9357773065567017,-0.25315165519714355,86899,1740,14,0.002574670361354947,87000,1.1,0.44999998807907104,-29.48,0.26455241441726685,0.0003,50.0,5813,,
-1.2644845247268677,-2.6847522258758545,87099,1744,14,0.0025661459658294916,87200,1.1,0.44999998807907104,-29.32,0.3191927671432495,0.0003,50.0,5827,,
-0.8827542066574097,-3.2007014751434326,87299,1748,14,0.00256958045065403,87400,1.1,0.46000000834465027,-29.23,0.39517396688461304,0.0003,50.0,5841,,
-1.1030641794204712,2.0614476203918457,87499,1752,14,0.002535112900659442,87600,1.1,0.44999998807907104,-29.47,0.30710381269454956,0.0003,50.0,5855,,
-0.9958463311195374,-2.1128363609313965,87699,1756,14,0.0025001869071274996,87800,1.1,0.46000000834465027,-29.28,0.3211803436279297,0.0003,50.0,5869,,
-1.1611584424972534,-2.9512336254119873,87899,1760,14,0.002489070873707533,88000,1.1,0.4300000071525574,-30.06,0.26795393228530884,0.0003,50.0,5883,,
-0.7688500285148621,-3.418501138687134,88099,1764,14,0.0025044598150998354,88200,1.1,0.4399999976158142,-30.35,0.2425267994403839,0.0003,50.0,5897,,
-0.8523037433624268,-2.9211621284484863,88299,1768,14,0.002496634377166629,88400,1.1,0.4399999976158142,-30.07,0.29372483491897583,0.0003,50.0,5911,,
-0.9194909930229187,0.5159654021263123,88499,1772,14,0.0025220608804374933,88600,1.1,0.4099999964237213,-31.35,0.19553041458129883,0.0003,50.0,5925,,
-1.3036283254623413,0.23560717701911926,88699,1776,14,0.002540353685617447,88800,1.1,0.4099999964237213,-31.38,0.25631844997406006,0.0003,50.0,5940,,
-1.0543062686920166,0.35104304552078247,88899,1780,14,0.0025786524638533592,89000,1.1,0.4300000071525574,-30.52,0.23080074787139893,0.0003,50.0,5954,,
-0.8891903758049011,-0.2923344075679779,89099,1784,14,0.002666929503902793,89200,1.1,0.41999998688697815,-30.66,0.3186608552932739,0.0003,50.0,5968,,
-0.9337897896766663,-1.920470118522644,89299,1788,14,0.0027354175690561533,89400,1.1,0.4099999964237213,-30.62,0.27060091495513916,0.0003,50.0,5983,,
-0.6089714765548706,2.0961198806762695,89499,1792,14,0.002791693666949868,89600,1.1,0.41999998688697815,-30.66,0.3817088007926941,0.0003,50.0,5998,,
-1.3017922639846802,-3.077227830886841,89699,1796,14,0.0027739086654037237,89800,1.1,0.41999998688697815,-30.89,0.24857912957668304,0.0003,50.0,6017,,
-1.0706473588943481,-2.926194667816162,89899,1800,14,0.0027967579662799835,90000,1.1,0.4099999964237213,-31.11,0.3058013916015625,0.0003,50.0,6035,1.0,0.020970770277972665
-1.2936537265777588,-0.9631776809692383,90099,1804,14,0.002831681165844202,90200,1.1,0.4000000059604645,-31.0,0.17813025414943695,0.0003,50.0,6051,,
-1.0274277925491333,-2.0801379680633545,90299,1808,14,0.0028435816057026386,90400,1.1,0.4099999964237213,-31.12,0.23358306288719177,0.0003,50.0,6069,,
-1.0685064792633057,-2.677924156188965,90499,1812,14,0.002801637863740325,90600,1.1,0.4099999964237213,-30.95,0.2820841372013092,0.0003,50.0,6086,,
-0.8453599214553833,1.4017629623413086,90699,1816,14,0.002789172111079097,90800,1.1,0.4099999964237213,-31.01,0.29231372475624084,0.0003,50.0,6100,,
-0.9548063278198242,2.4454240798950195,90899,1820,14,0.0027975128032267094,91000,1.1,0.41999998688697815,-30.63,0.28704196214675903,0.0003,50.0,6116,,
-1.262384295463562,1.9137859344482422,91099,1824,14,0.0029073390178382397,91200,1.1,0.4099999964237213,-30.96,0.2684482932090759,0.0003,50.0,6130,,
-0.848359227180481,-1.471642255783081,91299,1828,14,0.0028841679450124502,91400,1.1,0.41999998688697815,-30.53,0.3402087092399597,0.0003,50.0,6146,,
-1.037771224975586,-1.5952211618423462,91499,1832,14,0.002812430262565613,91600,1.1,0.41999998688697815,-30.55,0.25056660175323486,0.0003,50.0,6163,,
-1.3061665296554565,-0.9373841881752014,91699,1836,14,0.0028327007312327623,91800,1.1,0.4300000071525574,-30.35,0.31238025426864624,0.0003,50.0,6177,,
-1.3731625080108643,0.5018783807754517,91899,1840,14,0.002840199042111635,92000,1.1,0.4399999976158142,-30.08,0.227503702044487,0.0003,50.0,6195,,
-0.7778953313827515,-0.0002422928810119629,92099,1844,14,0.0029203607700765133,92200,1.1,0.4300000071525574,-30.56,0.33156833052635193,0.0003,50.0,6209,,
-0.9148441553115845,-1.0243486166000366,92299,1848,14,0.002950558438897133,92400,1.1,0.41999998688697815,-30.6,0.3493212163448334,0.0003,50.0,6223,,
-1.0481481552124023,-2.7352747917175293,92499,1852,14,0.0028860995080322027,92600,1.1,0.4300000071525574,-30.28,0.2730681300163269,0.0003,50.0,6236,,
-1.0209317207336426,2.5532941818237305,92699,1856,14,0.00285489484667778,92800,1.1,0.4099999964237213,-30.02,0.3800370693206787,0.0003,50.0,6250,,
-1.2579936981201172,0.6152529120445251,92899,1860,14,0.0028744020964950323,93000,1.1,0.4099999964237213,-30.08,0.34806108474731445,0.0003,50.0,6264,,
-1.0239605903625488,0.607646107673645,93099,1864,14,0.0029163446743041277,93200,1.1,0.38999998569488525,-30.24,0.4216456413269043,0.0003,50.0,6278,,
-0.6968057155609131,2.3975231647491455,93299,1868,14,0.0030289317946881056,93400,1.1,0.4000000059604645,-29.87,0.4201008677482605,0.0003,50.0,6292,,
-1.2605880498886108,-0.38102051615715027,93499,1872,14,0.0031006468925625086,93600,1.1,0.4099999964237213,-29.06,0.3406301438808441,0.0003,50.0,6306,,
-0.7713524699211121,2.0082364082336426,93699,1876,14,0.0031607765704393387,93800,1.1,0.4099999964237213,-28.96,0.4214349687099457,0.0003,50.0,6320,,
-1.2181748151779175,-1.2223334312438965,93899,1880,14,0.0032730826642364264,94000,1.1,0.38999998569488525,-29.95,0.36338162422180176,0.0003,50.0,6334,,
-1.0830051898956299,-0.8523274660110474,94099,1884,14,0.003221304388716817,94200,1.1,0.3799999952316284,-30.52,0.33270370960235596,0.0003,50.0,6348,,
-1.2490644454956055,-1.5347001552581787,94299,1888,14,0.0030947502236813307,94400,1.1,0.38999998569488525,-30.19,0.25050026178359985,0.0003,50.0,6362,,
-1.0221102237701416,4.694365978240967,94499,1892,14,0.003166266018524766,94600,1.1,0.36000001430511475,-31.41,0.3388923406600952,0.0003,50.0,6377,,
-0.7294740080833435,0.47714298963546753,94699,1896,14,0.0032293417025357485,94800,1.1,0.3799999952316284,-30.24,0.3667030930519104,0.0003,50.0,6390,,
-1.2789788246154785,0.09588795900344849,94899,1900,14,0.0032847183756530285,95000,1.1,0.3799999952316284,-30.53,0.37146759033203125,0.0003,50.0,6410,1.0,0.02596838247585747
-0.9678171277046204,-3.39632511138916,95099,1904,14,0.0033700757194310427,95200,1.1,0.3799999952316284,-30.7,0.3892707824707031,0.0003,50.0,6424,,
-1.1964688301086426,1.4759502410888672,95299,1908,14,0.003215731820091605,95400,1.1,0.3700000047683716,-31.14,0.4112932085990906,0.0003,50.0,6438,,
-1.1308116912841797,-0.8482380509376526,95499,1912,14,0.0031397645361721516,95600,1.1,0.36000001430511475,-31.58,0.3902725577354431,0.0003,50.0,6452,,
-1.4186302423477173,1.1298376321792603,95699,1916,14,0.0030732390005141497,95800,1.1,0.3499999940395355,-31.97,0.2637670040130615,0.0003,50.0,6467,,
-1.4464713335037231,-2.087294101715088,95899,1920,14,0.003067387267947197,96000,1.1,0.3499999940395355,-31.79,0.33391886949539185,0.0003,50.0,6481,,
-1.2679396867752075,-0.6543139219284058,96099,1924,14,0.0030471920035779476,96200,1.1,0.36000001430511475,-31.3,0.34570619463920593,0.0003,50.0,6495,,
-1.2157008647918701,3.280522584915161,96299,1928,14,0.0030992750544101,96400,1.1,0.3499999940395355,-31.81,0.4362010955810547,0.0003,50.0,6509,,
-1.2150682210922241,-1.6257619857788086,96499,1932,14,0.0031066169030964375,96600,1.1,0.3499999940395355,-31.95,0.34347566962242126,0.0003,50.0,6523,,
-1.1436762809753418,-1.6281393766403198,96699,1936,14,0.0029956370126456022,96800,1.1,0.3199999928474426,-33.01,0.29410338401794434,0.0003,50.0,6537,,
-1.5079891681671143,2.0592308044433594,96899,1940,14,0.0031064481008797884,97000,1.1,0.28999999165534973,-33.86,0.45973682403564453,0.0003,50.0,6551,,
-1.009974479675293,-1.5041513442993164,97099,1944,14,0.003107147291302681,97200,1.1,0.30000001192092896,-33.43,0.4603639245033264,0.0003,50.0,6565,,
-1.0886611938476562,-0.2465324103832245,97299,1948,14,0.003096918808296323,97400,1.1,0.3100000023841858,-33.34,0.40794312953948975,0.0003,50.0,6579,,
-0.9590131044387817,3.399000883102417,97499,1952,14,0.003112009260803461,97600,1.1,0.28999999165534973,-34.14,0.4373827874660492,0.0003,50.0,6593,,
-1.498497724533081,-2.0154781341552734,97699,1956,14,0.003149440512061119,97800,1.1,0.2800000011920929,-35.08,0.4640308618545532,0.0003,50.0,6609,,
-1.0552403926849365,-2.365941047668457,97899,1960,14,0.003080213675275445,98000,1.1,0.2800000011920929,-35.09,0.7333571314811707,0.0003,50.0,6625,,
-1.3643680810928345,1.4711412191390991,98099,1964,14,0.003125546732917428,98200,1.1,0.30000001192092896,-34.64,0.3757151961326599,0.0003,50.0,6642,,
-0.5392014980316162,2.417259454727173,98299,1968,14,0.0031307705212384462,98400,1.1,0.2800000011920929,-35.83,0.5976375341415405,0.0003,50.0,6658,,
-1.4230992794036865,-0.18525755405426025,98499,1972,14,0.003163333749398589,98600,1.1,0.27000001072883606,-36.28,0.4379163980484009,0.0003,50.0,6669,,
-0.35553792119026184,5.929470539093018,98699,1976,14,0.0031362734735012054,98800,1.1,0.25999999046325684,-36.82,0.5599618554115295,0.0003,50.0,6681,,
-0.6264164447784424,2.6607608795166016,98899,1980,14,0.0030839184764772654,99000,1.1,0.27000001072883606,-36.3,0.5921011567115784,0.0003,50.0,6696,,
-1.287124514579773,-5.875819206237793,99099,1984,14,0.0030559925362467766,99200,1.1,0.25999999046325684,-36.65,0.4562916159629822,0.0003,50.0,6709,,
-1.5470759868621826,2.2004263401031494,99299,1988,14,0.0029127507004886866,99400,1.1,0.23000000417232513,-38.07,0.36054641008377075,0.0003,50.0,6718,,
-0.6860558390617371,-0.2673712968826294,99499,1992,14,0.0029294025152921677,99600,1.1,0.23999999463558197,-37.39,0.5314918756484985,0.0003,50.0,6726,,
-1.1408182382583618,1.2077265977859497,99699,1996,14,0.0029423239175230265,99800,1.1,0.20999999344348907,-38.75,0.45486685633659363,0.0003,50.0,6734,,
-1.3255648612976074,-0.41959017515182495,99899,2000,14,0.00292829517275095,100000,1.1,0.1899999976158142,-39.48,0.47083088755607605,0.0003,50.0,6745,1.0,0.023168992054957527
