rollout/success_rate,train/ent_coef_loss,time/total_timesteps,time/episodes,train/actor_loss,curriculum/epsilon,train/critic_loss,rollout/ep_len_mean,train/n_updates,train/ent_coef,rollout/ep_rew_mean,time/time_elapsed,time/fps,train/learning_rate,eval/clean_mean_d,eval/clean_success_rate
0.0,-0.1970311552286148,200,4,-5.07332706451416,0.0044,0.27011919021606445,50.0,99,0.9710294008255005,-48.75,6,30,0.0003,,
0.0,-0.5994377136230469,400,8,-6.2552971839904785,0.0088,0.24105659127235413,50.0,299,0.914478063583374,-47.75,19,20,0.0003,,
0.0,-1.0051673650741577,600,12,-7.392271995544434,0.0132,0.20657619833946228,50.0,499,0.8612130284309387,-48.25,31,19,0.0003,,
0.0,-1.4071329832077026,800,16,-8.338912010192871,0.0176,0.2121567726135254,50.0,699,0.8110571503639221,-48.6875,44,18,0.0003,,
0.0,-1.8102054595947266,1000,20,-9.34634017944336,0.022,0.2234502136707306,50.0,899,0.7638324499130249,-48.8,56,17,0.0003,,
0.0,-2.215773105621338,1200,24,-10.152915954589844,0.0264,0.21935054659843445,50.0,1099,0.7193360924720764,-49.0,69,17,0.0003,,
0.0,-2.618865966796875,1400,28,-11.01318073272705,0.030799999999999998,0.20689333975315094,50.0,1299,0.6774337887763977,-49.142857142857146,82,16,0.0003,,
0.0,-3.04257869720459,1600,32,-11.76852798461914,0.0352,0.20265617966651917,50.0,1499,0.6379861235618591,-49.25,95,16,0.0003,,
0.0,-3.4246273040771484,1800,36,-12.222515106201172,0.039599999999999996,0.23792415857315063,50.0,1699,0.6008398532867432,-49.25,108,16,0.0003,,
0.0,-3.8344244956970215,2000,40,-12.72688102722168,0.044,0.20383498072624207,50.0,1899,0.5658707022666931,-49.175,121,16,0.0003,,
0.0,-4.222112655639648,2200,44,-13.210411071777344,0.0484,0.2186473160982132,50.0,2099,0.5329267978668213,-49.15909090909091,134,16,0.0003,,
0.0,-4.657118320465088,2400,48,-13.617721557617188,0.0528,0.20260301232337952,50.0,2299,0.5019112229347229,-49.229166666666664,146,16,0.0003,,
0.0,-5.037075042724609,2600,52,-13.860319137573242,0.0572,0.19686034321784973,50.0,2499,0.4727035462856293,-49.28846153846154,159,16,0.0003,,
0.0,-5.428468704223633,2800,56,-14.077032089233398,0.061599999999999995,0.19544631242752075,50.0,2699,0.4452027976512909,-49.267857142857146,172,16,0.0003,,
0.0,-5.843980312347412,3000,60,-14.191328048706055,0.066,0.20100033283233643,50.0,2899,0.41930070519447327,-49.3,184,16,0.0003,,
0.0,-6.23143196105957,3200,64,-14.195152282714844,0.0704,0.16921505331993103,50.0,3099,0.39492836594581604,-49.34375,197,16,0.0003,,
0.0,-6.62343168258667,3400,68,-14.329902648925781,0.07479999999999999,0.19491800665855408,50.0,3299,0.3719795048236847,-49.38235294117647,209,16,0.0003,,
0.0,-6.985318183898926,3600,72,-14.256189346313477,0.07919999999999999,0.17450019717216492,50.0,3499,0.3503648638725281,-49.416666666666664,222,16,0.0003,,
0.0,-7.408038139343262,3800,76,-14.27822208404541,0.0836,0.20060491561889648,50.0,3699,0.33002743124961853,-49.44736842105263,235,16,0.0003,,
0.0,-7.8258748054504395,4000,80,-14.087327003479004,0.088,0.1980336606502533,50.0,3899,0.3108794689178467,-49.475,248,16,0.0003,,
0.011904762126505375,-8.204188346862793,4200,84,-13.832448959350586,0.0924,0.2019161731004715,50.0,4099,0.2928374409675598,-49.45238095238095,261,16,0.0003,,
0.011363636702299118,-8.486180305480957,4400,88,-13.690030097961426,0.0968,0.17633652687072754,50.0,4299,0.27587026357650757,-49.47727272727273,274,16,0.0003,,
0.010869565419852734,-8.982124328613281,4600,92,-13.445062637329102,0.1012,0.17958196997642517,50.0,4499,0.2598952054977417,-49.5,286,16,0.0003,,
0.010416666977107525,-9.375125885009766,4800,96,-13.26752758026123,0.1056,0.19383248686790466,50.0,4699,0.24486523866653442,-49.520833333333336,299,16,0.0003,,
0.009999999776482582,-9.734674453735352,5000,100,-12.926076889038086,0.11,0.1688707172870636,50.0,4899,0.23069119453430176,-49.52,315,15,0.0003,0.31410298483466065,0.2
0.009999999776482582,-10.030546188354492,5200,104,-12.594260215759277,0.1144,0.18553081154823303,50.0,5099,0.21735575795173645,-49.52,328,15,0.0003,,
0.009999999776482582,-10.311802864074707,5400,108,-11.97311019897461,0.1188,0.1844175159931183,50.0,5299,0.204825296998024,-49.64,341,15,0.0003,,
0.009999999776482582,-10.697446823120117,5600,112,-11.997333526611328,0.12319999999999999,0.17175805568695068,50.0,5499,0.1930578500032425,-49.66,353,15,0.0003,,
0.009999999776482582,-11.0487060546875,5800,116,-11.418012619018555,0.1276,0.15104100108146667,50.0,5699,0.1820005476474762,-49.66,366,15,0.0003,,
0.009999999776482582,-11.475375175476074,6000,120,-10.949743270874023,0.132,0.17110468447208405,50.0,5899,0.17159606516361237,-49.62,379,15,0.0003,,
0.009999999776482582,-11.506314277648926,6200,124,-10.576452255249023,0.1364,0.15144860744476318,50.0,6099,0.1618400514125824,-49.61,392,15,0.0003,,
0.009999999776482582,-11.659335136413574,6400,128,-10.17432689666748,0.1408,0.16891299188137054,50.0,6299,0.15268133580684662,-49.53,404,15,0.0003,,
0.009999999776482582,-12.096261024475098,6600,132,-9.654471397399902,0.1452,0.12980122864246368,50.0,6499,0.14410005509853363,-49.53,417,15,0.0003,,
0.009999999776482582,-12.09206771850586,6800,136,-9.35112190246582,0.14959999999999998,0.15143808722496033,50.0,6699,0.13604755699634552,-49.43,430,15,0.0003,,
0.009999999776482582,-12.157750129699707,7000,140,-8.618571281433105,0.154,0.14689350128173828,50.0,6899,0.12850427627563477,-49.49,443,15,0.0003,,
0.019999999552965164,-12.315657615661621,7200,144,-8.50755500793457,0.15839999999999999,0.1627330780029297,50.0,7099,0.12142783403396606,-49.44,456,15,0.0003,,
0.019999999552965164,-12.231831550598145,7400,148,-7.792515754699707,0.1628,0.13265380263328552,50.0,7299,0.11477899551391602,-49.36,468,15,0.0003,,
0.019999999552965164,-12.900829315185547,7600,152,-7.57978630065918,0.1672,0.16359710693359375,50.0,7499,0.10854130983352661,-49.18,481,15,0.0003,,
0.019999999552965164,-12.627761840820312,7800,156,-7.150298118591309,0.1716,0.1505587100982666,50.0,7699,0.10265939682722092,-49.06,497,15,0.0003,,
0.019999999552965164,-12.843411445617676,8000,160,-6.793900489807129,0.176,0.1464635133743286,50.0,7899,0.09714289009571075,-49.0,511,15,0.0003,,
0.019999999552965164,-12.359349250793457,8200,164,-6.271780490875244,0.1804,0.1370602548122406,50.0,8099,0.09196867793798447,-48.64,526,15,0.0003,,
0.019999999552965164,-12.363533020019531,8400,168,-5.686313152313232,0.1848,0.13484735786914825,50.0,8299,0.08713925629854202,-48.37,540,15,0.0003,,
0.029999999329447746,-12.260478019714355,8600,172,-5.289949417114258,0.1892,0.13227181136608124,50.0,8499,0.08257757127285004,-47.89,553,15,0.0003,,
0.029999999329447746,-12.138481140136719,8800,176,-4.962777137756348,0.1936,0.1420159637928009,50.0,8699,0.07831182330846786,-47.16,570,15,0.0003,,
0.029999999329447746,-12.29401969909668,9000,180,-4.920135974884033,0.19799999999999998,0.14198341965675354,50.0,8899,0.0743088647723198,-46.4,585,15,0.0003,,
0.03999999910593033,-11.8743896484375,9200,184,-4.287678241729736,0.2024,0.14177760481834412,50.0,9099,0.07054979354143143,-45.5,602,15,0.0003,,
0.03999999910593033,-12.430244445800781,9400,188,-4.345873832702637,0.20679999999999998,0.1586039662361145,50.0,9299,0.06701353937387466,-44.83,616,15,0.0003,,
0.05999999865889549,-11.43183422088623,9600,192,-3.7829599380493164,0.2112,0.13547806441783905,50.0,9499,0.06368834525346756,-43.92,630,15,0.0003,,
0.07999999821186066,-11.702688217163086,9800,196,-3.7571897506713867,0.21559999999999999,0.17765355110168457,50.0,9699,0.060569509863853455,-42.76,643,15,0.0003,,
0.10999999940395355,-11.833770751953125,10000,200,-3.336413860321045,0.22,0.14189207553863525,50.0,9899,0.057637497782707214,-41.85,661,15,0.0003,0.029244920534941127,1.0
0.12999999523162842,-10.490379333496094,10200,204,-3.111156463623047,0.2244,0.14349111914634705,50.0,10099,0.054870858788490295,-40.45,677,15,0.0003,,
0.17000000178813934,-10.217509269714355,10400,208,-2.8080947399139404,0.2288,0.1287401020526886,50.0,10299,0.05226169526576996,-38.73,690,15,0.0003,,
0.20999999344348907,-10.43072509765625,10600,212,-2.738905906677246,0.2332,0.14313024282455444,50.0,10499,0.049772635102272034,-37.04,705,15,0.0003,,
0.25,-10.846952438354492,10800,216,-2.4718739986419678,0.2376,0.15626317262649536,50.0,10699,0.04741980507969856,-35.32,718,15,0.0003,,
0.2800000011920929,-9.822075843811035,11000,220,-2.3844430446624756,0.242,0.1471703052520752,50.0,10899,0.04515548050403595,-33.87,735,14,0.0003,,
0.3199999928474426,-9.044181823730469,11200,224,-2.2490618228912354,0.24639999999999998,0.16983619332313538,50.0,11099,0.04301179200410843,-32.22,753,14,0.0003,,
0.3400000035762787,-9.903215408325195,11400,228,-1.9109524488449097,0.25079999999999997,0.14155593514442444,50.0,11299,0.04100513458251953,-30.73,768,14,0.0003,,
0.3700000047683716,-9.334061622619629,11600,232,-1.8588690757751465,0.2552,0.14810293912887573,50.0,11499,0.03909599781036377,-29.23,782,14,0.0003,,
0.4099999964237213,-9.761646270751953,11800,236,-1.903672218322754,0.2596,0.13321292400360107,50.0,11699,0.037257954478263855,-27.79,798,14,0.0003,,
0.44999998807907104,-8.454802513122559,12000,240,-1.5395143032073975,0.264,0.12228435277938843,50.0,11899,0.03557891398668289,-25.87,812,14,0.0003,,
0.47999998927116394,-8.591170310974121,12200,244,-1.6510412693023682,0.26839999999999997,0.14857646822929382,50.0,12099,0.033967532217502594,-24.25,829,14,0.0003,,
0.5199999809265137,-8.520013809204102,12400,248,-1.7597228288650513,0.2728,0.12764716148376465,50.0,12299,0.032409168779850006,-22.42,844,14,0.0003,,
0.550000011920929,-6.650603771209717,12600,252,-1.1739130020141602,0.2772,0.14375874400138855,50.0,12499,0.030895279720425606,-20.98,858,14,0.0003,,
0.5899999737739563,-7.157540798187256,12800,256,-1.2154000997543335,0.2816,0.14594393968582153,50.0,12699,0.029528843238949776,-19.29,875,14,0.0003,,
0.6299999952316284,-6.989269733428955,13000,260,-1.317190170288086,0.286,0.1225619986653328,50.0,12899,0.02816232107579708,-17.56,891,14,0.0003,,
0.6700000166893005,-5.829046249389648,13200,264,-1.3693253993988037,0.2904,0.14199046790599823,50.0,13099,0.026991670951247215,-16.03,907,14,0.0003,,
0.7099999785423279,-6.51958703994751,13400,268,-1.3812029361724854,0.2948,0.14980067312717438,50.0,13299,0.025898853316903114,-14.41,924,14,0.0003,,
0.7400000095367432,-6.415655612945557,13600,272,-1.5562257766723633,0.29919999999999997,0.11595934629440308,50.0,13499,0.024742471054196358,-13.02,940,14,0.0003,,
0.7699999809265137,-6.993678569793701,13800,276,-1.193800926208496,0.3036,0.1493166834115982,50.0,13699,0.023638354614377022,-11.92,954,14,0.0003,,
0.8100000023841858,-4.764756202697754,14000,280,-1.0031722784042358,0.308,0.1257999986410141,50.0,13899,0.02257128246128559,-10.91,969,14,0.0003,,
0.8299999833106995,-5.352734088897705,14200,284,-1.6250500679016113,0.3124,0.12995703518390656,50.0,14099,0.021672997623682022,-9.89,988,14,0.0003,,
0.8700000047683716,-4.6170501708984375,14400,288,-1.7175230979919434,0.31679999999999997,0.12179405987262726,50.0,14299,0.020896200090646744,-8.67,1005,14,0.0003,,
0.8899999856948853,-5.916617393493652,14600,292,-1.8557242155075073,0.3212,0.12880831956863403,50.0,14499,0.020148159936070442,-7.62,1023,14,0.0003,,
0.9100000262260437,-3.0610523223876953,14800,296,-1.4870691299438477,0.3256,0.11915458738803864,50.0,14699,0.01929495669901371,-6.91,1039,14,0.0003,,
0.9200000166893005,-3.5426974296569824,15000,300,-1.848949909210205,0.33,0.11101966351270676,50.0,14899,0.018559282645583153,-5.91,1060,14,0.0003,0.013394321145809084,1.0
0.9399999976158142,-3.6320409774780273,15200,304,-1.8475319147109985,0.3344,0.1113956868648529,50.0,15099,0.01790202409029007,-5.42,1074,14,0.0003,,
0.9399999976158142,-4.534789562225342,15400,308,-1.9039021730422974,0.3388,0.11374662816524506,50.0,15299,0.017243502661585808,-5.28,1088,14,0.0003,,
0.9399999976158142,-2.2587924003601074,15600,312,-1.9120105504989624,0.3432,0.09386759996414185,50.0,15499,0.01660027913749218,-5.06,1101,14,0.0003,,
0.9399999976158142,-3.324599027633667,15800,316,-1.9785559177398682,0.34759999999999996,0.09101545065641403,50.0,15699,0.01602800004184246,-4.84,1115,14,0.0003,,
0.949999988079071,-4.884275436401367,16000,320,-2.4293363094329834,0.352,0.10314550250768661,50.0,15899,0.015444789081811905,-4.42,1129,14,0.0003,,
0.949999988079071,-3.0815505981445312,16200,324,-2.2802693843841553,0.3564,0.08892123401165009,50.0,16099,0.014900516718626022,-4.14,1142,14,0.0003,,
0.9700000286102295,-4.21768856048584,16400,328,-2.540031671524048,0.3608,0.09694310277700424,50.0,16299,0.01437393669039011,-3.83,1156,14,0.0003,,
0.9800000190734863,-2.6884541511535645,16600,332,-2.340970277786255,0.36519999999999997,0.09734082221984863,50.0,16499,0.013852762058377266,-3.42,1170,14,0.0003,,
0.9800000190734863,-2.86635684967041,16800,336,-2.5189924240112305,0.3696,0.08603401482105255,50.0,16699,0.013392923399806023,-3.07,1184,14,0.0003,,
0.9800000190734863,-3.1820003986358643,17000,340,-2.513791561126709,0.374,0.09818313270807266,50.0,16899,0.012915512546896935,-3.07,1198,14,0.0003,,
0.9800000190734863,-2.4791159629821777,17200,344,-2.445143938064575,0.3784,0.09567387402057648,50.0,17099,0.01244633924216032,-2.84,1211,14,0.0003,,
0.9800000190734863,-2.5959861278533936,17400,348,-2.3856759071350098,0.3828,0.07942907512187958,50.0,17299,0.01206151396036148,-2.78,1225,14,0.0003,,
0.9900000095367432,-2.308788776397705,17600,352,-2.636528491973877,0.3872,0.07953260838985443,50.0,17499,0.01171739213168621,-2.55,1239,14,0.0003,,
0.9900000095367432,-1.3036737442016602,17800,356,-2.38632869720459,0.3916,0.08709695190191269,50.0,17699,0.011339964345097542,-2.5,1252,14,0.0003,,
0.9900000095367432,-0.5816399455070496,18000,360,-2.5588061809539795,0.39599999999999996,0.08890125900506973,50.0,17899,0.011014974676072598,-2.43,1266,14,0.0003,,
0.9900000095367432,-1.3026353120803833,18200,364,-2.6527252197265625,0.4004,0.07308372855186462,50.0,18099,0.010655135847628117,-2.42,1280,14,0.0003,,
0.9900000095367432,-0.7015594244003296,18400,368,-2.5192601680755615,0.4048,0.07033766806125641,50.0,18299,0.010341642424464226,-2.4,1293,14,0.0003,,
0.9900000095367432,-2.3251428604125977,18600,372,-3.021815776824951,0.4092,0.09846951067447662,50.0,18499,0.010106212459504604,-2.33,1307,14,0.0003,,
1.0,-2.900555372238159,18800,376,-2.9326257705688477,0.41359999999999997,0.07699008285999298,50.0,18699,0.009937681257724762,-2.25,1321,14,0.0003,,
1.0,-1.6191539764404297,19000,380,-2.9065113067626953,0.418,0.06798771023750305,50.0,18899,0.009718437679111958,-2.11,1334,14,0.0003,,
1.0,0.10530918836593628,19200,384,-3.0361738204956055,0.4224,0.07336079329252243,50.0,19099,0.009556500241160393,-2.16,1348,14,0.0003,,
1.0,-1.3684134483337402,19400,388,-3.065612316131592,0.4268,0.08034408092498779,50.0,19299,0.0093971723690629,-2.13,1362,14,0.0003,,
1.0,0.1290818750858307,19600,392,-2.9297332763671875,0.43119999999999997,0.07523895800113678,50.0,19499,0.009436309337615967,-2.23,1375,14,0.0003,,
1.0,1.5429439544677734,19800,396,-2.9462039470672607,0.4356,0.08601365983486176,50.0,19699,0.009202674962580204,-2.21,1389,14,0.0003,,
1.0,-0.7565525770187378,20000,400,-3.1089985370635986,0.44,0.07963031530380249,50.0,19899,0.009136838838458061,-2.23,1407,14,0.0003,0.009645788423386198,1.0
1.0,-0.49457213282585144,20200,404,-3.3847098350524902,0.44439999999999996,0.07457888126373291,50.0,20099,0.009099751710891724,-2.25,1422,14,0.0003,,
1.0,1.1655890941619873,20400,408,-3.1720221042633057,0.4488,0.06905283778905869,50.0,20299,0.00895687472075224,-2.2,1436,14,0.0003,,
1.0,0.5699850916862488,20600,412,-3.155231475830078,0.4532,0.07215875387191772,50.0,20499,0.008880529552698135,-2.21,1449,14,0.0003,,
1.0,-0.2342078983783722,20800,416,-3.521904468536377,0.4576,0.07717813551425934,50.0,20699,0.008800050243735313,-2.22,1463,14,0.0003,,
1.0,0.178500235080719,21000,420,-3.359231472015381,0.46199999999999997,0.07438988983631134,50.0,20899,0.008725444786250591,-2.26,1477,14,0.0003,,
1.0,-0.3527665138244629,21200,424,-3.579113245010376,0.4664,0.06955264508724213,50.0,21099,0.008617591112852097,-2.27,1490,14,0.0003,,
1.0,-0.99454265832901,21400,428,-3.3928942680358887,0.4708,0.06958882510662079,50.0,21299,0.008428459987044334,-2.24,1504,14,0.0003,,
1.0,-0.8894250392913818,21600,432,-3.3692245483398438,0.4752,0.06553123891353607,50.0,21499,0.008214881643652916,-2.23,1518,14,0.0003,,
1.0,1.4461983442306519,21800,436,-3.4021735191345215,0.47959999999999997,0.08391674607992172,50.0,21699,0.008148811757564545,-2.23,1531,14,0.0003,,
1.0,-1.5610227584838867,22000,440,-3.5812618732452393,0.484,0.06796365976333618,50.0,21899,0.007948123849928379,-2.24,1545,14,0.0003,,
1.0,-1.7028878927230835,22200,444,-3.4406585693359375,0.4884,0.06406416743993759,50.0,22099,0.00779102323576808,-2.3,1559,14,0.0003,,
1.0,-0.7383512258529663,22400,448,-3.7818667888641357,0.49279999999999996,0.056261755526065826,50.0,22299,0.007689064368605614,-2.4,1573,14,0.0003,,
1.0,0.19354593753814697,22600,452,-3.6200714111328125,0.4972,0.058187298476696014,50.0,22499,0.007689177989959717,-2.34,1586,14,0.0003,,
1.0,1.5903215408325195,22800,456,-3.5751559734344482,0.5015999999999999,0.0619124174118042,50.0,22699,0.007702638395130634,-2.34,1600,14,0.0003,,
1.0,-0.02196010947227478,23000,460,-3.8492515087127686,0.506,0.04719875752925873,50.0,22899,0.007866302505135536,-2.33,1614,14,0.0003,,
1.0,-1.2700090408325195,23200,464,-3.791001558303833,0.5104,0.068564772605896,50.0,23099,0.007576450705528259,-2.32,1628,14,0.0003,,
1.0,0.38506945967674255,23400,468,-3.9931204319000244,0.5148,0.07375435531139374,50.0,23299,0.007465767208486795,-2.35,1641,14,0.0003,,
1.0,-0.09359681606292725,23600,472,-3.799809694290161,0.5192,0.06866868585348129,50.0,23499,0.007367611397057772,-2.38,1655,14,0.0003,,
1.0,0.5289494395256042,23800,476,-3.643146276473999,0.5236,0.07164175063371658,50.0,23699,0.007207085378468037,-2.36,1669,14,0.0003,,
1.0,-1.6490980386734009,24000,480,-4.065780162811279,0.528,0.054521650075912476,50.0,23899,0.007110557518899441,-2.36,1682,14,0.0003,,
1.0,-0.8949501514434814,24200,484,-4.103396892547607,0.5324,0.05606687068939209,50.0,24099,0.0070894621312618256,-2.4,1696,14,0.0003,,
1.0,-0.8023190498352051,24400,488,-4.171319961547852,0.5367999999999999,0.05555100739002228,50.0,24299,0.006816731300204992,-2.39,1710,14,0.0003,,
1.0,-1.1369121074676514,24600,492,-4.068427085876465,0.5412,0.05873315408825874,50.0,24499,0.006778163369745016,-2.34,1723,14,0.0003,,
1.0,-1.510178804397583,24800,496,-4.405163764953613,0.5456,0.05083097517490387,50.0,24699,0.006533884909003973,-2.33,1737,14,0.0003,,
1.0,-1.9130160808563232,25000,500,-4.02174186706543,0.5499999999999999,0.059177644550800323,50.0,24899,0.0063841743394732475,-2.28,1755,14,0.0003,0.026379653765603965,1.0
1.0,-0.732176661491394,25200,504,-4.077110290527344,0.5544,0.05681668594479561,50.0,25099,0.006308385170996189,-2.39,1769,14,0.0003,,
1.0,-0.3964681029319763,25400,508,-4.112678527832031,0.5588,0.064832404255867,50.0,25299,0.006293830927461386,-2.37,1782,14,0.0003,,
1.0,0.4921308159828186,25600,512,-4.145257949829102,0.5632,0.051287271082401276,50.0,25499,0.006159208249300718,-2.38,1796,14,0.0003,,
1.0,2.2513606548309326,25800,516,-4.057869911193848,0.5676,0.0520002543926239,50.0,25699,0.006114833056926727,-2.41,1810,14,0.0003,,
0.9900000095367432,-0.42560815811157227,26000,520,-4.417794704437256,0.572,0.0590658113360405,50.0,25899,0.006087584886699915,-2.43,1824,14,0.0003,,
0.9900000095367432,-0.21386590600013733,26200,524,-4.3753886222839355,0.5764,0.062174905091524124,50.0,26099,0.006229763850569725,-2.43,1837,14,0.0003,,
0.9900000095367432,0.08069959282875061,26400,528,-4.0603227615356445,0.5808,0.04891396313905716,50.0,26299,0.006045818328857422,-2.43,1851,14,0.0003,,
0.9900000095367432,-1.3767300844192505,26600,532,-4.241423606872559,0.5851999999999999,0.043114472180604935,50.0,26499,0.0058791423216462135,-2.54,1865,14,0.0003,,
0.9900000095367432,0.5295325517654419,26800,536,-4.222464084625244,0.5896,0.050296492874622345,50.0,26699,0.005838541314005852,-2.51,1878,14,0.0003,,
0.9900000095367432,1.284691333770752,27000,540,-4.267436981201172,0.594,0.0472320020198822,50.0,26899,0.006017451174557209,-2.47,1892,14,0.0003,,
0.9900000095367432,0.10262706130743027,27200,544,-4.167905330657959,0.5983999999999999,0.043200068175792694,50.0,27099,0.005994417238980532,-2.62,1906,14,0.0003,,
0.9900000095367432,1.378197193145752,27400,548,-4.358301639556885,0.6028,0.0773870199918747,50.0,27299,0.005998557899147272,-2.59,1920,14,0.0003,,
0.9900000095367432,0.10782039165496826,27600,552,-4.0567097663879395,0.6072,0.04584593325853348,50.0,27499,0.005865348968654871,-2.57,1933,14,0.0003,,
0.9900000095367432,-0.5554709434509277,27800,556,-4.5284624099731445,0.6116,0.04891017824411392,50.0,27699,0.00579102011397481,-2.57,1947,14,0.0003,,
0.9900000095367432,-0.01873151957988739,28000,560,-4.324038982391357,0.616,0.05491788685321808,50.0,27899,0.005677524954080582,-2.57,1961,14,0.0003,,
0.9900000095367432,2.529581308364868,28200,564,-4.182319641113281,0.6204,0.043337009847164154,50.0,28099,0.005679168738424778,-2.65,1974,14,0.0003,,
0.9900000095367432,-0.7838952541351318,28400,568,-4.242396831512451,0.6248,0.05540046840906143,50.0,28299,0.005721315275877714,-2.62,1988,14,0.0003,,
0.9900000095367432,-0.5870526432991028,28600,572,-4.256092071533203,0.6292,0.0662706270813942,50.0,28499,0.00549708679318428,-2.61,2002,14,0.0003,,
0.9900000095367432,-0.6632535457611084,28800,576,-4.378530979156494,0.6335999999999999,0.04998447746038437,50.0,28699,0.005278048571199179,-2.62,2015,14,0.0003,,
0.9900000095367432,0.6076244115829468,29000,580,-4.342957019805908,0.638,0.058846503496170044,50.0,28899,0.005281026940792799,-2.63,2029,14,0.0003,,
0.9900000095367432,-0.630402147769928,29200,584,-4.507798194885254,0.6424,0.0477069616317749,50.0,29099,0.005405651871114969,-2.65,2043,14,0.0003,,
0.9900000095367432,-1.9315282106399536,29400,588,-4.665561676025391,0.6467999999999999,0.051482316106557846,50.0,29299,0.005400422029197216,-2.65,2057,14,0.0003,,
0.9900000095367432,0.8575164675712585,29600,592,-4.350311756134033,0.6512,0.04580845311284065,50.0,29499,0.005346550606191158,-2.64,2071,14,0.0003,,
0.9900000095367432,-0.7694528698921204,29800,596,-4.452190399169922,0.6556,0.04854819178581238,50.0,29699,0.005221696570515633,-2.71,2085,14,0.0003,,
0.9900000095367432,-0.7057623863220215,30000,600,-4.4413933753967285,0.66,0.03221035748720169,50.0,29899,0.005229702685028315,-2.77,2103,14,0.0003,0.01070910206314404,1.0
0.9900000095367432,0.020075440406799316,30200,604,-4.400787353515625,0.6644,0.05087984725832939,50.0,30099,0.005123332608491182,-2.67,2117,14,0.0003,,
0.9900000095367432,2.3925507068634033,30400,608,-4.228209018707275,0.6688,0.04579397290945053,50.0,30299,0.005190883297473192,-2.82,2131,14,0.0003,,
0.9800000190734863,-1.8002582788467407,30600,612,-4.38527774810791,0.6732,0.03351028263568878,50.0,30499,0.005128277465701103,-2.96,2148,14,0.0003,,
0.9800000190734863,-1.2213406562805176,30800,616,-4.394702434539795,0.6776,0.04799572378396988,50.0,30699,0.004944416228681803,-3.02,2165,14,0.0003,,
0.9900000095367432,-1.9516408443450928,31000,620,-4.630887031555176,0.6819999999999999,0.042051173746585846,50.0,30899,0.004909816198050976,-2.98,2179,14,0.0003,,
0.9900000095367432,1.4203920364379883,31200,624,-4.314401626586914,0.6864,0.038643695414066315,50.0,31099,0.004886786453425884,-3.0,2194,14,0.0003,,
0.9900000095367432,-1.6525146961212158,31400,628,-4.52481746673584,0.6908,0.04278404265642166,50.0,31299,0.0049037630669772625,-3.08,2212,14,0.0003,,
0.9900000095367432,-0.07392559200525284,31600,632,-4.442053318023682,0.6951999999999999,0.041656218469142914,50.0,31499,0.00486614927649498,-3.03,2229,14,0.0003,,
0.9800000190734863,-1.0470796823501587,31800,636,-4.520178318023682,0.6996,0.04771457612514496,50.0,31699,0.004747243598103523,-3.62,2243,14,0.0003,,
0.9800000190734863,-1.6736958026885986,32000,640,-4.2997331619262695,0.704,0.04128391295671463,50.0,31899,0.004669699352234602,-3.64,2258,14,0.0003,,
0.9800000190734863,-1.903463363647461,32200,644,-4.163768768310547,0.7084,0.0512705072760582,50.0,32099,0.004492131527513266,-3.46,2272,14,0.0003,,
0.9800000190734863,0.4705272316932678,32400,648,-4.32316780090332,0.7128,0.04917903244495392,50.0,32299,0.004303947556763887,-3.42,2287,14,0.0003,,
0.9800000190734863,-0.9555609822273254,32600,652,-4.316964626312256,0.7172,0.049322713166475296,50.0,32499,0.004071077331900597,-3.42,2305,14,0.0003,,
0.9800000190734863,-0.6254856586456299,32800,656,-4.3435750007629395,0.7216,0.04541604220867157,50.0,32699,0.004014295991510153,-3.44,2318,14,0.0003,,
0.9800000190734863,-0.7897940874099731,33000,660,-4.359687805175781,0.726,0.03657205030322075,50.0,32899,0.004050930961966515,-3.49,2336,14,0.0003,,
0.9800000190734863,-1.4724392890930176,33200,664,-4.514682769775391,0.7303999999999999,0.05025956407189369,50.0,33099,0.004064025357365608,-3.43,2349,14,0.0003,,
0.9800000190734863,0.13742032647132874,33400,668,-4.211611747741699,0.7348,0.04050428047776222,50.0,33299,0.00391411455348134,-3.52,2363,14,0.0003,,
0.9800000190734863,-2.4289944171905518,33600,672,-4.637534141540527,0.7392,0.03775583207607269,50.0,33499,0.0037508741952478886,-3.5,2377,14,0.0003,,
0.9800000190734863,-0.8526948094367981,33800,676,-4.284121513366699,0.7435999999999999,0.04123154282569885,50.0,33699,0.003747608046978712,-3.58,2390,14,0.0003,,
0.9800000190734863,-0.20355068147182465,34000,680,-4.429449081420898,0.748,0.0374474823474884,50.0,33899,0.00371045945212245,-3.55,2403,14,0.0003,,
0.9800000190734863,-0.9504560232162476,34200,684,-4.454686164855957,0.7524,0.037174202501773834,50.0,34099,0.0036278716288506985,-3.55,2417,14,0.0003,,
0.9800000190734863,-0.1647045612335205,34400,688,-4.326167583465576,0.7568,0.04613891988992691,50.0,34299,0.0035359407775104046,-3.59,2431,14,0.0003,,
0.9800000190734863,-1.6437454223632812,34600,692,-4.404390811920166,0.7612,0.04646822810173035,50.0,34499,0.0034468211233615875,-3.85,2445,14,0.0003,,
0.9800000190734863,0.40167540311813354,34800,696,-4.189250469207764,0.7656,0.042901985347270966,50.0,34699,0.0034430085215717554,-3.77,2458,14,0.0003,,
0.9800000190734863,-0.6999090909957886,35000,700,-4.216492652893066,0.77,0.04426034539937973,50.0,34899,0.00344433868303895,-3.71,2476,14,0.0003,0.013085182424617208,1.0
0.9800000190734863,1.9132118225097656,35200,704,-3.8946776390075684,0.7744,0.048602789640426636,50.0,35099,0.0033977630082517862,-3.76,2490,14,0.0003,,
0.9800000190734863,-4.7351884841918945,35400,708,-4.258578300476074,0.7787999999999999,0.04603387787938118,50.0,35299,0.0032968574669212103,-3.69,2504,14,0.0003,,
0.9800000190734863,-2.250276565551758,35600,712,-4.28397274017334,0.7832,0.044390179216861725,50.0,35499,0.0031393736135214567,-3.77,2518,14,0.0003,,
0.9800000190734863,-0.2608124315738678,35800,716,-4.248830795288086,0.7876,0.03401106595993042,50.0,35699,0.003094830084592104,-3.71,2531,14,0.0003,,
0.9800000190734863,-3.983046531677246,36000,720,-4.200310230255127,0.7919999999999999,0.04199701547622681,50.0,35899,0.002974750939756632,-3.92,2547,14,0.0003,,
0.9800000190734863,0.3576052188873291,36200,724,-4.132933616638184,0.7964,0.046170227229595184,50.0,36099,0.0028911724220961332,-4.1,2561,14,0.0003,,
0.9800000190734863,0.6373330950737,36400,728,-4.149725437164307,0.8008,0.0303073488175869,50.0,36299,0.002804442076012492,-4.04,2575,14,0.0003,,
0.9800000190734863,0.04707753658294678,36600,732,-4.0511884689331055,0.8052,0.03268173336982727,50.0,36499,0.002762533025816083,-4.05,2589,14,0.0003,,
0.9900000095367432,2.8523247241973877,36800,736,-3.901965618133545,0.8096,0.038085054606199265,50.0,36699,0.0027776292990893126,-3.66,2602,14,0.0003,,
0.9800000190734863,-1.6082062721252441,37000,740,-3.9905080795288086,0.814,0.027167879045009613,50.0,36899,0.0028250294271856546,-3.93,2617,14,0.0003,,
0.9800000190734863,0.7030072212219238,37200,744,-4.025108337402344,0.8184,0.035570546984672546,50.0,37099,0.002786178607493639,-4.06,2631,14,0.0003,,
0.9800000190734863,1.1323480606079102,37400,748,-3.883718490600586,0.8228,0.039892423897981644,50.0,37299,0.0027113661635667086,-4.12,2645,14,0.0003,,
0.9800000190734863,-0.525947093963623,37600,752,-3.896167755126953,0.8271999999999999,0.042504362761974335,50.0,37499,0.0026274726260453463,-4.24,2658,14,0.0003,,
0.9800000190734863,0.9508054256439209,37800,756,-4.0057053565979,0.8316,0.03632323443889618,50.0,37699,0.002558675594627857,-4.32,2672,14,0.0003,,
0.9800000190734863,-0.18337374925613403,38000,760,-3.9095141887664795,0.836,0.049530990421772,50.0,37899,0.0025085234083235264,-4.35,2686,14,0.0003,,
0.9800000190734863,-0.24125725030899048,38200,764,-3.7136857509613037,0.8403999999999999,0.02999080717563629,50.0,38099,0.002402368700131774,-4.39,2699,14,0.0003,,
0.9800000190734863,-1.6107655763626099,38400,768,-4.02060079574585,0.8448,0.04122395068407059,50.0,38299,0.002332131378352642,-4.33,2713,14,0.0003,,
0.9700000286102295,-0.8213155269622803,38600,772,-3.893413782119751,0.8492,0.03492981195449829,50.0,38499,0.0023842439986765385,-5.09,2727,14,0.0003,,
0.9599999785423279,1.0065462589263916,38800,776,-3.8683767318725586,0.8536,0.05044768378138542,50.0,38699,0.0024212568532675505,-5.74,2742,14,0.0003,,
0.9599999785423279,-2.6778693199157715,39000,780,-3.9398887157440186,0.858,0.04272694140672684,50.0,38899,0.002470118924975395,-5.87,2757,14,0.0003,,
0.9599999785423279,-1.523456335067749,39200,784,-4.041800498962402,0.8623999999999999,0.04253149777650833,50.0,39099,0.002488306723535061,-6.07,2774,14,0.0003,,
0.9599999785423279,0.8558034896850586,39400,788,-3.6903915405273438,0.8668,0.03715077042579651,50.0,39299,0.002492600819095969,-6.04,2792,14,0.0003,,
0.9599999785423279,-0.7521145343780518,39600,792,-3.6163010597229004,0.8712,0.04736673831939697,50.0,39499,0.002488668542355299,-5.88,2805,14,0.0003,,
0.9599999785423279,-2.352048397064209,39800,796,-3.852140426635742,0.8755999999999999,0.02685273438692093,50.0,39699,0.002474635373800993,-5.95,2816,14,0.0003,,
0.9599999785423279,-1.0985417366027832,40000,800,-3.534620523452759,0.88,0.03503088280558586,50.0,39899,0.0024530135560780764,-6.03,2832,14,0.0003,0.01844655711573399,1.0
0.9599999785423279,-1.5333433151245117,40200,804,-3.5657052993774414,0.8844,0.03166162967681885,50.0,40099,0.0023959872778505087,-6.06,2846,14,0.0003,,
0.949999988079071,-2.6835434436798096,40400,808,-3.7056925296783447,0.8887999999999999,0.03836245462298393,50.0,40299,0.0024607351515442133,-6.05,2857,14,0.0003,,
0.9599999785423279,-1.5851774215698242,40600,812,-3.4900050163269043,0.8932,0.03253407031297684,50.0,40499,0.002448445651680231,-5.93,2865,14,0.0003,,
0.949999988079071,1.654618501663208,40800,816,-3.485551357269287,0.8976,0.04347125440835953,50.0,40699,0.0024851986672729254,-6.08,2872,14,0.0003,,
0.949999988079071,0.11922425031661987,41000,820,-3.6231484413146973,0.902,0.043386947363615036,50.0,40899,0.002450646134093404,-5.94,2879,14,0.0003,,
0.9399999976158142,0.1782897263765335,41200,824,-3.4692163467407227,0.9064,0.048216961324214935,50.0,41099,0.002391994232311845,-5.97,2887,14,0.0003,,
0.9399999976158142,0.5554013252258301,41400,828,-3.496821880340576,0.9107999999999999,0.04856736212968826,50.0,41299,0.0022984144743531942,-6.0,2894,14,0.0003,,
0.9399999976158142,-3.0124144554138184,41600,832,-3.53436541557312,0.9152,0.042575471103191376,50.0,41499,0.002228221157565713,-6.34,2901,14,0.0003,,
0.9399999976158142,-0.29265761375427246,41800,836,-3.4894073009490967,0.9196,0.033336397260427475,50.0,41699,0.0022466580849140882,-6.48,2907,14,0.0003,,
0.949999988079071,0.0006593912839889526,42000,840,-3.236502170562744,0.9239999999999999,0.04080639407038689,50.0,41899,0.0022969013080000877,-6.47,2913,14,0.0003,,
0.9399999976158142,0.46030861139297485,42200,844,-3.4238998889923096,0.9284,0.04003540426492691,50.0,42099,0.002314675599336624,-7.02,2919,14,0.0003,,
0.9300000071525574,2.9031670093536377,42400,848,-3.298278331756592,0.9328,0.039711665362119675,50.0,42299,0.002349614631384611,-7.24,2925,14,0.0003,,
0.9300000071525574,0.2707667648792267,42600,852,-3.2378861904144287,0.9371999999999999,0.03798351436853409,50.0,42499,0.002354569500312209,-7.17,2931,14,0.0003,,
0.9200000166893005,0.36293327808380127,42800,856,-3.25667667388916,0.9416,0.03863967955112457,50.0,42699,0.002285575959831476,-7.44,2936,14,0.0003,,
0.9200000166893005,-0.08226674795150757,43000,860,-3.376356363296509,0.946,0.04472900182008743,50.0,42899,0.002227668883278966,-7.33,2942,14,0.0003,,
0.9200000166893005,0.9655663371086121,43200,864,-3.2788443565368652,0.9504,0.05385696887969971,50.0,43099,0.0022492005955427885,-7.31,2948,14,0.0003,,
0.9100000262260437,3.249577045440674,43400,868,-3.232550621032715,0.9548,0.04650994390249252,50.0,43299,0.002293893601745367,-7.38,2954,14,0.0003,,
0.9200000166893005,-2.0452637672424316,43600,872,-3.1355509757995605,0.9591999999999999,0.03682217746973038,50.0,43499,0.0022768413182348013,-6.91,2960,14,0.0003,,
0.9300000071525574,0.6027355194091797,43800,876,-3.2207412719726562,0.9636,0.042244620621204376,50.0,43699,0.0022216287907212973,-7.16,2966,14,0.0003,,
0.9200000166893005,0.11565816402435303,44000,880,-3.1536753177642822,0.968,0.03976348042488098,50.0,43899,0.002156867878511548,-7.66,2971,14,0.0003,,
0.8999999761581421,-0.1141892671585083,44200,884,-3.196744918823242,0.9723999999999999,0.05785410851240158,50.0,44099,0.0021457490511238575,-8.44,2977,14,0.0003,,
0.8999999761581421,-1.9197443723678589,44400,888,-3.359940528869629,0.9768,0.04592601954936981,50.0,44299,0.0021648502442985773,-8.81,2983,14,0.0003,,
0.8999999761581421,2.584925889968872,44600,892,-3.110647678375244,0.9812,0.049925003200769424,50.0,44499,0.002228840719908476,-9.03,2989,14,0.0003,,
0.8999999761581421,0.04687565565109253,44800,896,-3.0512640476226807,0.9855999999999999,0.04562272131443024,50.0,44699,0.002206410514190793,-9.38,2994,14,0.0003,,
0.8899999856948853,1.5988612174987793,45000,900,-3.11468243598938,0.99,0.03652290254831314,50.0,44899,0.0022206215653568506,-9.82,3002,14,0.0003,0.02183492659547997,1.0
0.8899999856948853,-1.8911463022232056,45200,904,-3.105703115463257,0.9944,0.05472509562969208,50.0,45099,0.002241303911432624,-10.02,3007,15,0.0003,,
0.8799999952316284,3.683241844177246,45400,908,-2.701608180999756,0.9988,0.044612109661102295,50.0,45299,0.0022309322375804186,-10.69,3011,15,0.0003,,
0.8799999952316284,2.489853620529175,45600,912,-3.0099830627441406,1.0031999999999999,0.057856034487485886,50.0,45499,0.002239516470581293,-10.91,3016,15,0.0003,,
0.8899999856948853,3.1769535541534424,45800,916,-2.8277511596679688,1.0076,0.057136066257953644,50.0,45699,0.002221513306722045,-10.9,3021,15,0.0003,,
0.8899999856948853,0.30039677023887634,46000,920,-2.94260311126709,1.012,0.04475528001785278,50.0,45899,0.002257924061268568,-10.86,3026,15,0.0003,,
0.8899999856948853,-1.068094253540039,46200,924,-3.022932767868042,1.0164,0.0480390302836895,50.0,46099,0.002278220606967807,-11.25,3031,15,0.0003,,
0.8700000047683716,-2.593336343765259,46400,928,-2.9259696006774902,1.0208,0.042280517518520355,50.0,46299,0.0022692293860018253,-12.19,3035,15,0.0003,,
0.8700000047683716,-1.0020848512649536,46600,932,-2.85357666015625,1.0252,0.05389171093702316,50.0,46499,0.0021670996211469173,-11.74,3040,15,0.0003,,
0.8700000047683716,-0.48547792434692383,46800,936,-2.764219045639038,1.0296,0.041810043156147,50.0,46699,0.0021316136699169874,-11.66,3045,15,0.0003,,
0.8700000047683716,0.6056525111198425,47000,940,-2.775099039077759,1.034,0.0523558184504509,50.0,46899,0.002182762837037444,-11.46,3050,15,0.0003,,
0.8600000143051147,1.6988296508789062,47200,944,-2.7514045238494873,1.0384,0.04834742099046707,50.0,47099,0.0021705280523747206,-11.65,3056,15,0.0003,,
0.8500000238418579,1.0194659233093262,47400,948,-2.8440639972686768,1.0428,0.05712580680847168,50.0,47299,0.0022132492158561945,-12.4,3061,15,0.0003,,
0.8399999737739563,-3.6030943393707275,47600,952,-2.7765374183654785,1.0472,0.03300758823752403,50.0,47499,0.002226874465122819,-13.25,3066,15,0.0003,,
0.8500000238418579,1.1025887727737427,47800,956,-2.6314053535461426,1.0515999999999999,0.06500174105167389,50.0,47699,0.00225847982801497,-13.13,3071,15,0.0003,,
0.8500000238418579,-2.721363067626953,48000,960,-2.8412606716156006,1.056,0.044152792543172836,50.0,47899,0.0022745116148144007,-13.19,3076,15,0.0003,,
0.8299999833106995,-0.16782519221305847,48200,964,-2.7437753677368164,1.0604,0.07116921246051788,50.0,48099,0.0022485090885311365,-14.05,3081,15,0.0003,,
0.8199999928474426,-1.2326033115386963,48400,968,-2.823467969894409,1.0648,0.04480186477303505,50.0,48299,0.0021932271774858236,-14.64,3086,15,0.0003,,
0.8100000023841858,2.278292655944824,48600,972,-2.404953718185425,1.0692,0.06704480946063995,50.0,48499,0.0022471637930721045,-14.93,3091,15,0.0003,,
0.7799999713897705,4.945148944854736,48800,976,-2.5713422298431396,1.0735999999999999,0.042529407888650894,50.0,48699,0.0022934353910386562,-15.34,3095,15,0.0003,,
0.7900000214576721,-2.020195245742798,49000,980,-2.7886030673980713,1.078,0.04754970222711563,50.0,48899,0.0023298037704080343,-14.72,3100,15,0.0003,,
0.800000011920929,-0.46750640869140625,49200,984,-2.676511764526367,1.0824,0.05983149632811546,50.0,49099,0.002361816819757223,-14.11,3105,15,0.0003,,
0.800000011920929,-3.4937541484832764,49400,988,-2.6929445266723633,1.0868,0.07821457087993622,50.0,49299,0.0023395081516355276,-14.25,3110,15,0.0003,,
0.7900000214576721,-2.5364112854003906,49600,992,-2.5496652126312256,1.0912,0.06137260049581528,50.0,49499,0.002305544912815094,-14.65,3115,15,0.0003,,
0.7699999809265137,-2.791609287261963,49800,996,-2.6592540740966797,1.0956,0.06442942470312119,50.0,49699,0.0022738890256732702,-15.19,3120,15,0.0003,,
0.7699999809265137,1.0174636840820312,50000,1000,-2.5883991718292236,1.0999999999999999,0.06643419712781906,50.0,49899,0.0022295305971056223,-15.19,3127,15,0.0003,0.02611525522763609,1.0
0.7599999904632568,-0.1441059410572052,50200,1004,-2.3624205589294434,1.1,0.05947691947221756,50.0,50099,0.002244778908789158,-15.37,3132,16,0.0003,,
0.7799999713897705,1.4856770038604736,50400,1008,-2.416095495223999,1.1,0.06284871697425842,50.0,50299,0.0022629685699939728,-14.72,3137,16,0.0003,,
0.7599999904632568,-3.1059751510620117,50600,1012,-2.5811944007873535,1.1,0.07348860800266266,50.0,50499,0.00229187635704875,-15.32,3142,16,0.0003,,
0.75,-1.3472521305084229,50800,1016,-2.471327304840088,1.1,0.06816472113132477,50.0,50699,0.002212537918239832,-15.85,3148,16,0.0003,,
0.7300000190734863,-1.8150311708450317,51000,1020,-2.3947556018829346,1.1,0.06500060111284256,50.0,50899,0.0021788973826915026,-16.36,3153,16,0.0003,,
0.7300000190734863,2.330803155899048,51200,1024,-2.2651941776275635,1.1,0.08351004123687744,50.0,51099,0.002175962319597602,-16.25,3157,16,0.0003,,
0.7400000095367432,-3.061836004257202,51400,1028,-2.353087902069092,1.1,0.05342716723680496,50.0,51299,0.002169202547520399,-15.52,3162,16,0.0003,,
0.7099999785423279,-1.3189570903778076,51600,1032,-2.39450740814209,1.1,0.056417353451251984,50.0,51499,0.0022204741835594177,-16.94,3167,16,0.0003,,
0.6899999976158142,0.5256253480911255,51800,1036,-2.240952730178833,1.1,0.05012815445661545,50.0,51699,0.002276408253237605,-17.81,3172,16,0.0003,,
0.6800000071525574,1.032999038696289,52000,1040,-2.199134349822998,1.1,0.07329957187175751,50.0,51899,0.002239043591544032,-17.99,3177,16,0.0003,,
0.6899999976158142,2.512392520904541,52200,1044,-2.3503646850585938,1.1,0.09568221867084503,50.0,52099,0.0022576055489480495,-17.8,3182,16,0.0003,,
0.6899999976158142,2.072070360183716,52400,1048,-2.143157958984375,1.1,0.06911517679691315,50.0,52299,0.0023177757393568754,-17.73,3187,16,0.0003,,
0.6600000262260437,-0.23439255356788635,52600,1052,-2.251756429672241,1.1,0.06738542020320892,50.0,52499,0.002325071720406413,-18.7,3192,16,0.0003,,
0.6399999856948853,0.765831470489502,52800,1056,-2.1916306018829346,1.1,0.05918292701244354,50.0,52699,0.0023456551134586334,-19.54,3197,16,0.0003,,
0.6299999952316284,-0.6791775226593018,53000,1060,-2.0701045989990234,1.1,0.06462019681930542,50.0,52899,0.002308380790054798,-19.95,3202,16,0.0003,,
0.6399999856948853,-0.4517802596092224,53200,1064,-2.1344032287597656,1.1,0.072151780128479,50.0,53099,0.002247193828225136,-19.64,3207,16,0.0003,,
0.6499999761581421,-3.164536476135254,53400,1068,-2.273603677749634,1.1,0.07723425328731537,50.0,53299,0.002196094486862421,-19.52,3211,16,0.0003,,
0.6399999856948853,-3.3261778354644775,53600,1072,-2.3536276817321777,1.1,0.06262929737567902,50.0,53499,0.0021677869372069836,-20.08,3216,16,0.0003,,
0.6600000262260437,2.2105836868286133,53800,1076,-2.042654514312744,1.1,0.07861728966236115,50.0,53699,0.0021740973461419344,-19.28,3221,16,0.0003,,
0.6299999952316284,1.6533796787261963,54000,1080,-2.0554842948913574,1.1,0.09515377879142761,50.0,53899,0.002188259968534112,-20.41,3226,16,0.0003,,
0.6100000143051147,3.2110822200775146,54200,1084,-2.0085132122039795,1.1,0.07046695053577423,50.0,54099,0.0021871302742511034,-21.18,3231,16,0.0003,,
0.5899999737739563,-0.26565539836883545,54400,1088,-2.046279191970825,1.1,0.07749217748641968,50.0,54299,0.0021624360233545303,-21.4,3236,16,0.0003,,
0.5899999737739563,-2.348492383956909,54600,1092,-2.1857943534851074,1.1,0.06062602624297142,50.0,54499,0.0021897682454437017,-21.13,3241,16,0.0003,,
0.5899999737739563,7.4348602294921875,54800,1096,-1.8668516874313354,1.1,0.08235029876232147,50.0,54699,0.0021332516334950924,-20.74,3245,16,0.0003,,
0.6000000238418579,-2.693570613861084,55000,1100,-1.9725637435913086,1.1,0.09184995293617249,50.0,54899,0.002085641259327531,-20.57,3253,16,0.0003,0.011884966140289114,1.0
0.6000000238418579,-3.754262924194336,55200,1104,-2.0945844650268555,1.1,0.09552770107984543,50.0,55099,0.002073664916679263,-20.58,3258,16,0.0003,,
0.5799999833106995,-0.26854828000068665,55400,1108,-1.8737859725952148,1.1,0.08518068492412567,50.0,55299,0.0020731519907712936,-21.21,3263,16,0.0003,,
0.5899999737739563,-0.8194997310638428,55600,1112,-1.9354133605957031,1.1,0.10260675847530365,50.0,55499,0.0021386384032666683,-21.11,3268,17,0.0003,,
0.5899999737739563,0.6904085278511047,55800,1116,-1.680847406387329,1.1,0.10975685715675354,50.0,55699,0.0021640616469085217,-20.91,3273,17,0.0003,,
0.6100000143051147,5.240236282348633,56000,1120,-1.8853821754455566,1.1,0.07131616771221161,50.0,55899,0.0021822049748152494,-20.4,3277,17,0.0003,,
0.6200000047683716,4.336923599243164,56200,1124,-1.901625156402588,1.1,0.10559111833572388,50.0,56099,0.002286589937284589,-20.49,3282,17,0.0003,,
0.6100000143051147,7.554462432861328,56400,1128,-1.8975083827972412,1.1,0.06202397868037224,50.0,56299,0.0023601483553647995,-21.04,3287,17,0.0003,,
0.6100000143051147,-1.9644376039505005,56600,1132,-1.83137047290802,1.1,0.10338020324707031,50.0,56499,0.0023852139711380005,-20.77,3292,17,0.0003,,
0.6200000047683716,-2.114500045776367,56800,1136,-1.7769641876220703,1.1,0.07602415978908539,50.0,56699,0.0024156845174729824,-20.13,3297,17,0.0003,,
0.6200000047683716,-1.1153818368911743,57000,1140,-1.886605978012085,1.1,0.0913398414850235,50.0,56899,0.002455431502312422,-20.77,3302,17,0.0003,,
0.6200000047683716,1.7201714515686035,57200,1144,-1.7425072193145752,1.1,0.07198655605316162,50.0,57099,0.0024576405994594097,-20.9,3307,17,0.0003,,
0.6100000143051147,3.7482264041900635,57400,1148,-1.5460209846496582,1.1,0.0796419009566307,50.0,57299,0.0024791883770376444,-20.76,3311,17,0.0003,,
0.6200000047683716,-1.6092898845672607,57600,1152,-1.8216702938079834,1.1,0.07847913354635239,50.0,57499,0.0025017254520207644,-20.27,3316,17,0.0003,,
0.6399999856948853,3.380284309387207,57800,1156,-1.6907004117965698,1.1,0.1041620522737503,50.0,57699,0.0025230171158909798,-19.21,3321,17,0.0003,,
0.6200000047683716,4.296540260314941,58000,1160,-1.4262609481811523,1.1,0.089292511343956,50.0,57899,0.0025633026380091906,-19.9,3326,17,0.0003,,
0.6200000047683716,-3.0819356441497803,58200,1164,-1.7187011241912842,1.1,0.07914146780967712,50.0,58099,0.0025177989155054092,-19.58,3331,17,0.0003,,
0.6000000238418579,-0.38375547528266907,58400,1168,-1.7907435894012451,1.1,0.06876538693904877,50.0,58299,0.0024855423253029585,-20.39,3336,17,0.0003,,
0.6000000238418579,-2.056608200073242,58600,1172,-1.6639395952224731,1.1,0.10261790454387665,50.0,58499,0.002510465681552887,-20.39,3341,17,0.0003,,
0.5799999833106995,0.7571575045585632,58800,1176,-1.7070188522338867,1.1,0.10102760791778564,50.0,58699,0.002510651247575879,-21.24,3346,17,0.0003,,
0.6000000238418579,1.0151088237762451,59000,1180,-1.611078143119812,1.1,0.13602709770202637,50.0,58899,0.002547686919569969,-20.64,3351,17,0.0003,,
0.6100000143051147,-4.0165815353393555,59200,1184,-1.8176504373550415,1.1,0.09180379658937454,50.0,59099,0.002540748566389084,-20.41,3355,17,0.0003,,
0.6299999952316284,2.920138359069824,59400,1188,-1.5158885717391968,1.1,0.11169588565826416,50.0,59299,0.00251786014996469,-20.08,3360,17,0.0003,,
0.6399999856948853,2.8984217643737793,59600,1192,-1.5523135662078857,1.1,0.09947022795677185,50.0,59499,0.002546716248616576,-19.89,3365,17,0.0003,,
0.6399999856948853,1.630537986755371,59800,1196,-1.541849970817566,1.1,0.1706417202949524,50.0,59699,0.002558151027187705,-20.26,3370,17,0.0003,,
0.6299999952316284,0.03657209873199463,60000,1200,-1.5377534627914429,1.1,0.12211432307958603,50.0,59899,0.002510230988264084,-20.46,3378,17,0.0003,0.01759269050905268,1.0
0.6200000047683716,1.923059105873108,60200,1204,-1.6012613773345947,1.1,0.09257186204195023,50.0,60099,0.0025460910983383656,-21.21,3383,17,0.0003,,
0.6200000047683716,8.33624267578125,60400,1208,-1.3810620307922363,1.1,0.1160190999507904,50.0,60299,0.0025846881326287985,-21.73,3388,17,0.0003,,
0.6200000047683716,2.087813138961792,60600,1212,-1.4425307512283325,1.1,0.09869840741157532,50.0,60499,0.0025842199102044106,-21.66,3394,17,0.0003,,
0.6200000047683716,-1.5875401496887207,60800,1216,-1.5595887899398804,1.1,0.12436999380588531,50.0,60699,0.00259980047121644,-21.65,3399,17,0.0003,,
0.6100000143051147,-1.2473074197769165,61000,1220,-1.3853778839111328,1.1,0.09133271872997284,50.0,60899,0.002596782287582755,-22.29,3404,17,0.0003,,
0.5899999737739563,-2.029864549636841,61200,1224,-1.511227011680603,1.1,0.09713730216026306,50.0,61099,0.0025618679355829954,-22.65,3408,17,0.0003,,
0.6000000238418579,-2.2423434257507324,61400,1228,-1.5086418390274048,1.1,0.12246721982955933,50.0,61299,0.0025603987742215395,-22.28,3413,17,0.0003,,
0.6000000238418579,2.6323161125183105,61600,1232,-1.3313475847244263,1.1,0.10010923445224762,50.0,61499,0.002487173769623041,-22.6,3418,18,0.0003,,
0.6000000238418579,-0.9788740873336792,61800,1236,-1.5290801525115967,1.1,0.12188023328781128,50.0,61699,0.002480975352227688,-22.61,3423,18,0.0003,,
0.6000000238418579,-2.7265102863311768,62000,1240,-1.5235739946365356,1.1,0.11699600517749786,50.0,61899,0.0024509686045348644,-22.2,3428,18,0.0003,,
0.6000000238418579,-4.050807476043701,62200,1244,-1.5711641311645508,1.1,0.09734897315502167,50.0,62099,0.0023409922141581774,-22.19,3433,18,0.0003,,
0.6100000143051147,0.32727116346359253,62400,1248,-1.2436749935150146,1.1,0.11141268908977509,50.0,62299,0.0023753053974360228,-22.76,3438,18,0.0003,,
0.6299999952316284,2.1382954120635986,62600,1252,-1.3962831497192383,1.1,0.15896974503993988,50.0,62499,0.002420528559014201,-21.96,3443,18,0.0003,,
0.6100000143051147,-1.5624197721481323,62800,1256,-1.5042389631271362,1.1,0.12870487570762634,50.0,62699,0.002426267135888338,-22.8,3448,18,0.0003,,
0.6299999952316284,-0.4032384157180786,63000,1260,-1.5343989133834839,1.1,0.1361151486635208,50.0,62899,0.002424477832391858,-22.18,3453,18,0.0003,,
0.6299999952316284,-0.16008764505386353,63200,1264,-1.4573843479156494,1.1,0.13393670320510864,50.0,63099,0.002465356606990099,-22.69,3458,18,0.0003,,
0.6399999856948853,5.563230037689209,63400,1268,-1.3480815887451172,1.1,0.12929455935955048,50.0,63299,0.0024974418338388205,-22.11,3462,18,0.0003,,
0.6299999952316284,0.6468307375907898,63600,1272,-1.4001739025115967,1.1,0.1290210485458374,50.0,63499,0.002476960886269808,-22.32,3468,18,0.0003,,
0.6499999761581421,-0.7448270320892334,63800,1276,-1.3680028915405273,1.1,0.14220911264419556,50.0,63699,0.0024476423859596252,-21.39,3472,18,0.0003,,
0.6499999761581421,0.6783493757247925,64000,1280,-1.2460894584655762,1.1,0.14193561673164368,50.0,63899,0.0024222685024142265,-21.76,3477,18,0.0003,,
0.6600000262260437,-0.8523781299591064,64200,1284,-1.363684058189392,1.1,0.12685713171958923,50.0,64099,0.002396217081695795,-21.66,3482,18,0.0003,,
0.6499999761581421,-0.6646863222122192,64400,1288,-1.3848258256912231,1.1,0.1477217972278595,50.0,64299,0.0023171890061348677,-21.79,3488,18,0.0003,,
0.6299999952316284,-0.567986249923706,64600,1292,-1.3063360452651978,1.1,0.10744104534387589,50.0,64499,0.0023043304681777954,-22.73,3493,18,0.0003,,
0.6499999761581421,-3.143207550048828,64800,1296,-1.4991682767868042,1.1,0.13491825759410858,50.0,64699,0.0022538129705935717,-22.15,3498,18,0.0003,,
0.6499999761581421,4.083447456359863,65000,1300,-1.37263822555542,1.1,0.1300477683544159,50.0,64899,0.002263637725263834,-22.33,3505,18,0.0003,0.0343612991336422,1.0
0.6499999761581421,-0.7123794555664062,65200,1304,-1.2839351892471313,1.1,0.15269166231155396,50.0,65099,0.002229877281934023,-22.04,3510,18,0.0003,,
0.6600000262260437,1.9998555183410645,65400,1308,-1.2757574319839478,1.1,0.1575808823108673,50.0,65299,0.002204194664955139,-21.3,3515,18,0.0003,,
0.6700000166893005,-1.3829293251037598,65600,1312,-1.3122622966766357,1.1,0.14112356305122375,50.0,65499,0.002192279789596796,-20.83,3520,18,0.0003,,
0.6600000262260437,2.824155330657959,65800,1316,-1.3532776832580566,1.1,0.11772626638412476,50.0,65699,0.002255679341033101,-21.22,3525,18,0.0003,,
0.6499999761581421,-1.1454899311065674,66000,1320,-1.2356503009796143,1.1,0.12599295377731323,50.0,65899,0.0022691027261316776,-21.52,3530,18,0.0003,,
0.6399999856948853,-4.3462748527526855,66200,1324,-1.4550361633300781,1.1,0.10342355817556381,50.0,66099,0.002246992429718375,-22.01,3535,18,0.0003,,
0.6200000047683716,-3.381211042404175,66400,1328,-1.4165070056915283,1.1,0.11895041912794113,50.0,66299,0.0021644269581884146,-22.81,3540,18,0.0003,,
0.6200000047683716,-1.2958909273147583,66600,1332,-1.290805697441101,1.1,0.14479663968086243,50.0,66499,0.002167655620723963,-22.81,3545,18,0.0003,,
0.6000000238418579,1.7584260702133179,66800,1336,-1.254210114479065,1.1,0.17513486742973328,50.0,66699,0.0021726537961512804,-23.58,3550,18,0.0003,,
0.5899999737739563,-1.3714993000030518,67000,1340,-1.413780927658081,1.1,0.18669497966766357,50.0,66899,0.002230824902653694,-24.04,3555,18,0.0003,,
0.5799999833106995,5.433533668518066,67200,1344,-1.346047282218933,1.1,0.24560528993606567,50.0,67099,0.002244075760245323,-24.23,3560,18,0.0003,,
0.5799999833106995,1.3125746250152588,67400,1348,-1.3505134582519531,1.1,0.1596594750881195,50.0,67299,0.0023636205587536097,-23.45,3565,18,0.0003,,
0.5699999928474426,1.315619707107544,67600,1352,-1.1701173782348633,1.1,0.15392467379570007,50.0,67499,0.002408515429124236,-24.11,3570,18,0.0003,,
0.5699999928474426,-1.8577325344085693,67800,1356,-1.3963783979415894,1.1,0.1076437383890152,50.0,67699,0.0024169220123440027,-24.2,3575,18,0.0003,,
0.5799999833106995,-2.8921265602111816,68000,1360,-1.436089277267456,1.1,0.14800028502941132,50.0,67899,0.0023675246629863977,-24.09,3580,18,0.0003,,
0.5799999833106995,-3.216525077819824,68200,1364,-1.3284443616867065,1.1,0.22582858800888062,50.0,68099,0.0023370494600385427,-23.72,3585,19,0.0003,,
0.5600000023841858,-0.611783504486084,68400,1368,-1.219131588935852,1.1,0.15425963699817657,50.0,68299,0.002350126625970006,-24.2,3590,19,0.0003,,
0.5699999928474426,3.8166825771331787,68600,1372,-1.1383625268936157,1.1,0.18674731254577637,50.0,68499,0.002403157064691186,-23.73,3595,19,0.0003,,
0.550000011920929,0.26381635665893555,68800,1376,-1.5118470191955566,1.1,0.2030598521232605,50.0,68699,0.0024569211527705193,-24.19,3600,19,0.0003,,
0.5400000214576721,-0.1221386194229126,69000,1380,-1.3584210872650146,1.1,0.15965703129768372,50.0,68899,0.002459434326738119,-24.29,3605,19,0.0003,,
0.5299999713897705,0.8688157200813293,69200,1384,-1.16176176071167,1.1,0.157165065407753,50.0,69099,0.002414851915091276,-24.09,3610,19,0.0003,,
0.5299999713897705,0.34374696016311646,69400,1388,-1.4020354747772217,1.1,0.19849908351898193,50.0,69299,0.002400964731350541,-24.13,3615,19,0.0003,,
0.5199999809265137,4.675963878631592,69600,1392,-1.1309558153152466,1.1,0.1617138683795929,50.0,69499,0.0024350930470973253,-24.27,3619,19,0.0003,,
0.47999998927116394,7.963370323181152,69800,1396,-1.2715950012207031,1.1,0.2136530876159668,50.0,69699,0.0024568720255047083,-25.63,3624,19,0.0003,,
0.4699999988079071,0.9665414094924927,70000,1400,-1.3689597845077515,1.1,0.15038809180259705,50.0,69899,0.002550246426835656,-25.85,3632,19,0.0003,0.026318060631292446,1.0
0.46000000834465027,-0.6618428826332092,70200,1404,-1.3982985019683838,1.1,0.16932998597621918,50.0,70099,0.002519898349419236,-26.2,3638,19,0.0003,,
0.46000000834465027,-0.4923710525035858,70400,1408,-1.289724588394165,1.1,0.20757907629013062,50.0,70299,0.0024769704323261976,-26.24,3643,19,0.0003,,
0.4300000071525574,2.8946871757507324,70600,1412,-1.2895976305007935,1.1,0.24560323357582092,50.0,70499,0.0024662266951054335,-27.24,3648,19,0.0003,,
0.4300000071525574,-0.12106415629386902,70800,1416,-1.4655841588974,1.1,0.18563494086265564,50.0,70699,0.002399811986833811,-27.36,3653,19,0.0003,,
0.4300000071525574,-0.4143831729888916,71000,1420,-1.0720703601837158,1.1,0.23983588814735413,50.0,70899,0.0024340576492249966,-27.4,3659,19,0.0003,,
0.4300000071525574,3.395751953125,71200,1424,-1.4640666246414185,1.1,0.17690274119377136,50.0,71099,0.00243046460673213,-27.43,3664,19,0.0003,,
0.44999998807907104,-2.511871814727783,71400,1428,-1.0965725183486938,1.1,0.17617186903953552,50.0,71299,0.0024441354908049107,-26.67,3668,19,0.0003,,
0.46000000834465027,1.0998148918151855,71600,1432,-1.48829185962677,1.1,0.16302341222763062,50.0,71499,0.002433141926303506,-25.88,3673,19,0.0003,,
0.46000000834465027,1.5823310613632202,71800,1436,-1.0442519187927246,1.1,0.23529663681983948,50.0,71699,0.0024064984172582626,-25.92,3678,19,0.0003,,
0.4699999988079071,-2.2186646461486816,72000,1440,-1.5623681545257568,1.1,0.15373444557189941,50.0,71899,0.0023753077257424593,-25.48,3683,19,0.0003,,
0.44999998807907104,1.9546462297439575,72200,1444,-1.4370943307876587,1.1,0.1792779564857483,50.0,72099,0.002372687216848135,-26.3,3688,19,0.0003,,
0.44999998807907104,0.11792832612991333,72400,1448,-1.4924306869506836,1.1,0.23272016644477844,50.0,72299,0.002417302457615733,-26.84,3693,19,0.0003,,
0.4300000071525574,2.2666375637054443,72600,1452,-1.578495979309082,1.1,0.20305293798446655,50.0,72499,0.002487709978595376,-27.4,3698,19,0.0003,,
0.44999998807907104,2.3012735843658447,72800,1456,-1.3988903760910034,1.1,0.1959211230278015,50.0,72699,0.0026510884054005146,-26.54,3703,19,0.0003,,
0.41999998688697815,2.3762402534484863,73000,1460,-1.24526846408844,1.1,0.2459774911403656,50.0,72899,0.002691415837034583,-27.09,3708,19,0.0003,,
0.4000000059604645,-0.8942214250564575,73200,1464,-1.5233430862426758,1.1,0.21008244156837463,50.0,73099,0.0027286759577691555,-28.11,3713,19,0.0003,,
0.4300000071525574,1.7655940055847168,73400,1468,-1.4069805145263672,1.1,0.22293739020824432,50.0,73299,0.002949983114376664,-27.52,3718,19,0.0003,,
0.4300000071525574,2.371626138687134,73600,1472,-1.1694637537002563,1.1,0.1909950226545334,50.0,73499,0.0031307614408433437,-26.92,3723,19,0.0003,,
0.46000000834465027,0.8810540437698364,73800,1476,-1.3118932247161865,1.1,0.19964756071567535,50.0,73699,0.0031489748507738113,-26.25,3728,19,0.0003,,
0.4699999988079071,0.8715314865112305,74000,1480,-1.611970067024231,1.1,0.29416948556900024,50.0,73899,0.0031210044398903847,-25.57,3733,19,0.0003,,
0.47999998927116394,4.175073146820068,74200,1484,-1.2377209663391113,1.1,0.22514458000659943,50.0,74099,0.003132937243208289,-25.09,3738,19,0.0003,,
0.4699999988079071,0.22328674793243408,74400,1488,-1.2735064029693604,1.1,0.24216358363628387,50.0,74299,0.0031689682509750128,-25.83,3743,19,0.0003,,
0.47999998927116394,-3.0678184032440186,74600,1492,-1.6143537759780884,1.1,0.23148402571678162,50.0,74499,0.0031091999262571335,-25.41,3748,19,0.0003,,
0.47999998927116394,-2.925449848175049,74800,1496,-1.7246477603912354,1.1,0.17495384812355042,50.0,74699,0.0031055223662406206,-25.51,3753,19,0.0003,,
0.49000000953674316,3.973158836364746,75000,1500,-1.4358247518539429,1.1,0.1773143708705902,50.0,74899,0.003044355660676956,-25.11,3761,19,0.0003,0.02500319211387953,1.0
0.5099999904632568,-1.4789515733718872,75200,1504,-1.5712954998016357,1.1,0.24915263056755066,50.0,75099,0.0029910823795944452,-24.48,3766,19,0.0003,,
0.49000000953674316,-0.05971810221672058,75400,1508,-1.7226930856704712,1.1,0.17833063006401062,50.0,75299,0.002951598260551691,-24.48,3771,19,0.0003,,
0.49000000953674316,-2.037076473236084,75600,1512,-1.8019194602966309,1.1,0.1557740718126297,50.0,75499,0.0029332239646464586,-24.44,3776,20,0.0003,,
0.47999998927116394,-2.191281795501709,75800,1516,-1.5821634531021118,1.1,0.22610101103782654,50.0,75699,0.0029589880723506212,-24.86,3782,20,0.0003,,
0.5,-0.7399834394454956,76000,1520,-1.467007040977478,1.1,0.23095637559890747,50.0,75899,0.002938927849754691,-24.11,3787,20,0.0003,,
0.5299999713897705,-3.2678422927856445,76200,1524,-1.51652193069458,1.1,0.2893972396850586,50.0,76099,0.0028765383176505566,-22.73,3792,20,0.0003,,
0.5,1.1771976947784424,76400,1528,-1.7687668800354004,1.1,0.19898651540279388,50.0,76299,0.002783125964924693,-24.15,3797,20,0.0003,,
0.49000000953674316,-1.2169901132583618,76600,1532,-1.4470748901367188,1.1,0.2492039054632187,50.0,76499,0.0027674969751387835,-24.72,3802,20,0.0003,,
0.5,-1.7320282459259033,76800,1536,-1.6978886127471924,1.1,0.22549200057983398,50.0,76699,0.0027213527355343103,-24.5,3807,20,0.0003,,
0.4699999988079071,0.8833152055740356,77000,1540,-1.7701542377471924,1.1,0.22912804782390594,50.0,76899,0.0027660075575113297,-25.89,3813,20,0.0003,,
0.47999998927116394,-0.9345390200614929,77200,1544,-1.6997897624969482,1.1,0.20899732410907745,50.0,77099,0.0027865413576364517,-25.53,3818,20,0.0003,,
0.4699999988079071,-1.0530307292938232,77400,1548,-1.5841249227523804,1.1,0.2826398015022278,50.0,77299,0.0029052491299808025,-25.95,3823,20,0.0003,,
0.47999998927116394,-4.321611404418945,77600,1552,-1.727109432220459,1.1,0.28547924757003784,50.0,77499,0.002992962719872594,-25.58,3828,20,0.0003,,
0.46000000834465027,1.3849563598632812,77800,1556,-1.7692584991455078,1.1,0.28644660115242004,50.0,77699,0.0030268642585724592,-26.4,3833,20,0.0003,,
0.4699999988079071,-0.021214962005615234,78000,1560,-1.605803370475769,1.1,0.23383963108062744,50.0,77899,0.003052485641092062,-26.22,3838,20,0.0003,,
0.49000000953674316,-0.8878824710845947,78200,1564,-1.4723591804504395,1.1,0.28971683979034424,50.0,78099,0.0031250580213963985,-25.38,3843,20,0.0003,,
0.46000000834465027,-1.9036444425582886,78400,1568,-1.7509779930114746,1.1,0.24631254374980927,50.0,78299,0.003030317137017846,-26.56,3848,20,0.0003,,
0.4699999988079071,-0.14475813508033752,78600,1572,-1.932918906211853,1.1,0.1970796287059784,50.0,78499,0.0029565722215920687,-26.93,3853,20,0.0003,,
0.46000000834465027,-3.0965285301208496,78800,1576,-1.568440318107605,1.1,0.28275999426841736,50.0,78699,0.0029240811709314585,-26.67,3857,20,0.0003,,
0.46000000834465027,-1.3452489376068115,79000,1580,-1.6975208520889282,1.1,0.2728654146194458,50.0,78899,0.0029048281721770763,-27.06,3863,20,0.0003,,
0.4399999976158142,-0.7049660682678223,79200,1584,-1.5007325410842896,1.1,0.374894917011261,50.0,79099,0.002787483623251319,-28.35,3867,20,0.0003,,
0.4399999976158142,0.6886460781097412,79400,1588,-1.7989110946655273,1.1,0.239201158285141,50.0,79299,0.0028398619033396244,-27.95,3872,20,0.0003,,
0.44999998807907104,-0.45159265398979187,79600,1592,-1.8093016147613525,1.1,0.2812546193599701,50.0,79499,0.002848957432433963,-28.06,3877,20,0.0003,,
0.47999998927116394,-2.0616960525512695,79800,1596,-1.5282186269760132,1.1,0.37892812490463257,50.0,79699,0.002841857261955738,-26.72,3882,20,0.0003,,
0.4699999988079071,-1.492480993270874,80000,1600,-1.4490147829055786,1.1,0.31262385845184326,50.0,79899,0.002710350090637803,-26.98,3890,20,0.0003,0.02421728880009992,1.0
0.4699999988079071,0.6108241081237793,80200,1604,-1.685445785522461,1.1,0.2964329421520233,50.0,80099,0.002716857474297285,-26.93,3895,20,0.0003,,
0.5,-2.864055871963501,80400,1608,-1.8641623258590698,1.1,0.27136707305908203,50.0,80299,0.0027083787135779858,-26.57,3900,20,0.0003,,
0.5199999809265137,-1.1494150161743164,80600,1612,-1.9591984748840332,1.1,0.2501376271247864,50.0,80499,0.0025784384924918413,-25.67,3905,20,0.0003,,
0.5099999904632568,1.2397346496582031,80800,1616,-1.8420119285583496,1.1,0.3960643410682678,50.0,80699,0.0025420149322599173,-25.74,3910,20,0.0003,,
0.4699999988079071,-2.736421585083008,81000,1620,-1.6569678783416748,1.1,0.2663426995277405,50.0,80899,0.0025681559927761555,-27.33,3915,20,0.0003,,
0.4300000071525574,7.788483619689941,81200,1624,-1.8737976551055908,1.1,0.25142335891723633,50.0,81099,0.002593861659988761,-28.98,3920,20,0.0003,,
0.44999998807907104,-0.7950724363327026,81400,1628,-1.9411585330963135,1.1,0.2594161927700043,50.0,81299,0.0026751381810754538,-28.01,3925,20,0.0003,,
0.4699999988079071,1.958455204963684,81600,1632,-1.2285736799240112,1.1,0.2696760296821594,50.0,81499,0.0026905613485723734,-27.4,3930,20,0.0003,,
0.44999998807907104,-0.7193053960800171,81800,1636,-2.111380100250244,1.1,0.28311312198638916,50.0,81699,0.002645813161507249,-28.26,3936,20,0.0003,,
0.46000000834465027,-1.9804903268814087,82000,1640,-2.1690597534179688,1.1,0.28328409790992737,50.0,81899,0.0027427291497588158,-27.93,3941,20,0.0003,,
0.46000000834465027,2.442401647567749,82200,1644,-1.8311630487442017,1.1,0.40218937397003174,50.0,82099,0.0027915711980313063,-27.9,3946,20,0.0003,,
0.44999998807907104,-0.9981889128684998,82400,1648,-1.9461408853530884,1.1,0.223735511302948,50.0,82299,0.002814313629642129,-27.81,3951,20,0.0003,,
0.4699999988079071,1.36753511428833,82600,1652,-1.3252179622650146,1.1,0.4835798442363739,50.0,82499,0.0028176866471767426,-27.02,3955,20,0.0003,,
0.46000000834465027,-0.40287578105926514,82800,1656,-2.4713833332061768,1.1,0.25687387585639954,50.0,82699,0.002937820740044117,-27.75,3961,20,0.0003,,
0.4699999988079071,-1.948622465133667,83000,1660,-1.9167543649673462,1.1,0.2864087224006653,50.0,82899,0.0029015513136982918,-27.94,3966,20,0.0003,,
0.44999998807907104,-1.4996185302734375,83200,1664,-1.917153239250183,1.1,0.32224005460739136,50.0,83099,0.0028599484357982874,-28.75,3970,20,0.0003,,
0.46000000834465027,-1.7012944221496582,83400,1668,-1.9982776641845703,1.1,0.26812100410461426,50.0,83299,0.0028319593984633684,-28.16,3976,20,0.0003,,
0.46000000834465027,1.1108906269073486,83600,1672,-1.3440250158309937,1.1,0.3518192172050476,50.0,83499,0.002801551017910242,-28.47,3980,21,0.0003,,
0.44999998807907104,1.9792133569717407,83800,1676,-2.1914238929748535,1.1,0.24689637124538422,50.0,83699,0.0028037894517183304,-29.32,3985,21,0.0003,,
0.41999998688697815,-1.818968653678894,84000,1680,-1.4262473583221436,1.1,0.5001305341720581,50.0,83899,0.002828383119776845,-30.43,3991,21,0.0003,,
0.4300000071525574,-0.8490797877311707,84200,1684,-1.8087034225463867,1.1,0.5751261711120605,50.0,84099,0.0028798074927181005,-29.92,3996,21,0.0003,,
0.4300000071525574,0.8362118601799011,84400,1688,-2.240882158279419,1.1,0.4193366765975952,50.0,84299,0.003030286869034171,-30.24,4000,21,0.0003,,
0.4300000071525574,1.5243160724639893,84600,1692,-1.9603912830352783,1.1,0.37942004203796387,50.0,84499,0.0031332988291978836,-29.63,4005,21,0.0003,,
0.4000000059604645,1.14289391040802,84800,1696,-1.9051620960235596,1.1,0.3262980282306671,50.0,84699,0.0031303823925554752,-30.99,4010,21,0.0003,,
0.38999998569488525,5.787802696228027,85000,1700,-1.2392797470092773,1.1,0.37897005677223206,50.0,84899,0.003133246675133705,-31.55,4019,21,0.0003,0.0335497189031463,1.0
0.3700000047683716,9.25497817993164,85200,1704,-1.7261085510253906,1.1,0.37754908204078674,50.0,85099,0.003094075946137309,-32.35,4024,21,0.0003,,
0.3400000035762787,2.980379819869995,85400,1708,-1.0623562335968018,1.1,0.6759808659553528,50.0,85299,0.003143870737403631,-33.56,4029,21,0.0003,,
0.3100000023841858,-2.6819944381713867,85600,1712,-1.3808889389038086,1.1,0.47684526443481445,50.0,85499,0.003125835908576846,-34.82,4034,21,0.0003,,
0.3199999928474426,0.1760619878768921,85800,1716,-1.1153771877288818,1.1,0.3831300139427185,50.0,85699,0.0030332286842167377,-34.66,4039,21,0.0003,,
0.33000001311302185,-0.3683784604072571,86000,1720,-1.2936136722564697,1.1,0.6023396253585815,50.0,85899,0.0030100932344794273,-34.15,4044,21,0.0003,,
0.3400000035762787,-0.7007004022598267,86200,1724,-0.7990349531173706,1.1,0.44321709871292114,50.0,86099,0.00290085282176733,-33.34,4049,21,0.0003,,
0.33000001311302185,-0.5638274550437927,86400,1728,-1.5769920349121094,1.1,0.4647294878959656,50.0,86299,0.002813595812767744,-33.74,4054,21,0.0003,,
0.33000001311302185,1.575945496559143,86600,1732,-1.5267219543457031,1.1,0.4565854072570801,50.0,86499,0.002826894400641322,-34.02,4060,21,0.0003,,
0.3499999940395355,-1.2772889137268066,86800,1736,-1.4158074855804443,1.1,0.38467293977737427,50.0,86699,0.0028283344581723213,-33.07,4065,21,0.0003,,
0.36000001430511475,1.846150517463684,87000,1740,-1.5454083681106567,1.1,0.516194760799408,50.0,86899,0.002777229296043515,-32.62,4070,21,0.0003,,
0.36000001430511475,-1.1671565771102905,87200,1744,-1.8574554920196533,1.1,0.3922126889228821,50.0,87099,0.002854396589100361,-32.52,4075,21,0.0003,,
0.3799999952316284,-2.0264017581939697,87400,1748,-1.5720902681350708,1.1,0.6285035610198975,50.0,87299,0.0029462408274412155,-32.2,4080,21,0.0003,,
0.3700000047683716,1.5971224308013916,87600,1752,-1.9978773593902588,1.1,0.7671583890914917,50.0,87499,0.002858042484149337,-32.3,4085,21,0.0003,,
0.3700000047683716,-3.2768046855926514,87800,1756,-1.476219892501831,1.1,0.7046648263931274,50.0,87699,0.002759732538834214,-31.83,4090,21,0.0003,,
0.3400000035762787,-2.2951841354370117,88000,1760,-1.7086460590362549,1.1,0.4164606034755707,50.0,87899,0.0028257097583264112,-32.67,4095,21,0.0003,,
0.3499999940395355,-0.8266549706459045,88200,1764,-1.413909912109375,1.1,0.5190341472625732,50.0,88099,0.002773911226540804,-32.41,4100,21,0.0003,,
0.3700000047683716,2.8804831504821777,88400,1768,-0.707602322101593,1.1,0.7108625173568726,50.0,88299,0.00291146757081151,-31.85,4105,21,0.0003,,
0.3400000035762787,2.5665760040283203,88600,1772,-2.102562665939331,1.1,0.42829629778862,50.0,88499,0.0030408198945224285,-32.78,4110,21,0.0003,,
0.3499999940395355,3.1199300289154053,88800,1776,-2.064648151397705,1.1,0.4646996259689331,50.0,88699,0.0031308599282056093,-32.51,4115,21,0.0003,,
0.3700000047683716,-1.9684481620788574,89000,1780,-1.5419203042984009,1.1,0.3839029371738434,50.0,88899,0.0031972527503967285,-31.21,4120,21,0.0003,,
0.3700000047683716,1.3861652612686157,89200,1784,-1.497976541519165,1.1,0.5502297282218933,50.0,89099,0.003170496318489313,-31.16,4125,21,0.0003,,
0.3700000047683716,2.24703311920166,89400,1788,-1.244382381439209,1.1,0.6229499578475952,50.0,89299,0.003353087930008769,-30.88,4130,21,0.0003,,
0.36000001430511475,0.5795009136199951,89600,1792,-1.341586709022522,1.1,0.9032149314880371,50.0,89499,0.0035357435699552298,-30.98,4135,21,0.0003,,
0.36000001430511475,-0.26975393295288086,89800,1796,-1.9481806755065918,1.1,0.3673801124095917,50.0,89699,0.003568378509953618,-30.8,4140,21,0.0003,,
0.3799999952316284,-0.445722371339798,90000,1800,-0.88454669713974,1.1,0.6307955980300903,50.0,89899,0.003540168749168515,-30.19,4147,21,0.0003,0.02337033309640978,1.0
0.3799999952316284,-1.2074875831604004,90200,1804,-2.224069833755493,1.1,0.35185492038726807,50.0,90099,0.0035426036920398474,-30.21,4152,21,0.0003,,
0.3799999952316284,-1.9563286304473877,90400,1808,-2.2472500801086426,1.1,0.4319034218788147,50.0,90299,0.003529447130858898,-30.45,4157,21,0.0003,,
0.4000000059604645,-2.2682301998138428,90600,1812,-1.5936795473098755,1.1,0.3848876357078552,50.0,90499,0.003446081653237343,-29.62,4162,21,0.0003,,
0.4099999964237213,-0.7633348703384399,90800,1816,-1.5797476768493652,1.1,0.39463698863983154,50.0,90699,0.003590481588616967,-29.25,4167,21,0.0003,,
0.4099999964237213,0.8398244380950928,91000,1820,-1.841876745223999,1.1,0.379780113697052,50.0,90899,0.003606331069022417,-28.59,4172,21,0.0003,,
0.4000000059604645,2.734492540359497,91200,1824,-1.9734361171722412,1.1,0.42515698075294495,50.0,91099,0.003706240328028798,-29.5,4178,21,0.0003,,
0.4000000059604645,2.47860050201416,91400,1828,-0.2605735957622528,1.1,0.8257397413253784,50.0,91299,0.0037729651667177677,-29.2,4183,21,0.0003,,
0.3799999952316284,-2.6770997047424316,91600,1832,-1.5310806035995483,1.1,0.5107928514480591,50.0,91499,0.003801969578489661,-29.46,4188,21,0.0003,,
0.3799999952316284,0.3992142081260681,91800,1836,-2.3794589042663574,1.1,0.4898775815963745,50.0,91699,0.0038051088340580463,-29.38,4193,21,0.0003,,
0.4000000059604645,4.526456832885742,92000,1840,-1.2851015329360962,1.1,0.4508950710296631,50.0,91899,0.003816302167251706,-28.9,4198,21,0.0003,,
0.4000000059604645,0.541178822517395,92200,1844,-0.5527002215385437,1.1,0.7346580624580383,50.0,92099,0.0037418154533952475,-28.91,4203,21,0.0003,,
0.38999998569488525,5.904837131500244,92400,1848,-1.8206026554107666,1.1,0.6823577880859375,50.0,92299,0.003767192829400301,-29.2,4208,21,0.0003,,
0.38999998569488525,-2.625275135040283,92600,1852,-2.4614806175231934,1.1,0.5595102310180664,50.0,92499,0.0038234952371567488,-29.37,4213,21,0.0003,,
0.4000000059604645,1.9090118408203125,92800,1856,-1.9861762523651123,1.1,0.6531637907028198,50.0,92699,0.003930743783712387,-29.09,4218,21,0.0003,,
0.4000000059604645,3.3483986854553223,93000,1860,-1.0028221607208252,1.1,0.8294199705123901,50.0,92899,0.0039061289280653,-29.04,4223,22,0.0003,,
0.38999998569488525,3.8272104263305664,93200,1864,-1.8775570392608643,1.1,0.5810493230819702,50.0,93099,0.0040031783282756805,-29.56,4228,22,0.0003,,
0.38999998569488525,-2.486333131790161,93400,1868,-0.8727319240570068,1.1,0.5950049161911011,50.0,93299,0.004014370497316122,-29.46,4233,22,0.0003,,
0.4099999964237213,-1.9969804286956787,93600,1872,-1.9403762817382812,1.1,0.4919673204421997,50.0,93499,0.003984116483479738,-28.48,4238,22,0.0003,,
0.4000000059604645,2.375009536743164,93800,1876,-1.1668459177017212,1.1,0.7376542091369629,50.0,93699,0.003945027478039265,-28.92,4243,22,0.0003,,
0.3799999952316284,0.9989112615585327,94000,1880,-2.0127341747283936,1.1,0.6317433714866638,50.0,93899,0.0039156898856163025,-30.32,4248,22,0.0003,,
0.3799999952316284,0.1329226791858673,94200,1884,-1.3617393970489502,1.1,0.6235760450363159,50.0,94099,0.003983173985034227,-30.45,4253,22,0.0003,,
0.38999998569488525,0.27584999799728394,94400,1888,-2.340972423553467,1.1,0.44280576705932617,50.0,94299,0.004006745759397745,-30.04,4258,22,0.0003,,
0.3700000047683716,2.6591007709503174,94600,1892,-1.4348392486572266,1.1,0.5556892156600952,50.0,94499,0.003985239192843437,-31.14,4264,22,0.0003,,
0.3799999952316284,-1.323317289352417,94800,1896,-1.4879415035247803,1.1,0.5449313521385193,50.0,94699,0.004003109876066446,-29.97,4269,22,0.0003,,
0.36000001430511475,-1.0622615814208984,95000,1900,-2.2469117641448975,1.1,0.7862549424171448,50.0,94899,0.004122272599488497,-30.54,4277,22,0.0003,0.02926256007725314,1.0
0.3700000047683716,-1.9950730800628662,95200,1904,-1.332047939300537,1.1,1.232438325881958,50.0,95099,0.00416890624910593,-30.08,4281,22,0.0003,,
0.36000001430511475,-0.46199873089790344,95400,1908,-1.757047414779663,1.1,0.5392951965332031,50.0,95299,0.004104970023036003,-30.38,4286,22,0.0003,,
0.3400000035762787,-1.6788735389709473,95600,1912,-1.9468820095062256,1.1,0.5877153873443604,50.0,95499,0.004027748014777899,-30.93,4291,22,0.0003,,
0.33000001311302185,1.833130955696106,95800,1916,-2.2118570804595947,1.1,0.4052055776119232,50.0,95699,0.003961909096688032,-31.38,4297,22,0.0003,,
0.3400000035762787,0.09709188342094421,96000,1920,-2.8792779445648193,1.1,0.514860212802887,50.0,95899,0.00411081500351429,-31.6,4302,22,0.0003,,
0.3499999940395355,1.6547133922576904,96200,1924,-1.6459743976593018,1.1,0.7236368656158447,50.0,96099,0.004061262588948011,-30.74,4307,22,0.0003,,
0.3400000035762787,-0.5143402814865112,96400,1928,-0.855015754699707,1.1,0.6248916387557983,50.0,96299,0.004170841071754694,-31.15,4312,22,0.0003,,
0.3400000035762787,0.791767954826355,96600,1932,-1.2462821006774902,1.1,0.6253318786621094,50.0,96499,0.0040990631096065044,-31.23,4317,22,0.0003,,
0.3400000035762787,-2.1449923515319824,96800,1936,-1.5433703660964966,1.1,0.6988353729248047,50.0,96699,0.004143791738897562,-31.37,4322,22,0.0003,,
0.3199999928474426,-0.6592286825180054,97000,1940,-2.293336868286133,1.1,0.591041088104248,50.0,96899,0.004139514174312353,-32.06,4327,22,0.0003,,
0.33000001311302185,-1.708375334739685,97200,1944,-1.1012159585952759,1.1,0.7078128457069397,50.0,97099,0.004239741247147322,-31.73,4332,22,0.0003,,
0.33000001311302185,-0.9982109665870667,97400,1948,-1.327800989151001,1.1,1.885190486907959,50.0,97299,0.004343331325799227,-31.68,4337,22,0.0003,,
0.3199999928474426,5.388998031616211,97600,1952,-1.6245896816253662,1.1,0.7038220763206482,50.0,97499,0.004348833579570055,-32.11,4342,22,0.0003,,
0.30000001192092896,-2.372864246368408,97800,1956,-2.090151071548462,1.1,0.8325709104537964,50.0,97699,0.004569297656416893,-32.85,4347,22,0.0003,,
0.30000001192092896,2.4671144485473633,98000,1960,-1.2631728649139404,1.1,0.8842668533325195,50.0,97899,0.0046061561442911625,-32.77,4352,22,0.0003,,
0.3100000023841858,-0.36572474241256714,98200,1964,-1.823166012763977,1.1,0.8255183100700378,50.0,98099,0.004639242310076952,-32.04,4357,22,0.0003,,
0.28999999165534973,4.919845104217529,98400,1968,0.5332938432693481,1.1,1.0272972583770752,50.0,98299,0.00465709762647748,-32.54,4361,22,0.0003,,
0.2800000011920929,2.8539650440216064,98600,1972,-1.240742802619934,1.1,0.6286979913711548,50.0,98499,0.004594429396092892,-32.63,4366,22,0.0003,,
0.27000001072883606,5.9163713455200195,98800,1976,-0.714422881603241,1.1,0.634079098701477,50.0,98699,0.004562848713248968,-33.1,4372,22,0.0003,,
0.28999999165534973,0.5337206721305847,99000,1980,0.7835569381713867,1.1,0.9195229411125183,50.0,98899,0.004647398833185434,-32.02,4378,22,0.0003,,
0.2800000011920929,-0.8870517015457153,99200,1984,-1.293680191040039,1.1,0.978907585144043,50.0,99099,0.004762152675539255,-32.35,4383,22,0.0003,,
0.2800000011920929,0.1073363721370697,99400,1988,-2.327716827392578,1.1,0.556475043296814,50.0,99299,0.004959159530699253,-32.6,4388,22,0.0003,,
0.28999999165534973,3.0722100734710693,99600,1992,-1.068760871887207,1.1,1.0673938989639282,50.0,99499,0.004876655526459217,-32.15,4393,22,0.0003,,
0.2800000011920929,0.0917363166809082,99800,1996,-0.4990925192832947,1.1,0.7822203636169434,50.0,99699,0.00496284756809473,-32.99,4397,22,0.0003,,
0.28999999165534973,5.420496940612793,100000,2000,-1.479587435722351,1.1,1.2336342334747314,50.0,99899,0.005029070656746626,-32.86,4405,22,0.0003,0.027095772367658078,1.0
