curriculum/epsilon,time/time_elapsed,rollout/success_rate,train/learning_rate,train/critic_loss,time/fps,train/ent_coef,time/total_timesteps,train/ent_coef_loss,train/actor_loss,train/n_updates,time/episodes,rollout/ep_len_mean,rollout/ep_rew_mean,eval/clean_mean_d,eval/clean_success_rate
1.1,7,0.0,0.0003,0.2840031385421753,26,0.9710193276405334,200,-0.19786997139453888,-4.869096755981445,99,4,50.0,-50.0,,
1.1,22,0.0,0.0003,0.2152048647403717,18,0.9144908785820007,400,-0.60226970911026,-5.927365303039551,299,8,50.0,-49.875,,
1.1,37,0.0,0.0003,0.19296599924564362,16,0.861217200756073,600,-1.0097665786743164,-6.917139530181885,499,12,50.0,-49.75,,
1.1,52,0.0,0.0003,0.17732146382331848,15,0.8110339641571045,800,-1.4128389358520508,-7.97263240814209,699,16,50.0,-49.8125,,
1.1,66,0.0,0.0003,0.16889633238315582,15,0.7637901306152344,1000,-1.8145172595977783,-8.91408920288086,899,20,50.0,-49.85,,
1.1,79,0.0,0.0003,0.1765989065170288,15,0.7192934155464172,1200,-2.2139554023742676,-9.730388641357422,1099,24,50.0,-49.875,,
1.1,93,0.0,0.0003,0.1448119878768921,14,0.6773901581764221,1400,-2.6221022605895996,-10.463523864746094,1299,28,50.0,-49.892857142857146,,
1.1,107,0.0,0.0003,0.15141485631465912,14,0.6379334330558777,1600,-3.0151357650756836,-11.226293563842773,1499,32,50.0,-49.90625,,
1.1,121,0.0,0.0003,0.15166863799095154,14,0.6007794737815857,1800,-3.4280025959014893,-11.748699188232422,1699,36,50.0,-49.916666666666664,,
1.1,134,0.0,0.0003,0.10978870093822479,14,0.5657874941825867,2000,-3.841139078140259,-12.208703994750977,1899,40,50.0,-49.85,,
1.1,148,0.0,0.0003,0.1210373193025589,14,0.5328424572944641,2200,-4.249242782592773,-12.6314697265625,2099,44,50.0,-49.75,,
1.1,161,0.0,0.0003,0.16354075074195862,14,0.501820981502533,2400,-4.640995979309082,-13.058370590209961,2299,48,50.0,-49.770833333333336,,
1.1,175,0.0,0.0003,0.1538519561290741,14,0.47260957956314087,2600,-5.031829357147217,-13.451408386230469,2499,52,50.0,-49.78846153846154,,
1.1,189,0.0,0.0003,0.17099231481552124,14,0.4451061189174652,2800,-5.439727783203125,-13.482706069946289,2699,56,50.0,-49.80357142857143,,
1.1,203,0.0,0.0003,0.14199669659137726,14,0.41921332478523254,3000,-5.843536376953125,-13.59438705444336,2899,60,50.0,-49.75,,
1.1,216,0.0,0.0003,0.13811518251895905,14,0.39484158158302307,3200,-6.252282619476318,-14.045804977416992,3099,64,50.0,-49.765625,,
1.1,230,0.0,0.0003,0.12802572548389435,14,0.37189704179763794,3400,-6.637399196624756,-13.674424171447754,3299,68,50.0,-49.720588235294116,,
1.1,243,0.0,0.0003,0.1321992576122284,14,0.3503131568431854,3600,-7.018978595733643,-13.818042755126953,3499,72,50.0,-49.736111111111114,,
1.1,257,0.0,0.0003,0.11971688270568848,14,0.3299947679042816,3800,-7.438637733459473,-13.703800201416016,3699,76,50.0,-49.63157894736842,,
1.1,270,0.0,0.0003,0.15450763702392578,14,0.310867577791214,4000,-7.816643714904785,-13.831232070922852,3899,80,50.0,-49.625,,
1.1,284,0.0,0.0003,0.11570818722248077,14,0.29287242889404297,4200,-8.126761436462402,-13.910382270812988,4099,84,50.0,-49.642857142857146,,
1.1,298,0.0,0.0003,0.13425804674625397,14,0.27595028281211853,4400,-8.466283798217773,-13.525436401367188,4299,88,50.0,-49.65909090909091,,
1.1,311,0.0,0.0003,0.1469939798116684,14,0.2600340247154236,4600,-8.839323043823242,-12.99078369140625,4499,92,50.0,-49.67391304347826,,
1.1,325,0.0,0.0003,0.14156663417816162,14,0.24506299197673798,4800,-9.227774620056152,-13.259262084960938,4699,96,50.0,-49.6875,,
1.1,343,0.0,0.0003,0.13284985721111298,14,0.23096606135368347,5000,-9.580349922180176,-12.379599571228027,4899,100,50.0,-49.7,0.13972506833735324,0.5
1.1,357,0.0,0.0003,0.1592046469449997,14,0.21772076189517975,5200,-9.997221946716309,-12.690290451049805,5099,104,50.0,-49.7,,
1.1,371,0.0,0.0003,0.14120113849639893,14,0.20525027811527252,5400,-10.149371147155762,-12.84510612487793,5299,108,50.0,-49.69,,
1.1,385,0.0,0.0003,0.1525554060935974,14,0.19353075325489044,5600,-10.512493133544922,-12.293997764587402,5499,112,50.0,-49.63,,
1.1,399,0.0,0.0003,0.12763231992721558,14,0.18251730501651764,5800,-10.656341552734375,-12.114789962768555,5699,116,50.0,-49.63,,
1.1,412,0.0,0.0003,0.12891288101673126,14,0.17217053472995758,6000,-11.127958297729492,-11.640206336975098,5899,120,50.0,-49.63,,
1.1,426,0.0,0.0003,0.12724320590496063,14,0.16244009137153625,6200,-11.221221923828125,-11.67589282989502,6099,124,50.0,-49.63,,
1.1,439,0.0,0.0003,0.1433122158050537,14,0.15330015122890472,6400,-11.481578826904297,-10.655056953430176,6299,128,50.0,-49.61,,
1.1,452,0.0,0.0003,0.14913944900035858,14,0.14469410479068756,6600,-11.840356826782227,-11.01300048828125,6499,132,50.0,-49.61,,
1.1,465,0.0,0.0003,0.16372549533843994,14,0.1365896612405777,6800,-12.091821670532227,-10.872703552246094,6699,136,50.0,-49.57,,
1.1,478,0.0,0.0003,0.14096854627132416,14,0.12898249924182892,7000,-12.146650314331055,-10.362178802490234,6899,140,50.0,-49.58,,
1.1,492,0.0,0.0003,0.16066664457321167,14,0.12184140086174011,7200,-12.197183609008789,-9.811779022216797,7099,144,50.0,-49.61,,
1.1,506,0.0,0.0003,0.2035045176744461,14,0.11514463275671005,7400,-12.300949096679688,-9.422462463378906,7299,148,50.0,-49.61,,
1.1,519,0.0,0.0003,0.15864212810993195,14,0.10884217172861099,7600,-12.6989164352417,-9.489940643310547,7499,152,50.0,-49.6,,
1.1,532,0.0,0.0003,0.17417800426483154,14,0.10290616750717163,7800,-12.755631446838379,-8.913301467895508,7699,156,50.0,-49.6,,
1.1,546,0.0,0.0003,0.18365371227264404,14,0.09730672836303711,8000,-12.757635116577148,-8.7861909866333,7899,160,50.0,-49.64,,
1.1,559,0.0,0.0003,0.2074335515499115,14,0.09201829135417938,8200,-13.092443466186523,-9.177279472351074,8099,164,50.0,-49.61,,
1.1,573,0.0,0.0003,0.19994965195655823,14,0.08705247938632965,8400,-12.315061569213867,-8.228473663330078,8299,168,50.0,-49.61,,
1.1,586,0.0,0.0003,0.21040967106819153,14,0.0823974460363388,8600,-13.128992080688477,-7.6464009284973145,8499,172,50.0,-49.61,,
1.1,600,0.0,0.0003,0.20539973676204681,14,0.07798821479082108,8800,-13.12202262878418,-7.399926662445068,8699,176,50.0,-49.7,,
1.1,613,0.0,0.0003,0.20239590108394623,14,0.07380882650613785,9000,-12.579517364501953,-7.014203071594238,8899,180,50.0,-49.72,,
1.1,626,0.0,0.0003,0.2455984652042389,14,0.06989235430955887,9200,-13.145469665527344,-6.5885114669799805,9099,184,50.0,-49.71,,
1.1,640,0.009999999776482582,0.0003,0.22243788838386536,14,0.06616445630788803,9400,-12.969047546386719,-6.326186180114746,9299,188,50.0,-49.33,,
1.1,653,0.009999999776482582,0.0003,0.23336952924728394,14,0.06265156716108322,9600,-13.113555908203125,-6.604050636291504,9499,192,50.0,-49.3,,
1.1,667,0.009999999776482582,0.0003,0.23408183455467224,14,0.05934790521860123,9800,-13.098198890686035,-6.085021018981934,9699,196,50.0,-49.29,,
1.1,685,0.009999999776482582,0.0003,0.20279236137866974,14,0.05624867230653763,10000,-12.919824600219727,-5.990447998046875,9899,200,50.0,-49.28,0.027543151220769214,1.0
1.1,699,0.009999999776482582,0.0003,0.263539582490921,14,0.05333441123366356,10200,-13.151483535766602,-5.747286796569824,10099,204,50.0,-49.26,,
1.1,713,0.009999999776482582,0.0003,0.21247437596321106,14,0.05055611580610275,10400,-12.528376579284668,-5.371789455413818,10299,208,50.0,-49.21,,
1.1,727,0.009999999776482582,0.0003,0.2650008201599121,14,0.04796677455306053,10600,-12.937880516052246,-5.309632301330566,10499,212,50.0,-49.25,,
1.1,740,0.009999999776482582,0.0003,0.26803892850875854,14,0.045513056218624115,10800,-12.328659057617188,-4.682103633880615,10699,216,50.0,-49.18,,
1.1,754,0.009999999776482582,0.0003,0.27538251876831055,14,0.04316691681742668,11000,-12.387636184692383,-4.813042640686035,10899,220,50.0,-48.95,,
1.1,767,0.009999999776482582,0.0003,0.3046354651451111,14,0.04094189405441284,11200,-11.592411994934082,-4.189352035522461,11099,224,50.0,-48.94,,
1.1,780,0.009999999776482582,0.0003,0.28131401538848877,14,0.038861844688653946,11400,-12.060587882995605,-3.9122891426086426,11299,228,50.0,-48.91,,
1.1,793,0.03999999910593033,0.0003,0.25844520330429077,14,0.03688942268490791,11600,-12.301079750061035,-3.543633222579956,11499,232,50.0,-47.87,,
1.1,806,0.05999999865889549,0.0003,0.34268349409103394,14,0.03504281863570213,11800,-11.770423889160156,-3.263495445251465,11699,236,50.0,-46.96,,
1.1,819,0.07000000029802322,0.0003,0.3108230233192444,14,0.03331176936626434,12000,-10.490262985229492,-2.9937028884887695,11899,240,50.0,-46.45,,
1.1,832,0.07000000029802322,0.0003,0.3171515166759491,14,0.03166305273771286,12200,-10.531913757324219,-3.044679880142212,12099,244,50.0,-46.44,,
1.1,845,0.07999999821186066,0.0003,0.34476083517074585,14,0.030103007331490517,12400,-10.508928298950195,-2.859532594680786,12299,248,50.0,-45.92,,
1.1,857,0.09000000357627869,0.0003,0.2786751389503479,14,0.02863258682191372,12600,-9.697449684143066,-2.497607707977295,12499,252,50.0,-45.54,,
1.1,870,0.10000000149011612,0.0003,0.3255760371685028,14,0.027258969843387604,12800,-10.441925048828125,-1.8992900848388672,12699,256,50.0,-45.1,,
1.1,883,0.10999999940395355,0.0003,0.30599766969680786,14,0.025974344462156296,13000,-9.761069297790527,-2.4097421169281006,12899,260,50.0,-44.72,,
1.1,896,0.12999999523162842,0.0003,0.34857985377311707,14,0.024730458855628967,13200,-9.62607479095459,-1.1416817903518677,13099,264,50.0,-43.88,,
1.1,908,0.14000000059604645,0.0003,0.31463831663131714,14,0.02359611727297306,13400,-8.171992301940918,-1.7299120426177979,13299,268,50.0,-43.35,,
1.1,921,0.14000000059604645,0.0003,0.36118412017822266,14,0.02250133454799652,13600,-8.742403984069824,-2.070488452911377,13499,272,50.0,-43.31,,
1.1,934,0.1599999964237213,0.0003,0.41649892926216125,14,0.021487900987267494,13800,-8.49925422668457,-0.5759924054145813,13699,276,50.0,-42.57,,
1.1,946,0.1599999964237213,0.0003,0.3470865488052368,14,0.020533112809062004,14000,-7.54811954498291,-1.2671926021575928,13899,280,50.0,-42.57,,
1.1,959,0.1899999976158142,0.0003,0.45678865909576416,14,0.019604211673140526,14200,-6.8870368003845215,-1.098513126373291,14099,284,50.0,-41.77,,
1.1,972,0.20999999344348907,0.0003,0.43333619832992554,14,0.018741190433502197,14400,-8.507607460021973,-0.6838381290435791,14299,288,50.0,-40.8,,
1.1,985,0.2199999988079071,0.0003,0.371200829744339,14,0.01792466826736927,14600,-6.683505535125732,-0.4188152551651001,14499,292,50.0,-40.12,,
1.1,997,0.23000000417232513,0.0003,0.402424156665802,14,0.017129139974713326,14800,-5.751519680023193,-0.3615915775299072,14699,296,50.0,-39.03,,
1.1,1014,0.25,0.0003,0.5328189134597778,14,0.01639455556869507,15000,-5.63685941696167,-0.7100811004638672,14899,300,50.0,-37.87,0.032254423678563446,1.0
1.1,1027,0.25999999046325684,0.0003,0.40078163146972656,14,0.015730632469058037,15200,-7.297928333282471,-0.10312885046005249,15099,304,50.0,-37.23,,
1.1,1040,0.25999999046325684,0.0003,0.4341033697128296,14,0.015079070813953876,15400,-5.372568607330322,0.2667454481124878,15299,308,50.0,-37.3,,
1.1,1053,0.2800000011920929,0.0003,0.5465922951698303,14,0.014454787597060204,15600,-5.7290496826171875,-0.5101478695869446,15499,312,50.0,-36.61,,
1.1,1066,0.28999999165534973,0.0003,0.5040702223777771,14,0.013896122574806213,15800,-6.317832946777344,0.21665197610855103,15699,316,50.0,-36.25,,
1.1,1079,0.3100000023841858,0.0003,0.5350813865661621,14,0.01335229817777872,16000,-4.501625061035156,0.5560895800590515,15899,320,50.0,-35.62,,
1.1,1092,0.3199999928474426,0.0003,0.597617506980896,14,0.012836053967475891,16200,-4.862731456756592,-0.4206582307815552,16099,324,50.0,-34.95,,
1.1,1105,0.3400000035762787,0.0003,0.5716884732246399,14,0.012349040247499943,16400,-3.1372411251068115,0.8356876969337463,16299,328,50.0,-34.1,,
1.1,1117,0.33000001311302185,0.0003,0.48962798714637756,14,0.011918872594833374,16600,-3.968015670776367,0.6201337575912476,16499,332,50.0,-34.17,,
1.1,1130,0.33000001311302185,0.0003,0.45528656244277954,14,0.011483237147331238,16800,-3.5095200538635254,0.6621068716049194,16699,336,50.0,-34.25,,
1.1,1143,0.3400000035762787,0.0003,0.512848973274231,14,0.01110790017992258,17000,-2.601910352706909,0.3820028603076935,16899,340,50.0,-33.87,,
1.1,1155,0.36000001430511475,0.0003,0.44182896614074707,14,0.010812458582222462,17200,-0.8243738412857056,1.2068524360656738,17099,344,50.0,-33.08,,
1.1,1168,0.3700000047683716,0.0003,0.4315831661224365,14,0.010540328919887543,17400,-1.248805284500122,0.7354385852813721,17299,348,50.0,-32.88,,
1.1,1181,0.38999998569488525,0.0003,0.486771821975708,14,0.01029996294528246,17600,-1.300986886024475,0.5667123198509216,17499,352,50.0,-31.86,,
1.1,1194,0.4000000059604645,0.0003,0.5344647169113159,14,0.010109691880643368,17800,0.2881946265697479,0.3723769783973694,17699,356,50.0,-31.36,,
1.1,1206,0.4000000059604645,0.0003,0.5672447681427002,14,0.009992058388888836,18000,-1.3688361644744873,0.015070755034685135,17899,360,50.0,-31.08,,
1.1,1219,0.38999998569488525,0.0003,0.6014474630355835,14,0.009890384040772915,18200,-1.6551839113235474,1.3577184677124023,18099,364,50.0,-31.4,,
1.1,1232,0.38999998569488525,0.0003,0.6238308548927307,14,0.00978123303502798,18400,0.5551486015319824,1.015323519706726,18299,368,50.0,-31.22,,
1.1,1244,0.4000000059604645,0.0003,0.6835696697235107,14,0.009697218425571918,18600,-0.4267563223838806,0.45483094453811646,18499,372,50.0,-30.61,,
1.1,1257,0.38999998569488525,0.0003,0.5500999689102173,14,0.009602777659893036,18800,2.0199968814849854,0.6899676322937012,18699,376,50.0,-30.81,,
1.1,1269,0.4099999964237213,0.0003,0.5525994300842285,14,0.009554527699947357,19000,-1.2435113191604614,0.872597336769104,18899,380,50.0,-29.9,,
1.1,1282,0.4000000059604645,0.0003,0.584769606590271,14,0.009574923664331436,19200,0.5103826522827148,1.226769208908081,19099,384,50.0,-29.67,,
1.1,1295,0.38999998569488525,0.0003,0.6636538505554199,14,0.009557224810123444,19400,-0.3944784104824066,0.774398684501648,19299,388,50.0,-29.93,,
1.1,1307,0.3799999952316284,0.0003,0.7252370715141296,14,0.009508428163826466,19600,0.14872220158576965,0.159913569688797,19499,392,50.0,-30.37,,
1.1,1320,0.38999998569488525,0.0003,0.7533264756202698,14,0.009560124017298222,19800,2.5325357913970947,0.6082382202148438,19699,396,50.0,-30.23,,
1.1,1336,0.4000000059604645,0.0003,0.7785238027572632,14,0.009660596027970314,20000,2.6843090057373047,1.1601046323776245,19899,400,50.0,-30.06,0.03603012629125766,1.0
1.1,1349,0.41999998688697815,0.0003,0.767277717590332,14,0.00983318779617548,20200,0.0013586580753326416,-0.19484920799732208,20099,404,50.0,-29.33,,
1.1,1362,0.44999998807907104,0.0003,0.9186273217201233,14,0.009819216094911098,20400,-0.08540835976600647,2.5513627529144287,20299,408,50.0,-28.18,,
1.1,1376,0.4399999976158142,0.0003,0.7104223966598511,14,0.009797359816730022,20600,0.9329779744148254,0.8386847972869873,20499,412,50.0,-28.06,,
1.1,1389,0.44999998807907104,0.0003,0.8255387544631958,14,0.009923356585204601,20800,0.9517467021942139,0.5990035533905029,20699,416,50.0,-27.47,,
1.1,1402,0.46000000834465027,0.0003,0.8969535827636719,14,0.01000193040817976,21000,-0.15312454104423523,0.6647443771362305,20899,420,50.0,-27.21,,
1.1,1414,0.46000000834465027,0.0003,0.7055628299713135,14,0.010065247304737568,21200,1.4634952545166016,0.3692344129085541,21099,424,50.0,-27.41,,
1.1,1427,0.46000000834465027,0.0003,0.7058159708976746,14,0.010218770243227482,21400,0.1139427125453949,0.8270074129104614,21299,428,50.0,-27.55,,
1.1,1440,0.4399999976158142,0.0003,0.688509464263916,14,0.010225307196378708,21600,0.3890795111656189,0.8101634979248047,21499,432,50.0,-28.32,,
1.1,1452,0.4399999976158142,0.0003,0.6655539274215698,15,0.010295175947248936,21800,0.7001860737800598,-0.08424963802099228,21699,436,50.0,-28.08,,
1.1,1465,0.4300000071525574,0.0003,0.833489179611206,15,0.01027638092637062,22000,-1.1914684772491455,0.23531214892864227,21899,440,50.0,-28.12,,
1.1,1478,0.4300000071525574,0.0003,0.8313539028167725,15,0.010262004099786282,22200,1.1847971677780151,0.056970059871673584,22099,444,50.0,-27.66,,
1.1,1492,0.41999998688697815,0.0003,0.7464004755020142,15,0.01031170878559351,22400,0.2032443881034851,0.652631402015686,22299,448,50.0,-27.71,,
1.1,1505,0.4099999964237213,0.0003,1.1211769580841064,15,0.010226326063275337,22600,1.0701349973678589,0.004917517304420471,22499,452,50.0,-28.13,,
1.1,1517,0.4099999964237213,0.0003,0.9935294985771179,15,0.010383469983935356,22800,-0.42783862352371216,0.38451147079467773,22699,456,50.0,-27.69,,
1.1,1530,0.41999998688697815,0.0003,0.7506269216537476,15,0.010394358076155186,23000,0.047267310321331024,0.7440764904022217,22899,460,50.0,-27.6,,
1.1,1544,0.4300000071525574,0.0003,1.1258769035339355,15,0.010538755916059017,23200,3.8360533714294434,1.1947482824325562,23099,464,50.0,-26.99,,
1.1,1557,0.4300000071525574,0.0003,0.809870719909668,15,0.010731928050518036,23400,-1.1468470096588135,-0.7466618418693542,23299,468,50.0,-26.86,,
1.1,1570,0.46000000834465027,0.0003,1.0015828609466553,15,0.01069856807589531,23600,-0.24574795365333557,0.9175528287887573,23499,472,50.0,-25.77,,
1.1,1583,0.46000000834465027,0.0003,0.7752068042755127,15,0.010894451290369034,23800,1.0714577436447144,-0.1259753704071045,23699,476,50.0,-25.65,,
1.1,1596,0.46000000834465027,0.0003,0.9880032539367676,15,0.01104915700852871,24000,-0.9609605073928833,-0.018109172582626343,23899,480,50.0,-25.55,,
1.1,1609,0.4699999988079071,0.0003,1.1664133071899414,15,0.010997885838150978,24200,1.2311514616012573,1.0806936025619507,24099,484,50.0,-25.51,,
1.1,1622,0.46000000834465027,0.0003,1.094616174697876,15,0.010836398229002953,24400,0.9808969497680664,0.38263365626335144,24299,488,50.0,-26.22,,
1.1,1635,0.49000000953674316,0.0003,1.1528608798980713,15,0.011023744009435177,24600,-0.5747787952423096,0.15368664264678955,24499,492,50.0,-24.96,,
1.1,1648,0.47999998927116394,0.0003,1.0997087955474854,15,0.011114252731204033,24800,0.36480069160461426,0.8250841498374939,24699,496,50.0,-25.59,,
1.1,1664,0.46000000834465027,0.0003,1.030396819114685,15,0.011203997768461704,25000,0.5680103898048401,0.22351111471652985,24899,500,50.0,-26.12,0.035513015626221243,1.0
1.1,1678,0.44999998807907104,0.0003,1.0319223403930664,15,0.011224146001040936,25200,0.660563588142395,-0.22992312908172607,25099,504,50.0,-26.63,,
1.1,1691,0.4399999976158142,0.0003,1.1455445289611816,15,0.011065992526710033,25400,-0.5921764373779297,-0.3071746826171875,25299,508,50.0,-26.85,,
1.1,1705,0.4399999976158142,0.0003,1.1551785469055176,15,0.011069132946431637,25600,0.0968923568725586,-0.07831534743309021,25499,512,50.0,-26.87,,
1.1,1718,0.4399999976158142,0.0003,1.017608880996704,15,0.010930448770523071,25800,1.8191436529159546,-0.22963443398475647,25699,516,50.0,-26.91,,
1.1,1731,0.4099999964237213,0.0003,1.0815088748931885,15,0.010966350324451923,26000,-1.305046558380127,-0.3886356055736542,25899,520,50.0,-27.96,,
1.1,1744,0.41999998688697815,0.0003,1.3174757957458496,15,0.011044942773878574,26200,0.20754894614219666,0.47847825288772583,26099,524,50.0,-27.41,,
1.1,1758,0.4300000071525574,0.0003,1.3870394229888916,15,0.011040130630135536,26400,2.465548515319824,-0.567319393157959,26299,528,50.0,-27.04,,
1.1,1772,0.4399999976158142,0.0003,1.078195333480835,15,0.010879199020564556,26600,-1.7572866678237915,-0.4537038207054138,26499,532,50.0,-27.1,,
1.1,1787,0.4300000071525574,0.0003,1.626479148864746,14,0.011069903150200844,26800,0.529618501663208,0.4218974709510803,26699,536,50.0,-27.74,,
1.1,1801,0.4300000071525574,0.0003,1.4181911945343018,14,0.011021904647350311,27000,-0.20731474459171295,1.2063193321228027,26899,540,50.0,-28.07,,
1.1,1815,0.4099999964237213,0.0003,1.331383466720581,14,0.01096404530107975,27200,-1.6153956651687622,-1.049476981163025,27099,544,50.0,-29.17,,
1.1,1828,0.4099999964237213,0.0003,1.2045820951461792,14,0.010788881219923496,27400,-1.958052635192871,-1.1341242790222168,27299,548,50.0,-29.28,,
1.1,1842,0.4000000059604645,0.0003,1.156296968460083,14,0.010517043992877007,27600,0.4246423840522766,-0.9237060546875,27499,552,50.0,-29.65,,
1.1,1856,0.4000000059604645,0.0003,1.182559609413147,14,0.01037205383181572,27800,1.5422086715698242,1.18496835231781,27699,556,50.0,-30.17,,
1.1,1869,0.4099999964237213,0.0003,1.3472845554351807,14,0.010190494358539581,28000,0.8748481273651123,-0.6544610261917114,27899,560,50.0,-29.72,,
1.1,1881,0.4099999964237213,0.0003,1.0433752536773682,14,0.010154081508517265,28200,1.935187578201294,-0.9469180703163147,28099,564,50.0,-29.94,,
1.1,1894,0.4099999964237213,0.0003,1.1039202213287354,14,0.01019033882766962,28400,-0.8897533416748047,-0.8412112593650818,28299,568,50.0,-30.24,,
1.1,1907,0.4000000059604645,0.0003,1.879430890083313,14,0.010201492346823215,28600,-0.995139479637146,-1.062259316444397,28499,572,50.0,-30.73,,
1.1,1920,0.38999998569488525,0.0003,1.32285737991333,14,0.010339590720832348,28800,1.5945793390274048,0.672888994216919,28699,576,50.0,-31.37,,
1.1,1933,0.4000000059604645,0.0003,1.5368645191192627,15,0.010374403558671474,29000,1.2546201944351196,0.19301903247833252,28899,580,50.0,-30.95,,
1.1,1945,0.38999998569488525,0.0003,1.6606478691101074,15,0.010446137748658657,29200,-0.11089932918548584,-0.5329094529151917,29099,584,50.0,-31.09,,
1.1,1958,0.3799999952316284,0.0003,1.5115771293640137,15,0.010311019606888294,29400,-0.01687505841255188,-0.9846038818359375,29299,588,50.0,-31.26,,
1.1,1971,0.3700000047683716,0.0003,1.809386134147644,15,0.010410811752080917,29600,-0.8304137587547302,-0.03473854809999466,29499,592,50.0,-31.82,,
1.1,1984,0.3799999952316284,0.0003,1.9560950994491577,15,0.010653175413608551,29800,2.529205799102783,-1.744560718536377,29699,596,50.0,-31.49,,
1.1,2001,0.38999998569488525,0.0003,1.8128130435943604,14,0.010817610658705235,30000,0.9435825347900391,0.40017083287239075,29899,600,50.0,-31.37,0.032976862324616656,1.0
1.1,2013,0.4000000059604645,0.0003,1.398202896118164,14,0.010926332324743271,30200,-0.9343497157096863,-1.792782187461853,30099,604,50.0,-31.0,,
1.1,2027,0.4000000059604645,0.0003,1.5275542736053467,14,0.011003241874277592,30400,-2.9456570148468018,-0.02086317539215088,30299,608,50.0,-30.76,,
1.1,2041,0.4099999964237213,0.0003,1.3859328031539917,14,0.011153225786983967,30600,-0.6172828674316406,0.6371495723724365,30499,612,50.0,-30.53,,
1.1,2054,0.4000000059604645,0.0003,1.812292456626892,14,0.011257361620664597,30800,0.6384034752845764,-0.7289190888404846,30699,616,50.0,-30.83,,
1.1,2067,0.4099999964237213,0.0003,2.477869987487793,14,0.011424001306295395,31000,-0.3049162030220032,-1.6836912631988525,30899,620,50.0,-29.96,,
1.1,2080,0.4000000059604645,0.0003,1.598433017730713,14,0.011422503739595413,31200,0.9209702610969543,-1.2227497100830078,31099,624,50.0,-30.41,,
1.1,2093,0.4000000059604645,0.0003,1.356994867324829,15,0.011659589596092701,31400,0.21011173725128174,-1.9604264497756958,31299,628,50.0,-30.7,,
1.1,2105,0.4000000059604645,0.0003,1.7367873191833496,15,0.01180263888090849,31600,2.1677708625793457,-0.6554538011550903,31499,632,50.0,-29.96,,
1.1,2118,0.4099999964237213,0.0003,1.322479009628296,15,0.011657160706818104,31800,0.5929338932037354,-1.250394344329834,31699,636,50.0,-29.61,,
1.1,2131,0.4099999964237213,0.0003,1.7258310317993164,15,0.011726201511919498,32000,2.0698325634002686,0.3242340683937073,31899,640,50.0,-29.69,,
1.1,2144,0.41999998688697815,0.0003,1.824617862701416,15,0.01157868281006813,32200,0.46266618371009827,0.8471431732177734,32099,644,50.0,-29.21,,
1.1,2157,0.4399999976158142,0.0003,1.4774880409240723,15,0.01143025141209364,32400,1.8775171041488647,-1.5586485862731934,32299,648,50.0,-28.38,,
1.1,2170,0.4399999976158142,0.0003,2.303572654724121,15,0.011343101039528847,32600,1.5557366609573364,-1.9934133291244507,32499,652,50.0,-28.74,,
1.1,2183,0.4399999976158142,0.0003,1.8052878379821777,15,0.011615091003477573,32800,0.5707391500473022,-1.6542952060699463,32699,656,50.0,-28.37,,
1.1,2196,0.4300000071525574,0.0003,1.52524995803833,15,0.011541948653757572,33000,2.0862388610839844,-1.784440279006958,32899,660,50.0,-28.63,,
1.1,2209,0.4399999976158142,0.0003,1.502450942993164,15,0.011808330193161964,33200,-0.9774435758590698,-3.2543094158172607,33099,664,50.0,-28.27,,
1.1,2221,0.46000000834465027,0.0003,2.5374703407287598,15,0.011699236929416656,33400,3.9202799797058105,1.4246268272399902,33299,668,50.0,-27.32,,
1.1,2234,0.44999998807907104,0.0003,2.486382007598877,15,0.012132706120610237,33600,-0.8256177306175232,-1.1656850576400757,33499,672,50.0,-27.44,,
1.1,2248,0.4699999988079071,0.0003,1.588158130645752,15,0.012422255240380764,33800,-1.4979263544082642,-2.6348459720611572,33699,676,50.0,-26.26,,
1.1,2261,0.44999998807907104,0.0003,2.0992865562438965,15,0.012681374326348305,34000,-1.627118468284607,-1.2637650966644287,33899,680,50.0,-27.13,,
1.1,2273,0.46000000834465027,0.0003,2.4572200775146484,15,0.012669014744460583,34200,1.0622048377990723,-0.2567456066608429,34099,684,50.0,-27.07,,
1.1,2286,0.47999998927116394,0.0003,1.6723237037658691,15,0.012736168690025806,34400,-1.2088987827301025,-2.532195568084717,34299,688,50.0,-26.35,,
1.1,2299,0.49000000953674316,0.0003,1.6148916482925415,15,0.012764610350131989,34600,-0.36608949303627014,-1.722157597541809,34499,692,50.0,-26.0,,
1.1,2313,0.5,0.0003,2.622269630432129,15,0.01296595111489296,34800,0.1893603801727295,-0.3209495544433594,34699,696,50.0,-25.67,,
1.1,2330,0.5,0.0003,1.8865633010864258,15,0.012968672439455986,35000,-0.9558152556419373,-3.290968656539917,34899,700,50.0,-25.64,0.03047197754491156,1.0
1.1,2343,0.5,0.0003,1.8663578033447266,15,0.013048864901065826,35200,0.059876203536987305,-1.7000386714935303,35099,704,50.0,-25.51,,
1.1,2356,0.5099999904632568,0.0003,1.8104922771453857,15,0.01322465855628252,35400,4.9378862380981445,-1.673034906387329,35299,708,50.0,-24.91,,
1.1,2369,0.5199999809265137,0.0003,2.303907632827759,15,0.013561771251261234,35600,-1.5616819858551025,-0.6409960985183716,35499,712,50.0,-24.74,,
1.1,2382,0.5299999713897705,0.0003,2.370189666748047,15,0.013485986739397049,35800,-0.6258293986320496,-2.75539493560791,35699,716,50.0,-24.6,,
1.1,2395,0.5299999713897705,0.0003,2.9258947372436523,15,0.01364228781312704,36000,-0.4124118685722351,-1.5810010433197021,35899,720,50.0,-25.23,,
1.1,2408,0.5199999809265137,0.0003,3.6063361167907715,15,0.013740037567913532,36200,1.3106156587600708,-0.4525945782661438,36099,724,50.0,-25.23,,
1.1,2421,0.5,0.0003,2.0154104232788086,15,0.014070790261030197,36400,0.614496111869812,-0.5689945816993713,36299,728,50.0,-25.5,,
1.1,2434,0.5099999904632568,0.0003,2.6160073280334473,15,0.014330712147057056,36600,2.0801970958709717,-2.630486011505127,36499,732,50.0,-25.69,,
1.1,2446,0.5199999809265137,0.0003,2.2923901081085205,15,0.014696803875267506,36800,1.6189720630645752,-1.276801347732544,36699,736,50.0,-25.74,,
1.1,2459,0.5299999713897705,0.0003,1.5810894966125488,15,0.014659484848380089,37000,-0.48529770970344543,-4.022933006286621,36899,740,50.0,-25.28,,
1.1,2472,0.5299999713897705,0.0003,2.1765031814575195,15,0.014621828682720661,37200,0.08058932423591614,-1.1491961479187012,37099,744,50.0,-25.51,,
1.1,2485,0.5199999809265137,0.0003,3.014239549636841,15,0.014424408785998821,37400,-0.477290540933609,-0.8998088836669922,37299,748,50.0,-25.81,,
1.1,2498,0.5099999904632568,0.0003,2.3914570808410645,15,0.014845850877463818,37600,-0.6740667223930359,-1.6131304502487183,37499,752,50.0,-25.77,,
1.1,2511,0.5,0.0003,2.5351438522338867,15,0.014939816668629646,37800,-0.40866631269454956,-3.085611343383789,37699,756,50.0,-26.35,,
1.1,2524,0.5099999904632568,0.0003,2.879699230194092,15,0.014937167055904865,38000,2.6586811542510986,-2.5691845417022705,37899,760,50.0,-25.72,,
1.1,2537,0.5,0.0003,2.9277639389038086,15,0.015193200670182705,38200,-0.2860584259033203,-4.0021257400512695,38099,764,50.0,-26.32,,
1.1,2550,0.49000000953674316,0.0003,2.258366584777832,15,0.015409406274557114,38400,-0.7297720909118652,-3.149045705795288,38299,768,50.0,-26.86,,
1.1,2563,0.49000000953674316,0.0003,3.056316375732422,15,0.015514298342168331,38600,-0.8118904232978821,-4.552312850952148,38499,772,50.0,-27.05,,
1.1,2576,0.49000000953674316,0.0003,3.0640580654144287,15,0.015632906928658485,38800,-1.4496028423309326,-2.2478041648864746,38699,776,50.0,-27.38,,
1.1,2589,0.5099999904632568,0.0003,2.2806015014648438,15,0.015668967738747597,39000,-0.027322083711624146,-2.6246025562286377,38899,780,50.0,-26.72,,
1.1,2602,0.5,0.0003,3.352813720703125,15,0.01568382792174816,39200,0.6322779059410095,-4.477227687835693,39099,784,50.0,-26.45,,
1.1,2615,0.49000000953674316,0.0003,2.3899312019348145,15,0.015814483165740967,39400,-0.32452207803726196,-4.525144100189209,39299,788,50.0,-26.56,,
1.1,2628,0.47999998927116394,0.0003,2.6970062255859375,15,0.01571161299943924,39600,-0.7196045517921448,-2.8789889812469482,39499,792,50.0,-26.45,,
1.1,2641,0.44999998807907104,0.0003,3.644859790802002,15,0.015490739606320858,39800,-0.6903035640716553,-3.551720142364502,39699,796,50.0,-27.35,,
1.1,2658,0.4300000071525574,0.0003,2.257582187652588,15,0.015421329066157341,40000,-0.6425264477729797,-3.8553075790405273,39899,800,50.0,-27.94,0.03313458739616638,1.0
1.1,2671,0.4099999964237213,0.0003,2.406977653503418,15,0.015410464257001877,40200,-0.05123269557952881,-4.522085666656494,40099,804,50.0,-28.2,,
1.1,2684,0.38999998569488525,0.0003,3.42269229888916,15,0.0156074408441782,40400,0.2372160255908966,-0.43399056792259216,40299,808,50.0,-29.34,,
1.1,2697,0.3799999952316284,0.0003,2.486743450164795,15,0.01541591715067625,40600,0.8849942684173584,-2.624107599258423,40499,812,50.0,-30.07,,
1.1,2710,0.3799999952316284,0.0003,3.8840410709381104,15,0.014872896485030651,40800,1.0223965644836426,-3.510063409805298,40699,816,50.0,-30.02,,
1.1,2723,0.4000000059604645,0.0003,2.6635212898254395,15,0.014681723900139332,41000,0.7967635989189148,-4.3665571212768555,40899,820,50.0,-28.69,,
1.1,2736,0.41999998688697815,0.0003,3.197455644607544,15,0.015090896748006344,41200,0.2332882583141327,-4.23094367980957,41099,824,50.0,-28.22,,
1.1,2749,0.4399999976158142,0.0003,3.3230152130126953,15,0.015110359527170658,41400,1.0175800323486328,-2.9641013145446777,41299,828,50.0,-27.38,,
1.1,2762,0.44999998807907104,0.0003,2.782449960708618,15,0.015574737451970577,41600,2.016543388366699,-3.1954338550567627,41499,832,50.0,-26.81,,
1.1,2775,0.4399999976158142,0.0003,2.562572479248047,15,0.015692146494984627,41800,0.35568568110466003,-3.479478120803833,41699,836,50.0,-26.58,,
1.1,2788,0.44999998807907104,0.0003,2.938896656036377,15,0.01592736504971981,42000,1.2007157802581787,-4.518976211547852,41899,840,50.0,-26.7,,
1.1,2801,0.4399999976158142,0.0003,3.0988898277282715,15,0.016036592423915863,42200,0.49227195978164673,-3.785153388977051,42099,844,50.0,-26.67,,
1.1,2814,0.44999998807907104,0.0003,2.984755277633667,15,0.01604675129055977,42400,0.016824334859848022,-4.388693332672119,42299,848,50.0,-26.52,,
1.1,2826,0.47999998927116394,0.0003,2.8722095489501953,15,0.016227515414357185,42600,1.983999490737915,-3.4947025775909424,42499,852,50.0,-25.64,,
1.1,2839,0.47999998927116394,0.0003,2.55959415435791,15,0.016481945291161537,42800,4.721594333648682,-3.1546847820281982,42699,856,50.0,-25.88,,
1.1,2853,0.4699999988079071,0.0003,2.7057056427001953,15,0.0169575996696949,43000,0.544817328453064,-5.930604934692383,42899,860,50.0,-26.28,,
1.1,2867,0.47999998927116394,0.0003,2.0766820907592773,15,0.01710212603211403,43200,-0.30915647745132446,-3.2183282375335693,43099,864,50.0,-25.91,,
1.1,2880,0.47999998927116394,0.0003,2.619812250137329,15,0.017156172543764114,43400,0.8092400431632996,-4.289480209350586,43299,868,50.0,-26.23,,
1.1,2893,0.47999998927116394,0.0003,3.515406608581543,15,0.01761826127767563,43600,-2.4823248386383057,-4.7811760902404785,43499,872,50.0,-26.45,,
1.1,2906,0.4699999988079071,0.0003,2.580458879470825,15,0.01736825704574585,43800,1.1994787454605103,-4.680271148681641,43699,876,50.0,-26.84,,
1.1,2919,0.44999998807907104,0.0003,2.590277671813965,15,0.01719018816947937,44000,-2.0634772777557373,-4.809864521026611,43899,880,50.0,-27.37,,
1.1,2932,0.4399999976158142,0.0003,2.0717203617095947,15,0.017063099890947342,44200,1.1987063884735107,-5.884678363800049,44099,884,50.0,-27.92,,
1.1,2945,0.44999998807907104,0.0003,3.1211209297180176,15,0.017357949167490005,44400,-1.2433208227157593,-2.479727029800415,44299,888,50.0,-27.71,,
1.1,2959,0.44999998807907104,0.0003,2.750157356262207,15,0.017639117315411568,44600,0.22784657776355743,-3.223864793777466,44499,892,50.0,-28.35,,
1.1,2972,0.4699999988079071,0.0003,3.8169729709625244,15,0.017592379823327065,44800,-0.7471210956573486,-3.8151369094848633,44699,896,50.0,-27.7,,
1.1,2989,0.47999998927116394,0.0003,2.5664539337158203,15,0.017524955794215202,45000,1.2617696523666382,-3.2942421436309814,44899,900,50.0,-27.56,0.038471861924394286,0.95
1.1,3002,0.49000000953674316,0.0003,2.713179588317871,15,0.01758277788758278,45200,1.4172048568725586,-4.066526412963867,45099,904,50.0,-27.62,,
1.1,3015,0.47999998927116394,0.0003,2.7052395343780518,15,0.018004368990659714,45400,2.1251230239868164,-4.228084564208984,45299,908,50.0,-28.09,,
1.1,3028,0.47999998927116394,0.0003,2.7869064807891846,15,0.017765598371624947,45600,1.5102354288101196,-5.267659664154053,45499,912,50.0,-27.71,,
1.1,3042,0.49000000953674316,0.0003,2.999415159225464,15,0.017861727625131607,45800,-2.2986233234405518,-4.627943992614746,45699,916,50.0,-27.41,,
1.1,3055,0.46000000834465027,0.0003,3.815570831298828,15,0.017903970554471016,46000,-1.3987860679626465,-3.3742289543151855,45899,920,50.0,-29.05,,
1.1,3068,0.44999998807907104,0.0003,3.0943336486816406,15,0.017650635913014412,46200,3.0464744567871094,-5.644282817840576,46099,924,50.0,-29.98,,
1.1,3081,0.41999998688697815,0.0003,4.311043739318848,15,0.017931833863258362,46400,-0.546454906463623,-4.588796138763428,46299,928,50.0,-31.28,,
1.1,3094,0.4099999964237213,0.0003,3.585771322250366,15,0.017747657373547554,46600,0.9631720781326294,-3.356130361557007,46499,932,50.0,-31.3,,
1.1,3107,0.4000000059604645,0.0003,3.0723724365234375,15,0.017660805955529213,46800,0.6039553880691528,-4.158185005187988,46699,936,50.0,-31.76,,
1.1,3120,0.4000000059604645,0.0003,3.282191276550293,15,0.01764880120754242,47000,-4.142971992492676,-5.497692584991455,46899,940,50.0,-31.14,,
1.1,3133,0.41999998688697815,0.0003,2.519988536834717,15,0.017633482813835144,47200,-0.154934361577034,-3.3799667358398438,47099,944,50.0,-30.49,,
1.1,3146,0.41999998688697815,0.0003,3.0729851722717285,15,0.01761503517627716,47400,-1.7934335470199585,-4.595410346984863,47299,948,50.0,-30.61,,
1.1,3159,0.4099999964237213,0.0003,3.8031461238861084,15,0.017641674727201462,47600,-0.04218217730522156,-3.6801865100860596,47499,952,50.0,-31.15,,
1.1,3173,0.41999998688697815,0.0003,2.602487564086914,15,0.0174187570810318,47800,1.5658681392669678,-4.298490524291992,47699,956,50.0,-30.72,,
1.1,3186,0.41999998688697815,0.0003,2.928271770477295,15,0.017646217718720436,48000,-0.640954852104187,-4.776924133300781,47899,960,50.0,-30.82,,
1.1,3199,0.41999998688697815,0.0003,2.5855822563171387,15,0.0177743099629879,48200,-0.7291489839553833,-5.298159599304199,48099,964,50.0,-30.87,,
1.1,3212,0.41999998688697815,0.0003,3.351613998413086,15,0.01801043003797531,48400,-0.5797320604324341,-4.500176429748535,48299,968,50.0,-30.98,,
1.1,3225,0.4099999964237213,0.0003,3.098944664001465,15,0.01818910986185074,48600,-0.6532624959945679,-4.720733642578125,48499,972,50.0,-31.21,,
1.1,3238,0.4099999964237213,0.0003,2.8493332862854004,15,0.01821894384920597,48800,0.8356858491897583,-5.056567668914795,48699,976,50.0,-31.62,,
1.1,3251,0.41999998688697815,0.0003,3.4406044483184814,15,0.018202930688858032,49000,-2.2430202960968018,-5.9067606925964355,48899,980,50.0,-31.49,,
1.1,3264,0.4399999976158142,0.0003,3.067117691040039,15,0.017522022128105164,49200,3.516587257385254,-2.0137553215026855,49099,984,50.0,-30.78,,
1.1,3277,0.4300000071525574,0.0003,3.2049107551574707,15,0.017552830278873444,49400,-2.2083399295806885,-5.7081828117370605,49299,988,50.0,-31.44,,
1.1,3290,0.4300000071525574,0.0003,2.4206252098083496,15,0.017544185742735863,49600,-1.7604516744613647,-5.4344000816345215,49499,992,50.0,-31.63,,
1.1,3303,0.41999998688697815,0.0003,3.0375869274139404,15,0.017419978976249695,49800,-0.08620765805244446,-5.391757488250732,49699,996,50.0,-31.89,,
1.1,3321,0.4099999964237213,0.0003,4.146986961364746,15,0.017595669254660606,50000,1.9104282855987549,-5.499127388000488,49899,1000,50.0,-31.99,0.03836940358636651,0.85
1.1,3334,0.4000000059604645,0.0003,3.7813825607299805,15,0.017779750749468803,50200,-1.2776100635528564,-5.406253814697266,50099,1004,50.0,-32.85,,
1.1,3347,0.4000000059604645,0.0003,3.3956644535064697,15,0.017756732180714607,50400,-1.192529320716858,-5.381153583526611,50299,1008,50.0,-32.48,,
1.1,3360,0.38999998569488525,0.0003,3.8847880363464355,15,0.01784505881369114,50600,0.8270722031593323,-4.100311756134033,50499,1012,50.0,-33.06,,
1.1,3374,0.36000001430511475,0.0003,4.138349533081055,15,0.018421005457639694,50800,-0.6807550191879272,-3.410954475402832,50699,1016,50.0,-34.04,,
1.1,3388,0.36000001430511475,0.0003,3.9722795486450195,15,0.019008103758096695,51000,0.7306874990463257,-4.467963218688965,50899,1020,50.0,-33.71,,
1.1,3401,0.36000001430511475,0.0003,3.6226933002471924,15,0.018919264897704124,51200,-4.5034074783325195,-3.9622256755828857,51099,1024,50.0,-33.4,,
1.1,3414,0.38999998569488525,0.0003,6.125771522521973,15,0.01843137852847576,51400,-0.23453092575073242,-4.55974817276001,51299,1028,50.0,-32.34,,
1.1,3428,0.3799999952316284,0.0003,3.8126614093780518,15,0.018393725156784058,51600,-1.559976577758789,-3.2161386013031006,51499,1032,50.0,-33.24,,
1.1,3441,0.3700000047683716,0.0003,3.801010847091675,15,0.018232082948088646,51800,2.746103286743164,-4.084898948669434,51699,1036,50.0,-33.42,,
1.1,3454,0.36000001430511475,0.0003,4.2603678703308105,15,0.018744854256510735,52000,1.1424814462661743,-4.339980125427246,51899,1040,50.0,-34.07,,
1.1,3467,0.3400000035762787,0.0003,4.212807655334473,15,0.01918221265077591,52200,3.5952258110046387,-4.57058048248291,52099,1044,50.0,-34.93,,
1.1,3481,0.33000001311302185,0.0003,3.2167367935180664,15,0.01973218098282814,52400,-1.2251073122024536,-3.9769301414489746,52299,1048,50.0,-35.05,,
1.1,3494,0.33000001311302185,0.0003,5.240077972412109,15,0.019340844824910164,52600,-2.1501502990722656,-4.51302433013916,52499,1052,50.0,-34.76,,
1.1,3507,0.3199999928474426,0.0003,3.412283420562744,15,0.019191531464457512,52800,-1.9256256818771362,-3.649550437927246,52699,1056,50.0,-35.25,,
1.1,3521,0.3100000023841858,0.0003,5.136196136474609,15,0.018960030749440193,53000,-1.3814724683761597,-3.3542115688323975,52899,1060,50.0,-35.91,,
1.1,3534,0.3100000023841858,0.0003,3.539445400238037,15,0.018703078851103783,53200,-1.4203133583068848,-6.395131587982178,53099,1064,50.0,-35.6,,
1.1,3547,0.30000001192092896,0.0003,4.030819892883301,15,0.018699048087000847,53400,-0.8096044063568115,-5.513125419616699,53299,1068,50.0,-35.72,,
1.1,3560,0.30000001192092896,0.0003,3.473860502243042,15,0.018472153693437576,53600,0.8682262301445007,-5.435822486877441,53499,1072,50.0,-35.38,,
1.1,3573,0.3199999928474426,0.0003,5.663083076477051,15,0.018628546968102455,53800,1.5558515787124634,-4.611363410949707,53699,1076,50.0,-34.21,,
1.1,3586,0.3199999928474426,0.0003,3.672266721725464,15,0.01916898600757122,54000,0.8138605356216431,-4.824804306030273,53899,1080,50.0,-34.14,,
1.1,3599,0.30000001192092896,0.0003,3.5250113010406494,15,0.01918032020330429,54200,1.4546027183532715,-4.601068496704102,54099,1084,50.0,-34.68,,
1.1,3612,0.28999999165534973,0.0003,3.536658763885498,15,0.019341157749295235,54400,-0.10371837764978409,-4.876357555389404,54299,1088,50.0,-35.0,,
1.1,3625,0.28999999165534973,0.0003,3.8357815742492676,15,0.01896156743168831,54600,2.4559946060180664,-3.8029322624206543,54499,1092,50.0,-35.12,,
1.1,3638,0.3100000023841858,0.0003,3.16457200050354,15,0.019136829301714897,54800,-1.4999947547912598,-4.892397403717041,54699,1096,50.0,-34.91,,
1.1,3655,0.3199999928474426,0.0003,3.504850149154663,15,0.01935160905122757,55000,-0.48315781354904175,-4.602628231048584,54899,1100,50.0,-35.02,0.03647401998171787,1.0
1.1,3668,0.33000001311302185,0.0003,4.425999641418457,15,0.018889769911766052,55200,1.8381924629211426,-4.487736701965332,55099,1104,50.0,-34.11,,
1.1,3682,0.3499999940395355,0.0003,3.65374755859375,15,0.01941213570535183,55400,-1.883768081665039,-6.219263076782227,55299,1108,50.0,-33.55,,
1.1,3695,0.36000001430511475,0.0003,3.361093282699585,15,0.019338270649313927,55600,1.3482409715652466,-4.947646617889404,55499,1112,50.0,-32.78,,
1.1,3708,0.38999998569488525,0.0003,4.803929805755615,15,0.019223719835281372,55800,-2.4935178756713867,-5.067257404327393,55699,1116,50.0,-31.74,,
1.1,3722,0.41999998688697815,0.0003,5.235605239868164,15,0.01892133057117462,56000,-0.5938794612884521,-5.072140693664551,55899,1120,50.0,-31.06,,
1.1,3735,0.4399999976158142,0.0003,3.3171334266662598,15,0.01950107142329216,56200,-2.686185836791992,-4.848535060882568,56099,1124,50.0,-30.38,,
1.1,3748,0.41999998688697815,0.0003,3.3344461917877197,15,0.018804317340254784,56400,-2.29453444480896,-6.030044078826904,56299,1128,50.0,-31.44,,
1.1,3761,0.41999998688697815,0.0003,2.9232349395751953,15,0.01855470798909664,56600,2.86855411529541,-3.1742677688598633,56499,1132,50.0,-30.94,,
1.1,3774,0.4399999976158142,0.0003,2.970698595046997,15,0.01891915127635002,56800,-1.6139864921569824,-5.082663059234619,56699,1136,50.0,-30.49,,
1.1,3787,0.46000000834465027,0.0003,3.3123385906219482,15,0.01895839534699917,57000,-0.06545016169548035,-4.855179786682129,56899,1140,50.0,-29.88,,
1.1,3800,0.4699999988079071,0.0003,3.976896286010742,15,0.01913095824420452,57200,1.0892796516418457,-5.350039482116699,57099,1144,50.0,-29.62,,
1.1,3814,0.4699999988079071,0.0003,5.180836200714111,15,0.018970109522342682,57400,0.8273189663887024,-4.978692054748535,57299,1148,50.0,-29.46,,
1.1,3827,0.4699999988079071,0.0003,5.418696403503418,15,0.0193922258913517,57600,-0.4425264894962311,-5.625330448150635,57499,1152,50.0,-29.23,,
1.1,3840,0.46000000834465027,0.0003,3.9644808769226074,15,0.019851915538311005,57800,0.7147196531295776,-3.9262421131134033,57699,1156,50.0,-29.01,,
1.1,3852,0.46000000834465027,0.0003,6.428241729736328,15,0.019661888480186462,58000,-0.34568119049072266,-6.97854471206665,57899,1160,50.0,-28.57,,
1.1,3866,0.44999998807907104,0.0003,2.7401530742645264,15,0.019772449508309364,58200,-0.6983861923217773,-5.471149444580078,58099,1164,50.0,-28.93,,
1.1,3879,0.47999998927116394,0.0003,4.4754557609558105,15,0.019484808668494225,58400,-0.018371254205703735,-6.96756649017334,58299,1168,50.0,-27.51,,
1.1,3892,0.49000000953674316,0.0003,4.526639461517334,15,0.019599612802267075,58600,0.675159752368927,-6.811415195465088,58499,1172,50.0,-27.53,,
1.1,3905,0.4699999988079071,0.0003,5.156462669372559,15,0.019467618316411972,58800,1.4271392822265625,-5.854111671447754,58699,1176,50.0,-28.29,,
1.1,3918,0.46000000834465027,0.0003,3.5586514472961426,15,0.019685134291648865,59000,1.3818539381027222,-6.079257965087891,58899,1180,50.0,-27.93,,
1.1,3931,0.49000000953674316,0.0003,4.477441787719727,15,0.019881077110767365,59200,0.9186071753501892,-4.836239337921143,59099,1184,50.0,-27.0,,
1.1,3944,0.49000000953674316,0.0003,2.660270929336548,15,0.019832944497466087,59400,-2.152707576751709,-7.591271877288818,59299,1188,50.0,-27.05,,
1.1,3957,0.4699999988079071,0.0003,4.394026756286621,15,0.01985734887421131,59600,-1.5291781425476074,-7.203780651092529,59499,1192,50.0,-27.05,,
1.1,3970,0.44999998807907104,0.0003,4.128659248352051,15,0.019998453557491302,59800,0.9032318592071533,-4.416713237762451,59699,1196,50.0,-27.54,,
1.1,3987,0.46000000834465027,0.0003,4.91805362701416,15,0.019576452672481537,60000,-0.7466346621513367,-4.189581394195557,59899,1200,50.0,-26.85,0.038585517329958845,1.0
1.1,4000,0.46000000834465027,0.0003,4.075540065765381,15,0.019411349669098854,60200,-1.7352555990219116,-4.675739765167236,60099,1204,50.0,-26.88,,
1.1,4014,0.4699999988079071,0.0003,6.040148735046387,15,0.019146842882037163,60400,1.0408830642700195,-5.032827377319336,60299,1208,50.0,-26.84,,
1.1,4027,0.44999998807907104,0.0003,4.5995988845825195,15,0.019117120653390884,60600,-1.7166365385055542,-5.578123569488525,60499,1212,50.0,-27.38,,
1.1,4040,0.41999998688697815,0.0003,4.045197010040283,15,0.018705599009990692,60800,-0.1594633311033249,-4.607463359832764,60699,1216,50.0,-28.15,,
1.1,4054,0.41999998688697815,0.0003,5.40240478515625,15,0.01846955716609955,61000,-0.3379245400428772,-6.596682071685791,60899,1220,50.0,-27.54,,
1.1,4067,0.4099999964237213,0.0003,4.953639984130859,15,0.01824413798749447,61200,1.7866113185882568,-3.5882492065429688,61099,1224,50.0,-27.92,,
1.1,4080,0.41999998688697815,0.0003,4.421910285949707,15,0.017720554023981094,61400,2.7377591133117676,-4.611968994140625,61299,1228,50.0,-26.66,,
1.1,4093,0.4300000071525574,0.0003,5.1482133865356445,15,0.01782389171421528,61600,2.2958362102508545,-6.245321273803711,61499,1232,50.0,-26.68,,
1.1,4106,0.4300000071525574,0.0003,6.5469651222229,15,0.01778958924114704,61800,-0.2143145501613617,-3.789356231689453,61699,1236,50.0,-26.55,,
1.1,4119,0.4000000059604645,0.0003,4.272356986999512,15,0.017477404326200485,62000,-0.6539163589477539,-6.277944087982178,61899,1240,50.0,-27.15,,
1.1,4132,0.4000000059604645,0.0003,4.382327079772949,15,0.017477521672844887,62200,0.7054202556610107,-8.26748275756836,62099,1244,50.0,-27.09,,
1.1,4145,0.4000000059604645,0.0003,5.681197166442871,15,0.017366798594594002,62400,1.147623062133789,-5.175027847290039,62299,1248,50.0,-27.38,,
1.1,4158,0.4000000059604645,0.0003,4.950712203979492,15,0.01714148558676243,62600,1.0743359327316284,-5.881749153137207,62499,1252,50.0,-27.6,,
1.1,4171,0.4099999964237213,0.0003,4.780210494995117,15,0.017447270452976227,62800,1.8027316331863403,-5.552644729614258,62699,1256,50.0,-27.67,,
1.1,4184,0.4000000059604645,0.0003,4.277340888977051,15,0.01751706935465336,63000,-1.549487590789795,-4.41848087310791,62899,1260,50.0,-27.93,,
1.1,4197,0.38999998569488525,0.0003,7.9647722244262695,15,0.017262613400816917,63200,-0.7604724168777466,-8.98948860168457,63099,1264,50.0,-28.49,,
1.1,4210,0.36000001430511475,0.0003,3.653416156768799,15,0.017642179504036903,63400,-1.9532251358032227,-6.566969871520996,63299,1268,50.0,-29.66,,
1.1,4223,0.3700000047683716,0.0003,4.9765706062316895,15,0.01818002201616764,63600,-0.747563362121582,-5.472387790679932,63499,1272,50.0,-29.11,,
1.1,4236,0.3700000047683716,0.0003,4.1174235343933105,15,0.0184840839356184,63800,0.37090349197387695,-4.015622138977051,63699,1276,50.0,-29.0,,
1.1,4249,0.36000001430511475,0.0003,5.30731201171875,15,0.018526382744312286,64000,-2.127124786376953,-7.224276542663574,63899,1280,50.0,-29.78,,
1.1,4262,0.3499999940395355,0.0003,5.001543045043945,15,0.018669242039322853,64200,1.124499797821045,-4.711155891418457,64099,1284,50.0,-30.33,,
1.1,4275,0.3700000047683716,0.0003,4.532159328460693,15,0.01868640072643757,64400,1.3545475006103516,-4.831612586975098,64299,1288,50.0,-29.6,,
1.1,4288,0.38999998569488525,0.0003,4.6523051261901855,15,0.018825776875019073,64600,-2.3252952098846436,-5.8580732345581055,64499,1292,50.0,-29.15,,
1.1,4301,0.4099999964237213,0.0003,3.222984790802002,15,0.018734171986579895,64800,1.8901225328445435,-7.95543098449707,64699,1296,50.0,-28.93,,
1.1,4318,0.4099999964237213,0.0003,4.5667924880981445,15,0.01878310553729534,65000,-0.05937191843986511,-5.283143043518066,64899,1300,50.0,-28.74,0.03690104703627124,1.0
1.1,4331,0.4099999964237213,0.0003,4.3467302322387695,15,0.018633583560585976,65200,0.9857017993927002,-6.227492809295654,65099,1304,50.0,-29.15,,
1.1,4345,0.4099999964237213,0.0003,3.913029909133911,15,0.01830967515707016,65400,-0.5534692406654358,-8.240721702575684,65299,1308,50.0,-28.95,,
1.1,4358,0.4399999976158142,0.0003,4.0956854820251465,15,0.018420400097966194,65600,-2.124753952026367,-6.8940749168396,65499,1312,50.0,-28.33,,
1.1,4371,0.46000000834465027,0.0003,4.497973442077637,15,0.018251245841383934,65800,-0.8619077205657959,-6.590330600738525,65699,1316,50.0,-27.84,,
1.1,4385,0.46000000834465027,0.0003,5.229235649108887,15,0.018351547420024872,66000,-0.8172565698623657,-6.646428108215332,65899,1320,50.0,-27.98,,
1.1,4398,0.46000000834465027,0.0003,3.280416965484619,15,0.018540434539318085,66200,-0.07841639220714569,-5.378942966461182,66099,1324,50.0,-27.68,,
1.1,4411,0.46000000834465027,0.0003,6.021685600280762,15,0.01859382912516594,66400,2.379917621612549,-5.114058971405029,66299,1328,50.0,-28.03,,
1.1,4424,0.4699999988079071,0.0003,5.28803825378418,15,0.018426554277539253,66600,-1.0299514532089233,-7.417541980743408,66499,1332,50.0,-27.49,,
1.1,4437,0.47999998927116394,0.0003,3.9197988510131836,15,0.01856023073196411,66800,0.46514028310775757,-5.6235551834106445,66699,1336,50.0,-27.06,,
1.1,4450,0.4699999988079071,0.0003,3.9306247234344482,15,0.01841031014919281,67000,0.44348210096359253,-6.293288707733154,66899,1340,50.0,-27.38,,
1.1,4463,0.47999998927116394,0.0003,3.959399700164795,15,0.01789616048336029,67200,-0.4847911596298218,-7.451839923858643,67099,1344,50.0,-27.23,,
1.1,4476,0.47999998927116394,0.0003,5.544839859008789,15,0.017933910712599754,67400,3.982905864715576,-7.3477702140808105,67299,1348,50.0,-27.02,,
1.1,4489,0.47999998927116394,0.0003,3.9631426334381104,15,0.018016090616583824,67600,5.480180740356445,-7.1233038902282715,67499,1352,50.0,-26.91,,
1.1,4502,0.4699999988079071,0.0003,4.3290605545043945,15,0.018705500289797783,67800,1.0931768417358398,-5.6156768798828125,67699,1356,50.0,-27.15,,
1.1,4515,0.5099999904632568,0.0003,5.532198905944824,15,0.01876768283545971,68000,-1.0780941247940063,-3.6898555755615234,67899,1360,50.0,-26.39,,
1.1,4528,0.5199999809265137,0.0003,7.695119380950928,15,0.01870080642402172,68200,-0.6793842315673828,-7.921089172363281,68099,1364,50.0,-26.19,,
1.1,4541,0.5299999713897705,0.0003,4.245339393615723,15,0.01928085833787918,68400,-3.2865025997161865,-5.002737045288086,68299,1368,50.0,-26.33,,
1.1,4554,0.5099999904632568,0.0003,5.472204208374023,15,0.01933441311120987,68600,2.218473196029663,-9.128424644470215,68499,1372,50.0,-27.17,,
1.1,4567,0.5199999809265137,0.0003,4.689699172973633,15,0.019198771566152573,68800,-2.7033607959747314,-6.548151016235352,68699,1376,50.0,-26.78,,
1.1,4581,0.5199999809265137,0.0003,6.408411979675293,15,0.01900348626077175,69000,-0.2542417049407959,-7.086979866027832,68899,1380,50.0,-27.15,,
1.1,4594,0.5,0.0003,3.2500734329223633,15,0.01870863139629364,69200,0.09526762366294861,-10.5581636428833,69099,1384,50.0,-28.22,,
1.1,4607,0.5,0.0003,6.09505558013916,15,0.018560703843832016,69400,1.2848718166351318,-6.669001579284668,69299,1388,50.0,-27.79,,
1.1,4620,0.47999998927116394,0.0003,5.410491943359375,15,0.018852291628718376,69600,-0.0870496854186058,-7.072536945343018,69499,1392,50.0,-28.29,,
1.1,4633,0.46000000834465027,0.0003,4.983096122741699,15,0.018965691328048706,69800,0.05917203426361084,-6.416861057281494,69699,1396,50.0,-28.3,,
1.1,4651,0.4399999976158142,0.0003,4.293659210205078,15,0.018810326233506203,70000,-2.085434913635254,-7.807487964630127,69899,1400,50.0,-29.28,0.03560745684058659,1.0
1.1,4664,0.4399999976158142,0.0003,6.437116622924805,15,0.018884550780057907,70200,2.4530091285705566,-8.6608247756958,70099,1404,50.0,-29.52,,
1.1,4677,0.41999998688697815,0.0003,4.8660125732421875,15,0.018854111433029175,70400,-1.323394775390625,-7.136102676391602,70299,1408,50.0,-30.37,,
1.1,4691,0.4000000059604645,0.0003,5.462586879730225,15,0.019079504534602165,70600,2.2406585216522217,-8.870626449584961,70499,1412,50.0,-30.84,,
1.1,4705,0.38999998569488525,0.0003,3.8040318489074707,15,0.019095024093985558,70800,-0.8813984990119934,-8.071794509887695,70699,1416,50.0,-31.1,,
1.1,4718,0.38999998569488525,0.0003,3.5736942291259766,15,0.01946050487458706,71000,4.001675605773926,-8.347671508789062,70899,1420,50.0,-31.84,,
1.1,4731,0.38999998569488525,0.0003,3.590608596801758,15,0.01921536773443222,71200,-2.451096773147583,-5.520913124084473,71099,1424,50.0,-31.78,,
1.1,4745,0.38999998569488525,0.0003,4.205741882324219,15,0.019389137625694275,71400,-0.3675004839897156,-5.890024662017822,71299,1428,50.0,-31.7,,
1.1,4758,0.38999998569488525,0.0003,3.4870564937591553,15,0.019214894622564316,71600,1.302139163017273,-6.151362419128418,71499,1432,50.0,-31.65,,
1.1,4771,0.3700000047683716,0.0003,7.578736305236816,15,0.01912909746170044,71800,-0.7545492649078369,-6.755788326263428,71699,1436,50.0,-32.42,,
1.1,4784,0.38999998569488525,0.0003,4.2609944343566895,15,0.018775591626763344,72000,-0.28160572052001953,-9.715117454528809,71899,1440,50.0,-31.75,,
1.1,4797,0.38999998569488525,0.0003,5.121096611022949,15,0.01876492239534855,72200,-3.938551664352417,-10.14594841003418,72099,1444,50.0,-31.74,,
1.1,4810,0.3799999952316284,0.0003,6.294946193695068,15,0.018706344068050385,72400,0.316839337348938,-6.255131721496582,72299,1448,50.0,-32.52,,
1.1,4823,0.3799999952316284,0.0003,5.301054000854492,15,0.01916397362947464,72600,-0.9341280460357666,-5.950066089630127,72499,1452,50.0,-32.66,,
1.1,4836,0.4000000059604645,0.0003,5.331084251403809,15,0.019410312175750732,72800,-1.8184607028961182,-8.01451587677002,72699,1456,50.0,-31.79,,
1.1,4850,0.36000001430511475,0.0003,3.8889951705932617,15,0.019474977627396584,73000,1.0501463413238525,-7.238105773925781,72899,1460,50.0,-32.66,,
1.1,4863,0.36000001430511475,0.0003,5.88687801361084,15,0.019221611320972443,73200,-0.24494215846061707,-6.004492282867432,73099,1464,50.0,-32.06,,
1.1,4876,0.3400000035762787,0.0003,5.952605247497559,15,0.019162731245160103,73400,0.41085878014564514,-8.401335716247559,73299,1468,50.0,-32.17,,
1.1,4889,0.36000001430511475,0.0003,5.130687713623047,15,0.01948067918419838,73600,2.2313904762268066,-8.34924602508545,73499,1472,50.0,-31.64,,
1.1,4902,0.36000001430511475,0.0003,6.917604446411133,15,0.019430384039878845,73800,-3.7934694290161133,-9.910786628723145,73699,1476,50.0,-31.89,,
1.1,4915,0.3700000047683716,0.0003,4.203203201293945,15,0.01937408186495304,74000,-1.216088891029358,-6.780603408813477,73899,1480,50.0,-31.5,,
1.1,4928,0.36000001430511475,0.0003,4.681281566619873,15,0.019529182463884354,74200,-1.9355772733688354,-8.8558931350708,74099,1484,50.0,-31.7,,
1.1,4941,0.3700000047683716,0.0003,5.1923065185546875,15,0.019545359537005424,74400,-0.0036778151988983154,-7.494073867797852,74299,1488,50.0,-31.51,,
1.1,4954,0.3700000047683716,0.0003,7.360227584838867,15,0.01958005130290985,74600,-1.347806692123413,-6.318497180938721,74499,1492,50.0,-31.9,,
1.1,4968,0.38999998569488525,0.0003,4.562503814697266,15,0.019343644380569458,74800,0.8756518959999084,-8.073963165283203,74699,1496,50.0,-31.83,,
1.1,4985,0.4099999964237213,0.0003,6.55476188659668,15,0.019121907651424408,75000,-2.040107250213623,-8.381880760192871,74899,1500,50.0,-31.08,0.03498876340585025,1.0
1.1,4998,0.4000000059604645,0.0003,4.420750617980957,15,0.019189102575182915,75200,3.7816097736358643,-8.129191398620605,75099,1504,50.0,-31.03,,
1.1,5012,0.4000000059604645,0.0003,3.804244041442871,15,0.019510436803102493,75400,-0.565815269947052,-8.464930534362793,75299,1508,50.0,-30.16,,
1.1,5025,0.4000000059604645,0.0003,5.676394462585449,15,0.01976316049695015,75600,1.2672187089920044,-8.196356773376465,75499,1512,50.0,-30.03,,
1.1,5038,0.4099999964237213,0.0003,4.587672233581543,15,0.019762316718697548,75800,-2.017699956893921,-9.930450439453125,75699,1516,50.0,-29.72,,
1.1,5052,0.4000000059604645,0.0003,6.812632083892822,15,0.02020696923136711,76000,1.9202210903167725,-10.256197929382324,75899,1520,50.0,-29.51,,
1.1,5065,0.4099999964237213,0.0003,5.598987102508545,15,0.020899569615721703,76200,0.2941669523715973,-8.248196601867676,76099,1524,50.0,-29.34,,
1.1,5078,0.4000000059604645,0.0003,7.702855110168457,15,0.02064174972474575,76400,0.16550086438655853,-9.489703178405762,76299,1528,50.0,-30.37,,
1.1,5091,0.38999998569488525,0.0003,5.363160133361816,15,0.020612111315131187,76600,1.7085182666778564,-6.534733772277832,76499,1532,50.0,-30.79,,
1.1,5104,0.4000000059604645,0.0003,5.49456262588501,15,0.020475218072533607,76800,-1.6643766164779663,-8.644367218017578,76699,1536,50.0,-30.85,,
1.1,5118,0.4099999964237213,0.0003,9.682914733886719,15,0.019852591678500175,77000,0.14325791597366333,-8.728074073791504,76899,1540,50.0,-30.88,,
1.1,5131,0.4300000071525574,0.0003,5.347292900085449,15,0.019849250093102455,77200,1.3810875415802002,-8.148059844970703,77099,1544,50.0,-29.64,,
1.1,5144,0.41999998688697815,0.0003,4.60692024230957,15,0.01946513168513775,77400,0.49913543462753296,-6.267627716064453,77299,1548,50.0,-29.69,,
1.1,5157,0.4099999964237213,0.0003,5.608636379241943,15,0.019268248230218887,77600,-1.4152131080627441,-8.746545791625977,77499,1552,50.0,-30.1,,
1.1,5170,0.4000000059604645,0.0003,3.193833589553833,15,0.01934969611465931,77800,-0.5408480167388916,-9.157803535461426,77699,1556,50.0,-30.65,,
1.1,5183,0.41999998688697815,0.0003,3.9637935161590576,15,0.01921624131500721,78000,0.40195149183273315,-9.533824920654297,77899,1560,50.0,-29.92,,
1.1,5196,0.4300000071525574,0.0003,7.591887474060059,15,0.019051790237426758,78200,-0.25311192870140076,-4.281858444213867,78099,1564,50.0,-29.66,,
1.1,5209,0.44999998807907104,0.0003,6.533873558044434,15,0.019119778648018837,78400,-0.05963641405105591,-9.555992126464844,78299,1568,50.0,-29.09,,
1.1,5222,0.4300000071525574,0.0003,5.829342842102051,15,0.019464973360300064,78600,2.7394137382507324,-11.152896881103516,78499,1572,50.0,-29.57,,
1.1,5235,0.4300000071525574,0.0003,6.209988594055176,15,0.019542178139090538,78800,0.18200255930423737,-10.103876113891602,78699,1576,50.0,-29.18,,
1.1,5248,0.44999998807907104,0.0003,6.041780471801758,15,0.019501982256770134,79000,0.0785241574048996,-9.974790573120117,78899,1580,50.0,-28.36,,
1.1,5262,0.4699999988079071,0.0003,5.10699462890625,15,0.019904160872101784,79200,1.0385382175445557,-8.613168716430664,79099,1584,50.0,-27.43,,
1.1,5275,0.46000000834465027,0.0003,4.773148536682129,15,0.019957153126597404,79400,0.8228760361671448,-9.98144245147705,79299,1588,50.0,-27.97,,
1.1,5288,0.49000000953674316,0.0003,4.543004035949707,15,0.02030026726424694,79600,-0.06844362616539001,-9.371233940124512,79499,1592,50.0,-26.58,,
1.1,5301,0.4699999988079071,0.0003,3.623236656188965,15,0.020418507978320122,79800,-0.8070801496505737,-8.746381759643555,79699,1596,50.0,-26.89,,
1.1,5318,0.46000000834465027,0.0003,5.203888416290283,15,0.02064407430589199,80000,0.735672116279602,-9.486892700195312,79899,1600,50.0,-27.13,0.03468452133637619,1.0
1.1,5331,0.4699999988079071,0.0003,3.73032283782959,15,0.02047957293689251,80200,2.782014846801758,-6.211489200592041,80099,1604,50.0,-26.12,,
1.1,5344,0.4699999988079071,0.0003,5.946472644805908,15,0.020483840256929398,80400,-0.8994637727737427,-9.777851104736328,80299,1608,50.0,-26.72,,
1.1,5358,0.46000000834465027,0.0003,6.436018466949463,15,0.020284011960029602,80600,1.7449572086334229,-12.043872833251953,80499,1612,50.0,-27.1,,
1.1,5371,0.4699999988079071,0.0003,4.0940752029418945,15,0.020238425582647324,80800,1.0535426139831543,-7.641366004943848,80699,1616,50.0,-26.75,,
1.1,5384,0.4699999988079071,0.0003,4.9832048416137695,15,0.02033793367445469,81000,-0.9969419836997986,-11.483272552490234,80899,1620,50.0,-27.01,,
1.1,5397,0.46000000834465027,0.0003,3.97426176071167,15,0.020150627940893173,81200,2.6927192211151123,-11.930609703063965,81099,1624,50.0,-27.55,,
1.1,5410,0.46000000834465027,0.0003,4.9469709396362305,15,0.0200908612459898,81400,-2.2482643127441406,-10.044891357421875,81299,1628,50.0,-26.73,,
1.1,5423,0.44999998807907104,0.0003,5.466549873352051,15,0.01985805481672287,81600,-0.1769823133945465,-12.241945266723633,81499,1632,50.0,-26.8,,
1.1,5436,0.44999998807907104,0.0003,4.374686241149902,15,0.01998456008732319,81800,-1.8857696056365967,-12.300345420837402,81699,1636,50.0,-26.25,,
1.1,5449,0.4399999976158142,0.0003,8.627137184143066,15,0.019941719248890877,82000,-1.9254032373428345,-9.918548583984375,81899,1640,50.0,-26.23,,
1.1,5462,0.41999998688697815,0.0003,4.923396110534668,15,0.01963425613939762,82200,-0.4964008927345276,-11.614709854125977,82099,1644,50.0,-27.49,,
1.1,5475,0.41999998688697815,0.0003,4.992333889007568,15,0.019635828211903572,82400,-1.7360448837280273,-8.157455444335938,82299,1648,50.0,-27.5,,
1.1,5488,0.4300000071525574,0.0003,4.327859878540039,15,0.019521981477737427,82600,-0.38286441564559937,-11.61017894744873,82499,1652,50.0,-27.01,,
1.1,5501,0.4399999976158142,0.0003,6.122560024261475,15,0.019369957968592644,82800,-2.076975107192993,-7.3540120124816895,82699,1656,50.0,-26.95,,
1.1,5514,0.4300000071525574,0.0003,6.261398792266846,15,0.019205724820494652,83000,0.20900878310203552,-9.835409164428711,82899,1660,50.0,-27.31,,
1.1,5527,0.4099999964237213,0.0003,4.27454948425293,15,0.019498532637953758,83200,-1.6350387334823608,-6.159143924713135,83099,1664,50.0,-28.4,,
1.1,5540,0.41999998688697815,0.0003,4.853947639465332,15,0.01977926306426525,83400,0.151462584733963,-10.24071979522705,83299,1668,50.0,-28.0,,
1.1,5553,0.4399999976158142,0.0003,4.182847499847412,15,0.01956634595990181,83600,-1.4967690706253052,-9.912686347961426,83499,1672,50.0,-27.29,,
1.1,5566,0.4399999976158142,0.0003,5.426513195037842,15,0.019204100593924522,83800,-1.5907602310180664,-10.307868957519531,83699,1676,50.0,-27.5,,
1.1,5579,0.4399999976158142,0.0003,3.6973507404327393,15,0.018803294748067856,84000,-1.700394868850708,-10.032946586608887,83899,1680,50.0,-27.38,,
1.1,5592,0.4399999976158142,0.0003,5.383247375488281,15,0.018474312499165535,84200,-1.7261017560958862,-9.95062255859375,84099,1684,50.0,-27.84,,
1.1,5605,0.4300000071525574,0.0003,4.308742046356201,15,0.018111243844032288,84400,1.702033519744873,-10.15560245513916,84299,1688,50.0,-28.08,,
1.1,5618,0.4099999964237213,0.0003,6.131810188293457,15,0.018794268369674683,84600,0.5317277908325195,-12.714097023010254,84499,1692,50.0,-28.7,,
1.1,5631,0.41999998688697815,0.0003,3.709503650665283,15,0.018946994096040726,84800,-0.03265999257564545,-13.1510591506958,84699,1696,50.0,-28.35,,
1.1,5648,0.4399999976158142,0.0003,4.9995012283325195,15,0.01877964846789837,85000,-0.0880814790725708,-9.015235900878906,84899,1700,50.0,-27.89,0.029513341043558832,1.0
1.1,5661,0.4399999976158142,0.0003,4.3274431228637695,15,0.018822994083166122,85200,0.09012846648693085,-8.762633323669434,85099,1704,50.0,-28.34,,
1.1,5674,0.4699999988079071,0.0003,4.278371810913086,15,0.018549740314483643,85400,-3.680144786834717,-11.10340404510498,85299,1708,50.0,-27.44,,
1.1,5687,0.49000000953674316,0.0003,5.483531951904297,15,0.018454814329743385,85600,-0.3697769045829773,-11.447212219238281,85499,1712,50.0,-26.7,,
1.1,5700,0.4699999988079071,0.0003,4.916147232055664,15,0.018446192145347595,85800,-1.0823386907577515,-9.292991638183594,85699,1716,50.0,-27.33,,
1.1,5714,0.46000000834465027,0.0003,5.8837504386901855,15,0.01864481344819069,86000,-1.976149082183838,-11.750295639038086,85899,1720,50.0,-27.39,,
1.1,5727,0.46000000834465027,0.0003,5.1176605224609375,15,0.01875274069607258,86200,-0.13232830166816711,-11.158061027526855,86099,1724,50.0,-27.25,,
1.1,5740,0.46000000834465027,0.0003,3.2479231357574463,15,0.018877042457461357,86400,0.9146703481674194,-10.44430160522461,86299,1728,50.0,-27.61,,
1.1,5753,0.47999998927116394,0.0003,4.6531243324279785,15,0.019322052597999573,86600,-1.1046379804611206,-12.343179702758789,86499,1732,50.0,-27.31,,
1.1,5765,0.47999998927116394,0.0003,4.6222028732299805,15,0.019725143909454346,86800,-0.5323917269706726,-9.864919662475586,86699,1736,50.0,-27.76,,
1.1,5779,0.4699999988079071,0.0003,5.277915000915527,15,0.019792357459664345,87000,-1.5781540870666504,-11.332706451416016,86899,1740,50.0,-28.34,,
1.1,5791,0.4699999988079071,0.0003,5.3829569816589355,15,0.019299153238534927,87200,-0.9129447937011719,-9.697558403015137,87099,1744,50.0,-28.16,,
1.1,5805,0.47999998927116394,0.0003,5.05747127532959,15,0.019258961081504822,87400,3.4014370441436768,-8.142884254455566,87299,1748,50.0,-27.87,,
1.1,5818,0.49000000953674316,0.0003,6.394959926605225,15,0.019292179495096207,87600,1.2255679368972778,-10.145456314086914,87499,1752,50.0,-27.54,,
1.1,5831,0.47999998927116394,0.0003,4.6972198486328125,15,0.018941840156912804,87800,1.108430027961731,-11.452195167541504,87699,1756,50.0,-27.68,,
1.1,5844,0.47999998927116394,0.0003,7.151266098022461,15,0.01897217147052288,88000,1.2007960081100464,-8.89901351928711,87899,1760,50.0,-27.77,,
1.1,5857,0.47999998927116394,0.0003,6.294003486633301,15,0.01910964772105217,88200,-1.2349786758422852,-10.574970245361328,88099,1764,50.0,-27.24,,
1.1,5870,0.46000000834465027,0.0003,5.270538330078125,15,0.019127720966935158,88400,-1.651889681816101,-9.671294212341309,88299,1768,50.0,-28.09,,
1.1,5882,0.46000000834465027,0.0003,5.596591472625732,15,0.01878640614449978,88600,-0.11207619309425354,-7.674742698669434,88499,1772,50.0,-28.05,,
1.1,5895,0.46000000834465027,0.0003,4.993496417999268,15,0.019174879416823387,88800,1.621153473854065,-11.308560371398926,88699,1776,50.0,-28.03,,
1.1,5908,0.46000000834465027,0.0003,5.318336486816406,15,0.019221212714910507,89000,-0.29935622215270996,-11.912423133850098,88899,1780,50.0,-28.29,,
1.1,5921,0.44999998807907104,0.0003,4.943050861358643,15,0.01956750825047493,89200,-0.6088792085647583,-12.992191314697266,89099,1784,50.0,-28.28,,
1.1,5934,0.44999998807907104,0.0003,4.049032211303711,15,0.019416913390159607,89400,2.106489896774292,-10.214865684509277,89299,1788,50.0,-28.3,,
1.1,5947,0.44999998807907104,0.0003,5.241513729095459,15,0.01951962150633335,89600,0.47863608598709106,-10.335193634033203,89499,1792,50.0,-28.05,,
1.1,5960,0.44999998807907104,0.0003,3.739192247390747,15,0.019144734367728233,89800,1.5930709838867188,-10.314231872558594,89699,1796,50.0,-27.71,,
1.1,5977,0.4300000071525574,0.0003,5.079947471618652,15,0.018969345837831497,90000,-0.12337511777877808,-11.022848129272461,89899,1800,50.0,-28.28,0.035351929059730634,1.0
1.1,5990,0.41999998688697815,0.0003,4.291613578796387,15,0.019137660041451454,90200,1.3351471424102783,-9.907882690429688,90099,1804,50.0,-28.86,,
1.1,6003,0.4000000059604645,0.0003,6.771589279174805,15,0.01929832063615322,90400,0.04657465219497681,-10.415323257446289,90299,1808,50.0,-29.48,,
1.1,6017,0.4099999964237213,0.0003,4.50537633895874,15,0.019556524232029915,90600,1.58567214012146,-9.036151885986328,90499,1812,50.0,-29.58,,
1.1,6030,0.4099999964237213,0.0003,6.293510437011719,15,0.020020408555865288,90800,-0.9055127501487732,-8.697895050048828,90699,1816,50.0,-29.71,,
1.1,6043,0.4099999964237213,0.0003,5.437359809875488,15,0.020408641546964645,91000,0.129255473613739,-10.878532409667969,90899,1820,50.0,-29.42,,
1.1,6056,0.4099999964237213,0.0003,5.919149398803711,15,0.02075077034533024,91200,0.754399299621582,-8.977437973022461,91099,1824,50.0,-29.55,,
1.1,6069,0.4300000071525574,0.0003,5.402896881103516,15,0.0209241583943367,91400,-1.1109604835510254,-9.527789115905762,91299,1828,50.0,-29.12,,
1.1,6082,0.4000000059604645,0.0003,6.70831298828125,15,0.020401714369654655,91600,0.5146319270133972,-9.417299270629883,91499,1832,50.0,-30.11,,
1.1,6095,0.38999998569488525,0.0003,5.015026092529297,15,0.02048322930932045,91800,2.2543299198150635,-7.8233723640441895,91699,1836,50.0,-30.12,,
1.1,6108,0.38999998569488525,0.0003,6.376335620880127,15,0.02057480625808239,92000,0.2768748700618744,-8.879532814025879,91899,1840,50.0,-29.98,,
1.1,6121,0.38999998569488525,0.0003,7.784520149230957,15,0.0208894070237875,92200,0.05882440507411957,-9.576603889465332,92099,1844,50.0,-30.62,,
1.1,6134,0.4099999964237213,0.0003,6.081547737121582,15,0.02103920467197895,92400,1.6120222806930542,-7.73325777053833,92299,1848,50.0,-29.93,,
1.1,6147,0.38999998569488525,0.0003,5.604581832885742,15,0.021485676988959312,92600,0.6490646004676819,-9.910036087036133,92499,1852,50.0,-30.65,,
1.1,6160,0.38999998569488525,0.0003,5.185901641845703,15,0.02133248746395111,92800,-0.7769909501075745,-11.093873023986816,92699,1856,50.0,-30.1,,
1.1,6173,0.4000000059604645,0.0003,6.290133953094482,15,0.02135978639125824,93000,-0.9409974813461304,-9.899165153503418,92899,1860,50.0,-30.21,,
1.1,6186,0.4000000059604645,0.0003,3.7092278003692627,15,0.021400881931185722,93200,-0.19354160130023956,-10.764453887939453,93099,1864,50.0,-30.59,,
1.1,6199,0.4099999964237213,0.0003,4.90524435043335,15,0.021394480019807816,93400,2.923166275024414,-10.819765090942383,93299,1868,50.0,-30.36,,
1.1,6213,0.4099999964237213,0.0003,10.24565315246582,15,0.022102592512965202,93600,-1.2531914710998535,-10.665616989135742,93499,1872,50.0,-30.39,,
1.1,6225,0.4000000059604645,0.0003,7.289958477020264,15,0.022091493010520935,93800,-0.09153679013252258,-10.778447151184082,93699,1876,50.0,-30.22,,
1.1,6238,0.3799999952316284,0.0003,5.561016082763672,15,0.02176816388964653,94000,0.891828179359436,-10.510041236877441,93899,1880,50.0,-30.52,,
1.1,6251,0.4000000059604645,0.0003,6.032845497131348,15,0.02148219384253025,94200,0.5962313413619995,-7.54555082321167,94099,1884,50.0,-29.95,,
1.1,6264,0.4099999964237213,0.0003,8.393969535827637,15,0.02129599079489708,94400,0.9487708806991577,-10.06002140045166,94299,1888,50.0,-29.37,,
1.1,6277,0.4099999964237213,0.0003,4.891128063201904,15,0.02204669453203678,94600,0.05952449142932892,-14.565356254577637,94499,1892,50.0,-29.97,,
1.1,6290,0.4000000059604645,0.0003,6.796439170837402,15,0.021934667602181435,94800,-0.5505094528198242,-10.077970504760742,94699,1896,50.0,-30.84,,
1.1,6307,0.4099999964237213,0.0003,7.563399314880371,15,0.021919643506407738,95000,0.13781800866127014,-10.785401344299316,94899,1900,50.0,-30.66,0.036752923052015864,0.9
1.1,6320,0.4099999964237213,0.0003,6.570244789123535,15,0.02190030924975872,95200,-0.6798750162124634,-9.626914024353027,95099,1904,50.0,-30.39,,
1.1,6333,0.38999998569488525,0.0003,5.27791690826416,15,0.021909967064857483,95400,0.4344911575317383,-6.059028625488281,95299,1908,50.0,-31.3,,
1.1,6346,0.3700000047683716,0.0003,4.902629852294922,15,0.021703867241740227,95600,2.111104965209961,-9.798433303833008,95499,1912,50.0,-31.7,,
1.1,6359,0.3799999952316284,0.0003,6.796936511993408,15,0.02162315882742405,95800,-0.6756917238235474,-8.980215072631836,95699,1916,50.0,-31.41,,
1.1,6372,0.3799999952316284,0.0003,4.355605125427246,15,0.021662985906004906,96000,0.5294971466064453,-8.155184745788574,95899,1920,50.0,-31.64,,
1.1,6385,0.3799999952316284,0.0003,6.574280261993408,15,0.021808162331581116,96200,-0.6365050673484802,-10.125454902648926,96099,1924,50.0,-31.44,,
1.1,6398,0.36000001430511475,0.0003,4.475411415100098,15,0.021457025781273842,96400,-1.308801531791687,-11.261611938476562,96299,1928,50.0,-31.87,,
1.1,6412,0.3700000047683716,0.0003,4.819161415100098,15,0.021873947232961655,96600,0.9807611107826233,-6.793221950531006,96499,1932,50.0,-30.97,,
1.1,6424,0.36000001430511475,0.0003,5.787055969238281,15,0.02143772691488266,96800,-2.4422011375427246,-9.86395263671875,96699,1936,50.0,-31.43,,
1.1,6437,0.3499999940395355,0.0003,7.561973571777344,15,0.02148553915321827,97000,0.7428269386291504,-6.611207962036133,96899,1940,50.0,-31.66,,
1.1,6450,0.3499999940395355,0.0003,7.130998611450195,15,0.021841995418071747,97200,1.9407540559768677,-10.640908241271973,97099,1944,50.0,-31.01,,
1.1,6463,0.3499999940395355,0.0003,5.527617454528809,15,0.022264916449785233,97400,1.889378547668457,-6.650376796722412,97299,1948,50.0,-30.96,,
1.1,6476,0.3499999940395355,0.0003,4.5236101150512695,15,0.022833991795778275,97600,-0.2943967580795288,-8.101363182067871,97499,1952,50.0,-30.56,,
1.1,6489,0.36000001430511475,0.0003,5.001710891723633,15,0.023221660405397415,97800,-0.16951000690460205,-10.688687324523926,97699,1956,50.0,-30.6,,
1.1,6502,0.3700000047683716,0.0003,7.201115608215332,15,0.023164721205830574,98000,-0.036269836127758026,-10.949143409729004,97899,1960,50.0,-30.26,,
1.1,6515,0.3700000047683716,0.0003,5.612561225891113,15,0.022917021065950394,98200,-2.07907772064209,-9.667448997497559,98099,1964,50.0,-29.94,,
1.1,6528,0.36000001430511475,0.0003,6.992370128631592,15,0.022443726658821106,98400,-0.7788087725639343,-7.188486576080322,98299,1968,50.0,-29.61,,
1.1,6541,0.3400000035762787,0.0003,4.827902793884277,15,0.02274179272353649,98600,0.9687916040420532,-5.987691402435303,98499,1972,50.0,-30.26,,
1.1,6554,0.3499999940395355,0.0003,7.0664262771606445,15,0.022535415366292,98800,-1.5175442695617676,-11.149197578430176,98699,1976,50.0,-30.37,,
1.1,6567,0.36000001430511475,0.0003,5.551206111907959,15,0.023231638595461845,99000,-1.8801069259643555,-8.668842315673828,98899,1980,50.0,-30.31,,
1.1,6580,0.36000001430511475,0.0003,8.509122848510742,15,0.02296489104628563,99200,-1.2736763954162598,-8.96136474609375,99099,1984,50.0,-30.49,,
1.1,6593,0.3400000035762787,0.0003,5.920178413391113,15,0.022330066189169884,99400,0.755585789680481,-6.649232864379883,99299,1988,50.0,-31.32,,
1.1,6606,0.36000001430511475,0.0003,7.004868984222412,15,0.022686667740345,99600,0.22660203278064728,-5.740090370178223,99499,1992,50.0,-30.43,,
1.1,6618,0.36000001430511475,0.0003,7.425551891326904,15,0.02215256355702877,99800,-0.5715889930725098,-10.618800163269043,99699,1996,50.0,-30.07,,
1.1,6635,0.3700000047683716,0.0003,7.315039157867432,15,0.022204479202628136,100000,0.2919742166996002,-7.228893756866455,99899,2000,50.0,-29.48,0.03597377565734774,0.9
