rollout/success_rate,rollout/ep_len_mean,time/total_timesteps,time/fps,rollout/ep_rew_mean,curriculum/epsilon,train/critic_loss,time/episodes,train/n_updates,train/actor_loss,time/time_elapsed,train/learning_rate,train/ent_coef_loss,train/ent_coef,eval/clean_success_rate,eval/clean_mean_d
0.0,50.0,200,120,-48.75,0.0,0.27748608589172363,4,99,-5.074526786804199,1,0.0003,-0.1970319300889969,0.9710294008255005,,
0.0,50.0,400,85,-47.875,0.0,0.2411087304353714,8,299,-6.255932807922363,4,0.0003,-0.5994093418121338,0.9144774079322815,,
0.0,50.0,600,78,-48.333333333333336,0.0,0.2072013020515442,12,499,-7.388967037200928,7,0.0003,-1.0052403211593628,0.8612123727798462,,
0.0,50.0,800,75,-48.75,0.0,0.2127896547317505,16,699,-8.348917007446289,10,0.0003,-1.406963586807251,0.8110572099685669,,
0.0,50.0,1000,73,-48.85,0.0,0.22652074694633484,20,899,-9.356852531433105,13,0.0003,-1.8099024295806885,0.7638326287269592,,
0.0,50.0,1200,72,-49.041666666666664,0.0,0.21428483724594116,24,1099,-10.161016464233398,16,0.0003,-2.2150537967681885,0.7193366885185242,,
0.0,50.0,1400,70,-49.142857142857146,0.0,0.2055751085281372,28,1299,-11.017386436462402,19,0.0003,-2.619033098220825,0.6774342656135559,,
0.0,50.0,1600,70,-49.25,0.0,0.20199577510356903,32,1499,-11.805144309997559,22,0.0003,-3.0426042079925537,0.6379875540733337,,
0.0,50.0,1800,69,-49.333333333333336,0.0,0.22921490669250488,36,1699,-12.262435913085938,25,0.0003,-3.4256811141967773,0.6008422374725342,,
0.0,50.0,2000,69,-49.15,0.0,0.19585087895393372,40,1899,-12.766196250915527,28,0.0003,-3.8348276615142822,0.5658738613128662,,
0.0,50.0,2200,69,-49.13636363636363,0.0,0.22132307291030884,44,2099,-13.232264518737793,31,0.0003,-4.221373558044434,0.5329313278198242,,
0.0,50.0,2400,69,-49.208333333333336,0.0,0.20984521508216858,48,2299,-13.704648971557617,34,0.0003,-4.656584739685059,0.5019170641899109,,
0.0,50.0,2600,68,-49.26923076923077,0.0,0.19880086183547974,52,2499,-13.934165954589844,37,0.0003,-5.0334625244140625,0.47271132469177246,,
0.0,50.0,2800,68,-49.30357142857143,0.0,0.19097739458084106,56,2699,-14.121783256530762,40,0.0003,-5.426327705383301,0.44521063566207886,,
0.0,50.0,3000,68,-49.3,0.0,0.20218148827552795,60,2899,-14.263057708740234,43,0.0003,-5.843745231628418,0.41931116580963135,,
0.0,50.0,3200,68,-49.34375,0.0,0.16893544793128967,64,3099,-14.224116325378418,46,0.0003,-6.223996162414551,0.3949386477470398,,
0.0,50.0,3400,68,-49.38235294117647,0.0,0.19113481044769287,68,3299,-14.386035919189453,49,0.0003,-6.6226983070373535,0.3719933032989502,,
0.0,50.0,3600,68,-49.333333333333336,0.0,0.1696612685918808,72,3499,-14.306591033935547,52,0.0003,-6.980893135070801,0.35038214921951294,,
0.0,50.0,3800,68,-49.36842105263158,0.0,0.19407325983047485,76,3699,-14.353890419006348,55,0.0003,-7.400399208068848,0.33005398511886597,,
0.0,50.0,4000,67,-49.4,0.0,0.20083418488502502,80,3899,-14.146501541137695,58,0.0003,-7.807573318481445,0.3109225928783417,,
0.0,50.0,4200,67,-49.42857142857143,0.0,0.1937258392572403,84,4099,-13.906052589416504,61,0.0003,-8.179976463317871,0.29290279746055603,,
0.0,50.0,4400,67,-49.45454545454545,0.0,0.17496763169765472,88,4299,-13.783380508422852,64,0.0003,-8.460368156433105,0.2759595513343811,,
0.0,50.0,4600,67,-49.47826086956522,0.0,0.18509602546691895,92,4499,-13.568511962890625,67,0.0003,-8.949209213256836,0.2600160241127014,,
0.0,50.0,4800,67,-49.5,0.0,0.19088612496852875,96,4699,-13.413351058959961,70,0.0003,-9.300113677978516,0.24502156674861908,,
0.0,50.0,5000,66,-49.52,0.0,0.17441417276859283,100,4899,-13.132770538330078,75,0.0003,-9.694540023803711,0.23089316487312317,0.15,0.40397069826374715
0.0,50.0,5200,66,-49.53,0.0,0.19548970460891724,104,5099,-12.835260391235352,78,0.0003,-9.903730392456055,0.21759112179279327,,
0.0,50.0,5400,66,-49.64,0.0,0.19423654675483704,108,5299,-12.196821212768555,81,0.0003,-10.22213077545166,0.20509667694568634,,
0.0,50.0,5600,66,-49.66,0.0,0.18178653717041016,112,5499,-12.29404354095459,84,0.0003,-10.612900733947754,0.1933671534061432,,
0.0,50.0,5800,66,-49.65,0.0,0.154989093542099,116,5699,-11.617713928222656,87,0.0003,-11.09172248840332,0.18234434723854065,,
0.0,50.0,6000,66,-49.67,0.0,0.1823148876428604,120,5899,-11.157770156860352,90,0.0003,-11.262791633605957,0.17195746302604675,,
0.0,50.0,6200,66,-49.67,0.0,0.15778103470802307,124,6099,-10.92384147644043,93,0.0003,-11.379826545715332,0.16221776604652405,,
0.0,50.0,6400,66,-49.68,0.0,0.15576979517936707,128,6299,-10.340721130371094,96,0.0003,-11.373241424560547,0.1530729979276657,,
0.0,50.0,6600,66,-49.68,0.0,0.14649143815040588,132,6499,-9.964481353759766,99,0.0003,-11.780458450317383,0.14449439942836761,,
0.0,50.0,6800,66,-49.66,0.0,0.16306382417678833,136,6699,-9.638984680175781,102,0.0003,-11.64288330078125,0.1364438533782959,,
0.0,50.0,7000,66,-49.76,0.0,0.1452905535697937,140,6899,-8.879204750061035,105,0.0003,-11.651714324951172,0.12890233099460602,,
0.0,50.0,7200,66,-49.8,0.0,0.15775060653686523,144,7099,-8.862030029296875,108,0.0003,-11.90863037109375,0.12183663994073868,,
0.0,50.0,7400,66,-49.79,0.0,0.13173896074295044,148,7299,-8.202237129211426,111,0.0003,-11.991965293884277,0.11521004140377045,,
0.0,50.0,7600,66,-49.68,0.0,0.16258439421653748,152,7499,-8.015090942382812,114,0.0003,-12.473700523376465,0.10897327214479446,,
0.0,50.0,7800,66,-49.56,0.0,0.1432945877313614,156,7699,-7.6423659324646,117,0.0003,-12.646563529968262,0.1031205803155899,,
0.009999999776482582,50.0,8000,66,-49.26,0.0,0.13637234270572662,160,7899,-7.163011074066162,120,0.0003,-12.669683456420898,0.09763239324092865,,
0.009999999776482582,50.0,8200,66,-48.88,0.0,0.13154439628124237,164,8099,-6.815164566040039,123,0.0003,-11.941556930541992,0.09243249893188477,,
0.009999999776482582,50.0,8400,66,-48.71,0.0,0.1212758719921112,168,8299,-6.152890205383301,126,0.0003,-12.271543502807617,0.08756839483976364,,
0.009999999776482582,50.0,8600,66,-48.62,0.0,0.1259956657886505,172,8499,-5.74168062210083,129,0.0003,-12.454434394836426,0.08297739923000336,,
0.009999999776482582,50.0,8800,66,-47.79,0.0,0.11474287509918213,176,8699,-5.405476093292236,132,0.0003,-12.29472827911377,0.07868114858865738,,
0.019999999552965164,50.0,9000,66,-46.76,0.0,0.12652979791164398,180,8899,-5.25257682800293,135,0.0003,-12.416006088256836,0.07465013116598129,,
0.029999999329447746,50.0,9200,66,-45.86,0.0,0.12071721255779266,184,9099,-4.683359622955322,139,0.0003,-11.65195083618164,0.07085204124450684,,
0.03999999910593033,50.0,9400,66,-44.99,0.0,0.13763299584388733,188,9299,-4.679435729980469,142,0.0003,-12.156362533569336,0.06730539351701736,,
0.05999999865889549,50.0,9600,66,-43.89,0.0,0.13425342738628387,192,9499,-4.070169925689697,145,0.0003,-10.63276481628418,0.06396762281656265,,
0.07999999821186066,50.0,9800,66,-42.59,0.0,0.1419999748468399,196,9699,-4.13705587387085,148,0.0003,-11.700054168701172,0.060859378427267075,,
0.10000000149011612,50.0,10000,65,-41.54,0.0,0.13874919712543488,200,9899,-3.6131091117858887,152,0.0003,-11.225101470947266,0.05791255086660385,1.0,0.0275303775869997
0.14000000059604645,50.0,10200,65,-40.15,0.0,0.12961706519126892,204,10099,-3.3339531421661377,155,0.0003,-10.27708911895752,0.05515028163790703,,
0.17000000178813934,50.0,10400,65,-38.42,0.0,0.121881864964962,208,10299,-3.0275673866271973,158,0.0003,-9.694130897521973,0.05252624303102493,,
0.20000000298023224,50.0,10600,65,-36.85,0.0,0.1258322298526764,212,10499,-3.0019383430480957,161,0.0003,-10.390803337097168,0.0500108003616333,,
0.23999999463558197,50.0,10800,65,-34.96,0.0,0.13831445574760437,216,10699,-2.732278823852539,164,0.0003,-10.182523727416992,0.04765177518129349,,
0.2800000011920929,50.0,11000,65,-33.06,0.0,0.1401532143354416,220,10899,-2.683893918991089,167,0.0003,-9.819413185119629,0.04540826007723808,,
0.3199999928474426,50.0,11200,65,-31.16,0.0,0.14788398146629333,224,11099,-2.2169370651245117,170,0.0003,-8.964877128601074,0.043284278362989426,,
0.36000001430511475,50.0,11400,65,-29.31,0.0,0.1256343573331833,228,11299,-2.1896839141845703,174,0.0003,-9.455780029296875,0.04127676039934158,,
0.4000000059604645,50.0,11600,65,-27.56,0.0,0.12939921021461487,232,11499,-2.1902966499328613,177,0.0003,-9.001067161560059,0.03935616463422775,,
0.4399999976158142,50.0,11800,65,-25.72,0.0,0.12022198736667633,236,11699,-2.026501178741455,180,0.0003,-9.004737854003906,0.03755812346935272,,
0.47999998927116394,50.0,12000,65,-23.99,0.0,0.12248953431844711,240,11899,-1.466505527496338,183,0.0003,-8.70348072052002,0.035801950842142105,,
0.5199999809265137,50.0,12200,65,-22.11,0.0,0.12920713424682617,244,12099,-1.6023463010787964,186,0.0003,-8.57141399383545,0.03414750099182129,,
0.5600000023841858,50.0,12400,65,-20.19,0.0,0.11297759413719177,248,12299,-1.7218869924545288,189,0.0003,-8.15742015838623,0.03261413797736168,,
0.6000000238418579,50.0,12600,65,-18.35,0.0,0.13213039934635162,252,12499,-1.4696110486984253,192,0.0003,-7.089534759521484,0.031192058697342873,,
0.6399999856948853,50.0,12800,65,-16.7,0.0,0.11302655935287476,256,12699,-1.1675180196762085,195,0.0003,-7.44692325592041,0.029752083122730255,,
0.6700000166893005,50.0,13000,65,-15.17,0.0,0.09550175070762634,260,12899,-1.0786687135696411,198,0.0003,-7.367134094238281,0.028328562155365944,,
0.7099999785423279,50.0,13200,65,-13.65,0.0,0.15019506216049194,264,13099,-1.12098228931427,201,0.0003,-7.170155048370361,0.027032237499952316,,
0.75,50.0,13400,65,-11.96,0.0,0.15291902422904968,268,13299,-1.181462049484253,204,0.0003,-6.8499436378479,0.02575979009270668,,
0.7900000214576721,50.0,13600,65,-10.29,0.0,0.13375912606716156,272,13499,-1.069557785987854,207,0.0003,-7.477254390716553,0.02453659474849701,,
0.8299999833106995,50.0,13800,65,-9.19,0.0,0.12350980937480927,276,13699,-1.1265286207199097,210,0.0003,-6.8958353996276855,0.023429494351148605,,
0.8600000143051147,50.0,14000,65,-8.4,0.0,0.1398611068725586,280,13899,-0.6627094745635986,213,0.0003,-5.556299686431885,0.022375984117388725,,
0.8899999856948853,50.0,14200,65,-7.35,0.0,0.139225572347641,284,14099,-1.029126763343811,216,0.0003,-6.9539031982421875,0.021323449909687042,,
0.9200000166893005,50.0,14400,65,-6.36,0.0,0.11100894212722778,288,14299,-1.076588749885559,219,0.0003,-5.811442852020264,0.020339688286185265,,
0.9399999976158142,50.0,14600,65,-5.58,0.0,0.15256176888942719,292,14499,-0.9798268675804138,222,0.0003,-7.382254600524902,0.019427265971899033,,
0.9599999785423279,50.0,14800,65,-5.0,0.0,0.15078476071357727,296,14699,-0.7636715769767761,225,0.0003,-5.641571044921875,0.018547747284173965,,
0.9800000190734863,50.0,15000,65,-4.12,0.0,0.1114858090877533,300,14899,-0.8636084198951721,229,0.0003,-5.859987258911133,0.01769542507827282,1.0,0.031170560984790978
0.9800000190734863,50.0,15200,65,-3.6,0.0,0.10260479897260666,304,15099,-0.8113980293273926,232,0.0003,-5.623692989349365,0.01690569333732128,,
0.9900000095367432,50.0,15400,65,-3.45,0.0,0.11595247685909271,308,15299,-0.6813018918037415,235,0.0003,-5.4517436027526855,0.01627342775464058,,
1.0,50.0,15600,65,-3.12,0.0,0.10620161145925522,312,15499,-0.6542872190475464,238,0.0003,-3.790193557739258,0.015525051392614841,,
1.0,50.0,15800,65,-3.1,0.0,0.1109783798456192,316,15699,-0.803368091583252,241,0.0003,-4.398658275604248,0.014851055108010769,,
1.0,50.0,16000,65,-3.05,0.0,0.11066536605358124,320,15899,-0.9615227580070496,245,0.0003,-4.982168197631836,0.014291555620729923,,
1.0,50.0,16200,65,-3.02,0.0,0.12574413418769836,324,16099,-0.8887929320335388,248,0.0003,-3.3614935874938965,0.013734116218984127,,
1.0,50.0,16400,65,-2.99,0.0,0.13819843530654907,328,16299,-1.015974521636963,251,0.0003,-5.132967472076416,0.013215397484600544,,
1.0,50.0,16600,65,-2.83,0.0,0.09335404634475708,332,16499,-0.8166895508766174,254,0.0003,-3.052039384841919,0.012708972208201885,,
1.0,50.0,16800,65,-2.76,0.0,0.10651234537363052,336,16699,-0.9894109964370728,257,0.0003,-2.322740077972412,0.012344606220722198,,
1.0,50.0,17000,65,-2.56,0.0,0.09944340586662292,340,16899,-1.0883586406707764,260,0.0003,-2.939054250717163,0.011918247677385807,,
1.0,50.0,17200,65,-2.5,0.0,0.1030203104019165,344,17099,-0.9906261563301086,263,0.0003,-3.7221457958221436,0.011518405750393867,,
1.0,50.0,17400,65,-2.47,0.0,0.12148474156856537,348,17299,-0.6188455820083618,266,0.0003,-2.9484856128692627,0.011136948131024837,,
1.0,50.0,17600,65,-2.51,0.0,0.08412735164165497,352,17499,-1.0461292266845703,269,0.0003,-0.717615008354187,0.010866963304579258,,
1.0,50.0,17800,65,-2.38,0.0,0.10632447898387909,356,17699,-0.9921119809150696,272,0.0003,0.23533602058887482,0.01080949418246746,,
1.0,50.0,18000,65,-2.34,0.0,0.12339961528778076,360,17899,-1.0084240436553955,275,0.0003,0.6662511825561523,0.010788294486701488,,
1.0,50.0,18200,65,-2.33,0.0,0.08501911908388138,364,18099,-1.1422282457351685,278,0.0003,-0.48076075315475464,0.010741773061454296,,
1.0,50.0,18400,65,-2.25,0.0,0.07599256932735443,368,18299,-1.0888736248016357,281,0.0003,0.22756752371788025,0.010733534581959248,,
1.0,50.0,18600,65,-2.13,0.0,0.09132101386785507,372,18499,-1.4860174655914307,284,0.0003,-1.5278904438018799,0.010732654482126236,,
1.0,50.0,18800,65,-2.14,0.0,0.09578564763069153,376,18699,-1.5067486763000488,287,0.0003,-1.7926557064056396,0.010755873285233974,,
1.0,50.0,19000,65,-2.05,0.0,0.08012275397777557,380,18899,-1.358801245689392,291,0.0003,-0.8705437183380127,0.010769683867692947,,
1.0,50.0,19200,65,-2.07,0.0,0.08038882911205292,384,19099,-1.549129843711853,294,0.0003,-0.8106931447982788,0.010732736438512802,,
1.0,50.0,19400,65,-2.0,0.0,0.08212994784116745,388,19299,-1.4852774143218994,297,0.0003,-1.474748134613037,0.010494066402316093,,
1.0,50.0,19600,65,-1.98,0.0,0.07743816077709198,392,19499,-1.5903648138046265,300,0.0003,-0.4150739312171936,0.010336111299693584,,
1.0,50.0,19800,65,-1.95,0.0,0.09134872257709503,396,19699,-1.5660403966903687,303,0.0003,1.269519567489624,0.010128466412425041,,
1.0,50.0,20000,64,-1.96,0.0,0.06607192754745483,400,19899,-1.658216953277588,307,0.0003,-0.4466821551322937,0.010046115145087242,1.0,0.008149921177717966
1.0,50.0,20200,65,-1.99,0.0,0.07288144528865814,404,20099,-1.7422964572906494,310,0.0003,-0.7829630374908447,0.010041512548923492,,
1.0,50.0,20400,65,-1.95,0.0,0.07041116058826447,408,20299,-1.5144089460372925,313,0.0003,1.6121165752410889,0.009814716875553131,,
1.0,50.0,20600,65,-1.92,0.0,0.07721442729234695,412,20499,-1.6266924142837524,316,0.0003,0.4227210283279419,0.00968710146844387,,
1.0,50.0,20800,65,-1.9,0.0,0.07686619460582733,416,20699,-1.9508246183395386,319,0.0003,-0.9501458406448364,0.009505399502813816,,
1.0,50.0,21000,65,-1.95,0.0,0.07632128149271011,420,20899,-1.8939951658248901,322,0.0003,-0.12474916875362396,0.009291939437389374,,
1.0,50.0,21200,65,-1.95,0.0,0.07590726017951965,424,21099,-2.007871627807617,325,0.0003,-1.0084257125854492,0.009102550335228443,,
1.0,50.0,21400,65,-1.9,0.0,0.06572668254375458,428,21299,-1.8352235555648804,328,0.0003,-0.7577852010726929,0.009135994128882885,,
1.0,50.0,21600,65,-1.87,0.0,0.06438666582107544,432,21499,-1.9209578037261963,331,0.0003,-0.3087479770183563,0.009051459841430187,,
1.0,50.0,21800,65,-1.86,0.0,0.06358876824378967,436,21699,-2.0006582736968994,334,0.0003,-0.6076712608337402,0.008843330666422844,,
1.0,50.0,22000,65,-1.86,0.0,0.07403005659580231,440,21899,-1.9190747737884521,337,0.0003,0.4699562191963196,0.008761432953178883,,
1.0,50.0,22200,65,-1.9,0.0,0.07839794456958771,444,22099,-1.9535589218139648,340,0.0003,-0.6754854917526245,0.008490807376801968,,
1.0,50.0,22400,65,-1.95,0.0,0.05603395402431488,448,22299,-2.1790308952331543,344,0.0003,0.0009305141866207123,0.008348044008016586,,
1.0,50.0,22600,65,-1.96,0.0,0.048079997301101685,452,22499,-2.228428840637207,347,0.0003,0.7597941160202026,0.00835067592561245,,
1.0,50.0,22800,65,-1.95,0.0,0.07221496850252151,456,22699,-2.093238353729248,350,0.0003,1.1066277027130127,0.008232555352151394,,
1.0,50.0,23000,65,-1.94,0.0,0.05985812470316887,460,22899,-2.102064847946167,353,0.0003,-1.1042982339859009,0.008106919936835766,,
1.0,50.0,23200,65,-1.93,0.0,0.061311375349760056,464,23099,-2.2328999042510986,356,0.0003,-0.9400439858436584,0.007924895733594894,,
1.0,50.0,23400,65,-1.95,0.0,0.061100155115127563,468,23299,-2.2632944583892822,359,0.0003,0.6982507705688477,0.00786515511572361,,
1.0,50.0,23600,65,-1.96,0.0,0.06872600317001343,472,23499,-2.1077589988708496,362,0.0003,0.23073145747184753,0.007828292436897755,,
1.0,50.0,23800,65,-1.94,0.0,0.05939145013689995,476,23699,-2.1692514419555664,365,0.0003,-0.4596572518348694,0.007791881449520588,,
1.0,50.0,24000,65,-1.91,0.0,0.06611841917037964,480,23899,-2.2234842777252197,368,0.0003,-2.479015827178955,0.007572805974632502,,
1.0,50.0,24200,65,-1.93,0.0,0.0537649542093277,484,24099,-2.421823501586914,371,0.0003,-0.4897322654724121,0.007361280266195536,,
1.0,50.0,24400,65,-1.92,0.0,0.05340643227100372,488,24299,-2.4080851078033447,374,0.0003,-1.5499855279922485,0.00730087049305439,,
1.0,50.0,24600,65,-1.9,0.0,0.05678301304578781,492,24499,-2.4750077724456787,377,0.0003,-0.4441702365875244,0.007110069505870342,,
1.0,50.0,24800,65,-1.88,0.0,0.0638820007443428,496,24699,-2.707350969314575,380,0.0003,-1.3013821840286255,0.0070416745729744434,,
1.0,50.0,25000,64,-1.83,0.0,0.05927884578704834,500,24899,-2.339404582977295,385,0.0003,-1.1849051713943481,0.0068678539246320724,1.0,0.013635133325223087
1.0,50.0,25200,64,-1.83,0.0,0.057264480739831924,504,25099,-2.3182058334350586,388,0.0003,-1.1067345142364502,0.006853701546788216,,
1.0,50.0,25400,64,-1.81,0.0,0.05648430809378624,508,25299,-2.39620041847229,391,0.0003,0.8287737369537354,0.006819481961429119,,
1.0,50.0,25600,64,-1.8,0.0,0.06795401871204376,512,25499,-2.335667371749878,394,0.0003,0.07870751619338989,0.006696611642837524,,
1.0,50.0,25800,64,-1.81,0.0,0.0559738427400589,516,25699,-2.331221103668213,397,0.0003,1.4377988576889038,0.006506310775876045,,
1.0,50.0,26000,64,-1.79,0.0,0.05304080247879028,520,25899,-2.5396292209625244,400,0.0003,0.41295725107192993,0.006376705132424831,,
1.0,50.0,26200,64,-1.77,0.0,0.04770625755190849,524,26099,-2.645418882369995,403,0.0003,-1.670469045639038,0.006301737856119871,,
1.0,50.0,26400,64,-1.79,0.0,0.05994249880313873,528,26299,-2.2062392234802246,406,0.0003,-0.2440730333328247,0.0060789030976593494,,
1.0,50.0,26600,64,-1.83,0.0,0.055301837623119354,532,26499,-2.1975038051605225,409,0.0003,-0.8240047693252563,0.0060294512659311295,,
1.0,50.0,26800,64,-1.81,0.0,0.05056563764810562,536,26699,-2.4863693714141846,412,0.0003,0.6496437191963196,0.0059929112903773785,,
1.0,50.0,27000,64,-1.78,0.0,0.048690520226955414,540,26899,-2.3481898307800293,415,0.0003,-0.1658932864665985,0.005878987722098827,,
1.0,50.0,27200,64,-1.77,0.0,0.04166483134031296,544,27099,-2.2639718055725098,418,0.0003,-1.2216746807098389,0.0057877241633832455,,
1.0,50.0,27400,64,-1.75,0.0,0.051939934492111206,548,27299,-2.4764745235443115,421,0.0003,0.6065951585769653,0.005767086986452341,,
1.0,50.0,27600,64,-1.7,0.0,0.04548615962266922,552,27499,-2.184581995010376,424,0.0003,1.0254789590835571,0.005586737301200628,,
1.0,50.0,27800,64,-1.69,0.0,0.04850826784968376,556,27699,-2.310189723968506,427,0.0003,0.9951045513153076,0.005469056311994791,,
1.0,50.0,28000,64,-1.67,0.0,0.04792895168066025,560,27899,-2.280076265335083,430,0.0003,0.11677271127700806,0.005470277275890112,,
1.0,50.0,28200,65,-1.65,0.0,0.04362410306930542,564,28099,-2.2004337310791016,433,0.0003,1.52402925491333,0.005497395992279053,,
1.0,50.0,28400,65,-1.65,0.0,0.04178007319569588,568,28299,-2.2368946075439453,436,0.0003,0.9729967713356018,0.005550190806388855,,
1.0,50.0,28600,65,-1.62,0.0,0.04136468470096588,572,28499,-2.477879285812378,439,0.0003,-0.013448551297187805,0.005560972727835178,,
1.0,50.0,28800,65,-1.61,0.0,0.04575428366661072,576,28699,-2.375331401824951,442,0.0003,-0.8772838115692139,0.005457302555441856,,
1.0,50.0,29000,65,-1.62,0.0,0.044177159667015076,580,28899,-2.4466753005981445,445,0.0003,0.31515365839004517,0.0053846570663154125,,
1.0,50.0,29200,65,-1.63,0.0,0.04995433986186981,584,29099,-2.4615702629089355,448,0.0003,-2.408958673477173,0.00537841347977519,,
1.0,50.0,29400,65,-1.61,0.0,0.0497368723154068,588,29299,-2.5597352981567383,451,0.0003,-3.0059356689453125,0.005328272003680468,,
1.0,50.0,29600,65,-1.58,0.0,0.04080221801996231,592,29499,-2.4438648223876953,455,0.0003,0.047742441296577454,0.005334434099495411,,
1.0,50.0,29800,65,-1.6,0.0,0.0358622744679451,596,29699,-2.1243343353271484,458,0.0003,-0.1431857943534851,0.005254764575511217,,
1.0,50.0,30000,64,-1.65,0.0,0.04289177060127258,600,29899,-2.3730809688568115,462,0.0003,0.12410229444503784,0.005292287562042475,1.0,0.015967022202083268
1.0,50.0,30200,64,-1.62,0.0,0.041107431054115295,604,30099,-2.4890942573547363,465,0.0003,-0.08117038011550903,0.005296632647514343,,
1.0,50.0,30400,64,-1.65,0.0,0.039743661880493164,608,30299,-2.234355926513672,468,0.0003,1.5619621276855469,0.005228458903729916,,
1.0,50.0,30600,64,-1.69,0.0,0.04112558811903,612,30499,-2.301973342895508,471,0.0003,-0.8226486444473267,0.005178618244826794,,
1.0,50.0,30800,64,-1.72,0.0,0.043109338730573654,616,30699,-2.4525983333587646,474,0.0003,0.5083286762237549,0.005170823540538549,,
1.0,50.0,31000,64,-1.72,0.0,0.03449679911136627,620,30899,-2.5810587406158447,477,0.0003,-1.7157135009765625,0.005096362438052893,,
1.0,50.0,31200,64,-1.74,0.0,0.05196816474199295,624,31099,-2.4286115169525146,480,0.0003,-0.9686270952224731,0.004931145813316107,,
1.0,50.0,31400,64,-1.73,0.0,0.05390145629644394,628,31299,-2.4952218532562256,483,0.0003,-0.9475665092468262,0.004852022510021925,,
1.0,50.0,31600,64,-1.71,0.0,0.03687683492898941,632,31499,-2.3897526264190674,486,0.0003,1.8719534873962402,0.004867571871727705,,
1.0,50.0,31800,64,-1.77,0.0,0.05617685616016388,636,31699,-2.3506431579589844,489,0.0003,0.01628374308347702,0.004890851676464081,,
1.0,50.0,32000,64,-1.79,0.0,0.041049081832170486,640,31899,-2.3874902725219727,492,0.0003,0.9559887647628784,0.004848521202802658,,
1.0,50.0,32200,64,-1.74,0.0,0.04151613637804985,644,32099,-2.1659834384918213,495,0.0003,-0.9297205209732056,0.0048734224401414394,,
1.0,50.0,32400,64,-1.72,0.0,0.03965235501527786,648,32299,-2.4250988960266113,501,0.0003,-0.5116809010505676,0.004813747480511665,,
1.0,50.0,32600,64,-1.73,0.0,0.04266258329153061,652,32499,-2.2010128498077393,505,0.0003,0.9747655391693115,0.004708732943981886,,
1.0,50.0,32800,64,-1.75,0.0,0.03285166621208191,656,32699,-2.2548389434814453,510,0.0003,-0.36827749013900757,0.004505116026848555,,
1.0,50.0,33000,64,-1.78,0.0,0.03758201748132706,660,32899,-2.263242721557617,513,0.0003,-1.2247142791748047,0.0045998720452189445,,
1.0,50.0,33200,64,-1.75,0.0,0.03792718052864075,664,33099,-2.4527792930603027,517,0.0003,-1.327946662902832,0.004581506364047527,,
1.0,50.0,33400,64,-1.73,0.0,0.03247566521167755,668,33299,-2.1170220375061035,521,0.0003,0.16907191276550293,0.004460381809622049,,
1.0,50.0,33600,64,-1.75,0.0,0.03922445699572563,672,33499,-2.477919340133667,524,0.0003,-2.037606716156006,0.0043539730831980705,,
1.0,50.0,33800,63,-1.77,0.0,0.03153538703918457,676,33699,-2.2546546459198,528,0.0003,-1.270343542098999,0.004340031184256077,,
1.0,50.0,34000,63,-1.76,0.0,0.04452388733625412,680,33899,-2.367915630340576,531,0.0003,-0.6270827651023865,0.004332924261689186,,
1.0,50.0,34200,63,-1.7,0.0,0.03835633397102356,684,34099,-2.4798576831817627,535,0.0003,0.33732759952545166,0.004342997912317514,,
1.0,50.0,34400,63,-1.72,0.0,0.04160935804247856,688,34299,-2.469313144683838,538,0.0003,0.33810287714004517,0.0042990148067474365,,
1.0,50.0,34600,63,-1.74,0.0,0.038737453520298004,692,34499,-2.3056275844573975,542,0.0003,-1.340657353401184,0.004218884743750095,,
1.0,50.0,34800,63,-1.72,0.0,0.03530658408999443,696,34699,-2.2297849655151367,545,0.0003,-0.5646959543228149,0.004151318687945604,,
1.0,50.0,35000,63,-1.68,0.0,0.03052634745836258,700,34899,-2.224283456802368,550,0.0003,1.4373549222946167,0.004155983217060566,1.0,0.02117412428104403
1.0,50.0,35200,63,-1.69,0.0,0.0449662059545517,704,35099,-2.1626486778259277,553,0.0003,2.937056064605713,0.004094858653843403,,
1.0,50.0,35400,63,-1.66,0.0,0.05093111842870712,708,35299,-2.3859033584594727,557,0.0003,-2.309026002883911,0.004057973623275757,,
1.0,50.0,35600,63,-1.62,0.0,0.037841975688934326,712,35499,-2.3056983947753906,560,0.0003,-1.0142379999160767,0.0040168254636228085,,
1.0,50.0,35800,63,-1.59,0.0,0.03544461354613304,716,35699,-2.30177640914917,564,0.0003,-0.128719300031662,0.004081065766513348,,
1.0,50.0,36000,63,-1.6,0.0,0.03545365855097771,720,35899,-2.264164447784424,567,0.0003,-3.6343741416931152,0.003968099132180214,,
1.0,50.0,36200,63,-1.61,0.0,0.033333174884319305,724,36099,-2.2202835083007812,570,0.0003,0.16273128986358643,0.00394593458622694,,
1.0,50.0,36400,63,-1.62,0.0,0.0369197279214859,728,36299,-2.4330432415008545,574,0.0003,0.2555595338344574,0.003824169747531414,,
1.0,50.0,36600,63,-1.6,0.0,0.030329231172800064,732,36499,-2.251065492630005,577,0.0003,-1.0769686698913574,0.003901750547811389,,
1.0,50.0,36800,63,-1.55,0.0,0.03005051426589489,736,36699,-2.2761754989624023,580,0.0003,2.4498870372772217,0.0038532994221895933,,
1.0,50.0,37000,63,-1.57,0.0,0.028039246797561646,740,36899,-2.1655008792877197,584,0.0003,-0.47615450620651245,0.0038268021307885647,,
1.0,50.0,37200,63,-1.58,0.0,0.027886895462870598,744,37099,-2.24045991897583,587,0.0003,-1.1868196725845337,0.003747624112293124,,
1.0,50.0,37400,63,-1.63,0.0,0.033930256962776184,748,37299,-2.111156940460205,591,0.0003,0.909457802772522,0.0037653609178960323,,
1.0,50.0,37600,63,-1.66,0.0,0.04492346942424774,752,37499,-2.170947551727295,594,0.0003,1.7384828329086304,0.0037366412580013275,,
1.0,50.0,37800,63,-1.63,0.0,0.04159345477819443,756,37699,-2.3261196613311768,597,0.0003,-0.2628430724143982,0.003682030364871025,,
1.0,50.0,38000,63,-1.61,0.0,0.03737588971853256,760,37899,-2.382113218307495,601,0.0003,-0.7765214443206787,0.0036054111551493406,,
1.0,50.0,38200,63,-1.64,0.0,0.04040127247571945,764,38099,-2.1999521255493164,604,0.0003,2.4439735412597656,0.003612800966948271,,
1.0,50.0,38400,63,-1.64,0.0,0.032200731337070465,768,38299,-2.3069722652435303,608,0.0003,-0.594098687171936,0.003593879984691739,,
1.0,50.0,38600,63,-1.67,0.0,0.03597528114914894,772,38499,-2.0467309951782227,612,0.0003,-1.0658533573150635,0.003593909088522196,,
1.0,50.0,38800,63,-1.69,0.0,0.03093697875738144,776,38699,-2.388570785522461,615,0.0003,-1.01914381980896,0.0035147902090102434,,
1.0,50.0,39000,62,-1.69,0.0,0.029597066342830658,780,38899,-2.39027738571167,619,0.0003,-3.160278797149658,0.0033814820926636457,,
1.0,50.0,39200,62,-1.7,0.0,0.044882651418447495,784,39099,-2.283018112182617,623,0.0003,0.5054674744606018,0.0033597778528928757,,
1.0,50.0,39400,62,-1.68,0.0,0.024406712502241135,788,39299,-2.2460312843322754,627,0.0003,1.5329326391220093,0.0033950728829950094,,
1.0,50.0,39600,62,-1.71,0.0,0.04339668154716492,792,39499,-2.093668222427368,631,0.0003,-1.252490520477295,0.003443694906309247,,
1.0,50.0,39800,62,-1.73,0.0,0.04561706632375717,796,39699,-2.2594759464263916,635,0.0003,-0.9294534921646118,0.0033501521684229374,,
1.0,50.0,40000,62,-1.76,0.0,0.03265621140599251,800,39899,-2.2102224826812744,641,0.0003,-0.8041260838508606,0.0032298790756613016,1.0,0.012378659459097753
1.0,50.0,40200,62,-1.76,0.0,0.02709123119711876,804,40099,-2.10215425491333,645,0.0003,-1.003786325454712,0.0031532212160527706,,
1.0,50.0,40400,62,-1.76,0.0,0.0285276360809803,808,40299,-2.085833787918091,649,0.0003,-1.0303235054016113,0.003164958907291293,,
1.0,50.0,40600,62,-1.79,0.0,0.031410567462444305,812,40499,-1.9662797451019287,653,0.0003,-1.4105010032653809,0.0030874586664140224,,
1.0,50.0,40800,62,-1.78,0.0,0.029050979763269424,816,40699,-1.967653751373291,657,0.0003,2.7871286869049072,0.003054853295907378,,
1.0,50.0,41000,61,-1.75,0.0,0.024735726416110992,820,40899,-2.257948398590088,661,0.0003,0.20758765935897827,0.0030988215003162622,,
1.0,50.0,41200,61,-1.73,0.0,0.03523397818207741,824,41099,-2.094576358795166,665,0.0003,0.3704294264316559,0.003067523241043091,,
1.0,50.0,41400,61,-1.7,0.0,0.031550172716379166,828,41299,-2.0295848846435547,669,0.0003,-1.2808947563171387,0.0030502318404614925,,
1.0,50.0,41600,61,-1.7,0.0,0.027114970609545708,832,41499,-2.141265869140625,672,0.0003,-2.5628814697265625,0.0030130327213555574,,
1.0,50.0,41800,61,-1.71,0.0,0.03134506940841675,836,41699,-2.0600669384002686,676,0.0003,-1.058631420135498,0.002932474482804537,,
1.0,50.0,42000,61,-1.7,0.0,0.029423261061310768,840,41899,-1.9292106628417969,679,0.0003,0.32623594999313354,0.0029358756728470325,,
1.0,50.0,42200,61,-1.72,0.0,0.025851108133792877,844,42099,-2.1143274307250977,682,0.0003,-1.6567028760910034,0.0029400994535535574,,
1.0,50.0,42400,61,-1.69,0.0,0.02802269533276558,848,42299,-1.9340771436691284,686,0.0003,0.23467236757278442,0.0029414610471576452,,
1.0,50.0,42600,61,-1.65,0.0,0.03128374367952347,852,42499,-1.9152640104293823,689,0.0003,1.7308027744293213,0.002907580230385065,,
1.0,50.0,42800,61,-1.65,0.0,0.031030096113681793,856,42699,-1.9308052062988281,692,0.0003,1.3747915029525757,0.002887496491894126,,
1.0,50.0,43000,61,-1.63,0.0,0.02911316603422165,860,42899,-2.1642465591430664,695,0.0003,0.6816531419754028,0.002925244392827153,,
1.0,50.0,43200,61,-1.62,0.0,0.0230567529797554,864,43099,-2.0592079162597656,699,0.0003,-2.2898144721984863,0.00291019631549716,,
1.0,50.0,43400,61,-1.59,0.0,0.02765340730547905,868,43299,-1.873862624168396,702,0.0003,-0.4965052008628845,0.002825681585818529,,
1.0,50.0,43600,61,-1.58,0.0,0.036437276750802994,872,43499,-1.9485410451889038,705,0.0003,1.5218257904052734,0.002782863099128008,,
1.0,50.0,43800,61,-1.58,0.0,0.02304386906325817,876,43699,-1.77699875831604,709,0.0003,0.9425259828567505,0.0027643684297800064,,
1.0,50.0,44000,61,-1.57,0.0,0.03257165476679802,880,43899,-2.004605531692505,712,0.0003,-0.3446345925331116,0.002692237263545394,,
1.0,50.0,44200,61,-1.6,0.0,0.027089323848485947,884,44099,-1.9155222177505493,715,0.0003,-1.671769380569458,0.0026502730324864388,,
1.0,50.0,44400,61,-1.62,0.0,0.034129828214645386,888,44299,-2.099897861480713,718,0.0003,-0.21492572128772736,0.0025663699489086866,,
1.0,50.0,44600,61,-1.59,0.0,0.033464979380369186,892,44499,-1.8840585947036743,722,0.0003,0.9112741947174072,0.002551934914663434,,
1.0,50.0,44800,61,-1.56,0.0,0.025370992720127106,896,44699,-1.6660404205322266,725,0.0003,0.5831006765365601,0.0025346088223159313,,
1.0,50.0,45000,61,-1.57,0.0,0.032823577523231506,900,44899,-1.9120392799377441,730,0.0003,0.21268658339977264,0.0025101364590227604,1.0,0.012837061304699315
1.0,50.0,45200,61,-1.59,0.0,0.02305540069937706,904,45099,-1.8841525316238403,733,0.0003,-1.4646848440170288,0.002493170090019703,,
1.0,50.0,45400,61,-1.61,0.0,0.033984024077653885,908,45299,-1.4723620414733887,736,0.0003,1.4614100456237793,0.002436554292216897,,
1.0,50.0,45600,61,-1.61,0.0,0.030032506212592125,912,45499,-1.8130466938018799,739,0.0003,0.044739872217178345,0.002371578710153699,,
1.0,50.0,45800,61,-1.63,0.0,0.020432906225323677,916,45699,-1.6372398138046265,743,0.0003,4.165599822998047,0.002408448839560151,,
1.0,50.0,46000,61,-1.63,0.0,0.03627236932516098,920,45899,-1.8453823328018188,746,0.0003,-1.3511576652526855,0.0023828709963709116,,
1.0,50.0,46200,61,-1.64,0.0,0.02294832281768322,924,46099,-1.6365916728973389,749,0.0003,0.16448432207107544,0.002261556452140212,,
1.0,50.0,46400,61,-1.65,0.0,0.017824796959757805,928,46299,-1.73964524269104,752,0.0003,-2.6577296257019043,0.0022485177032649517,,
1.0,50.0,46600,61,-1.61,0.0,0.02983870916068554,932,46499,-1.671536922454834,756,0.0003,0.04795464873313904,0.0022322963923215866,,
1.0,50.0,46800,61,-1.63,0.0,0.023811623454093933,936,46699,-1.5640727281570435,759,0.0003,2.797941207885742,0.002210085280239582,,
1.0,50.0,47000,61,-1.65,0.0,0.02534274011850357,940,46899,-1.5536898374557495,762,0.0003,1.7734153270721436,0.002230836544185877,,
1.0,50.0,47200,61,-1.65,0.0,0.021704014390707016,944,47099,-1.5622074604034424,766,0.0003,0.29592493176460266,0.002242526737973094,,
1.0,50.0,47400,61,-1.67,0.0,0.027264513075351715,948,47299,-1.6032679080963135,769,0.0003,-0.8217281699180603,0.0022113535087555647,,
1.0,50.0,47600,61,-1.69,0.0,0.031137939542531967,952,47499,-1.56826913356781,772,0.0003,0.05450430512428284,0.0021988283842802048,,
1.0,50.0,47800,61,-1.7,0.0,0.023204578086733818,956,47699,-1.327667474746704,775,0.0003,2.48929500579834,0.002222999930381775,,
1.0,50.0,48000,61,-1.69,0.0,0.021953705698251724,960,47899,-1.621530294418335,779,0.0003,-1.5552585124969482,0.002167036756873131,,
1.0,50.0,48200,61,-1.69,0.0,0.02739633619785309,964,48099,-1.4876500368118286,782,0.0003,-1.619509220123291,0.00216224929317832,,
1.0,50.0,48400,61,-1.68,0.0,0.01823006384074688,968,48299,-1.4996172189712524,785,0.0003,-3.184666156768799,0.002089056186378002,,
1.0,50.0,48600,61,-1.66,0.0,0.02498619258403778,972,48499,-1.5079536437988281,789,0.0003,-0.13056135177612305,0.002032465999945998,,
1.0,50.0,48800,61,-1.62,0.0,0.025256892666220665,976,48699,-1.4643399715423584,792,0.0003,0.8780162334442139,0.0019615828059613705,,
1.0,50.0,49000,61,-1.63,0.0,0.021088266745209694,980,48899,-1.6015020608901978,795,0.0003,-1.9858295917510986,0.001990360440686345,,
1.0,50.0,49200,61,-1.59,0.0,0.024050943553447723,984,49099,-1.5634220838546753,798,0.0003,2.5389914512634277,0.002052961615845561,,
1.0,50.0,49400,61,-1.62,0.0,0.023211192339658737,988,49299,-1.6370152235031128,802,0.0003,-3.3033387660980225,0.00206167995929718,,
1.0,50.0,49600,61,-1.63,0.0,0.0309038907289505,992,49499,-1.488223671913147,805,0.0003,-2.5546107292175293,0.002041549887508154,,
1.0,50.0,49800,61,-1.62,0.0,0.021423112601041794,996,49699,-1.3337364196777344,808,0.0003,-0.557698667049408,0.002014339901506901,,
1.0,50.0,50000,61,-1.61,0.0,0.027873989194631577,1000,49899,-1.4480211734771729,813,0.0003,-2.1354105472564697,0.001985449343919754,1.0,0.02275108915865047
1.0,50.0,50200,61,-1.58,0.0,0.019641127437353134,1004,50099,-1.2533297538757324,816,0.0003,0.3979717493057251,0.0019440879113972187,,
1.0,50.0,50400,61,-1.57,0.0,0.027915656566619873,1008,50299,-1.3712313175201416,820,0.0003,0.3454410135746002,0.0019498374313116074,,
1.0,50.0,50600,61,-1.57,0.0,0.02233934961259365,1012,50499,-1.4494602680206299,823,0.0003,-2.40615177154541,0.001963128801435232,,
1.0,50.0,50800,61,-1.58,0.0,0.01548829022794962,1016,50699,-1.3420573472976685,826,0.0003,-1.0640546083450317,0.001906306715682149,,
1.0,50.0,51000,61,-1.58,0.0,0.021839262917637825,1020,50899,-1.2422223091125488,829,0.0003,-1.053834319114685,0.0018824704457074404,,
1.0,50.0,51200,61,-1.58,0.0,0.01627296395599842,1024,51099,-1.1301665306091309,833,0.0003,0.660828173160553,0.001893136533908546,,
1.0,50.0,51400,61,-1.59,0.0,0.017183149233460426,1028,51299,-1.2979788780212402,836,0.0003,-0.7999844551086426,0.0018391261110082269,,
1.0,50.0,51600,61,-1.66,0.0,0.027702169492840767,1032,51499,-1.199603796005249,839,0.0003,-2.8192930221557617,0.001759166712872684,,
1.0,50.0,51800,61,-1.65,0.0,0.026013493537902832,1036,51699,-1.1726154088974,843,0.0003,3.3259429931640625,0.0017987368628382683,,
1.0,50.0,52000,61,-1.64,0.0,0.024328812956809998,1040,51899,-1.0568841695785522,846,0.0003,2.7425506114959717,0.0017682983307167888,,
1.0,50.0,52200,61,-1.66,0.0,0.019991321489214897,1044,52099,-1.5015909671783447,849,0.0003,-1.0456311702728271,0.001732578850351274,,
1.0,50.0,52400,61,-1.64,0.0,0.029039965942502022,1048,52299,-0.9500502943992615,853,0.0003,3.5006346702575684,0.001787088462151587,,
1.0,50.0,52600,61,-1.64,0.0,0.025664526969194412,1052,52499,-1.2202497720718384,856,0.0003,-0.17093239724636078,0.0017624201718717813,,
1.0,50.0,52800,61,-1.64,0.0,0.02102982997894287,1056,52699,-1.180541753768921,859,0.0003,-1.011260747909546,0.0017239645821973681,,
1.0,50.0,53000,61,-1.67,0.0,0.01800631359219551,1060,52899,-1.169541597366333,863,0.0003,0.8149206638336182,0.001782786101102829,,
1.0,50.0,53200,61,-1.71,0.0,0.02100261300802231,1064,53099,-1.1774952411651611,866,0.0003,-3.86057710647583,0.0017752734711393714,,
1.0,50.0,53400,61,-1.74,0.0,0.01680261269211769,1068,53299,-1.1261200904846191,869,0.0003,-3.6033010482788086,0.0017652519745752215,,
1.0,50.0,53600,61,-1.76,0.0,0.025204960256814957,1072,53499,-1.1319162845611572,872,0.0003,-2.322953701019287,0.0017150421626865864,,
1.0,50.0,53800,61,-1.78,0.0,0.0239555723965168,1076,53699,-1.1361899375915527,876,0.0003,0.717460572719574,0.0017342808423563838,,
1.0,50.0,54000,61,-1.79,0.0,0.024887938052415848,1080,53899,-0.9385694861412048,879,0.0003,1.3533074855804443,0.0016838322626426816,,
1.0,50.0,54200,61,-1.8,0.0,0.0221336018294096,1084,54099,-1.027978777885437,882,0.0003,0.845316469669342,0.001618065987713635,,
1.0,50.0,54400,61,-1.8,0.0,0.01966109685599804,1088,54299,-1.0290395021438599,886,0.0003,0.5406513214111328,0.0015677157789468765,,
1.0,50.0,54600,61,-1.79,0.0,0.020106878131628036,1092,54499,-1.0700815916061401,889,0.0003,-4.166294574737549,0.0015952454414218664,,
1.0,50.0,54800,61,-1.81,0.0,0.02200946770608425,1096,54699,-0.948817789554596,892,0.0003,3.224353551864624,0.0015585204819217324,,
1.0,50.0,55000,61,-1.83,0.0,0.02016819268465042,1100,54899,-1.068143367767334,897,0.0003,-1.419468879699707,0.0015775935025885701,1.0,0.017529631934169204
1.0,50.0,55200,61,-1.82,0.0,0.028242802247405052,1104,55099,-1.0515739917755127,900,0.0003,0.8528264760971069,0.0015671163564547896,,
1.0,50.0,55400,61,-1.85,0.0,0.017785806208848953,1108,55299,-0.9403098821640015,904,0.0003,0.43702399730682373,0.001625553471967578,,
1.0,50.0,55600,61,-1.86,0.0,0.020742006599903107,1112,55499,-0.923471987247467,907,0.0003,-1.373206615447998,0.00167158676777035,,
1.0,50.0,55800,61,-1.83,0.0,0.02153509110212326,1116,55699,-0.8530392050743103,910,0.0003,0.2885674238204956,0.0015598147874698043,,
1.0,50.0,56000,61,-1.86,0.0,0.026251425966620445,1120,55899,-0.8187904357910156,913,0.0003,2.4263803958892822,0.001543762511573732,,
1.0,50.0,56200,61,-1.88,0.0,0.02362813614308834,1124,56099,-0.9270462393760681,917,0.0003,-0.22082412242889404,0.0015299486694857478,,
1.0,50.0,56400,61,-1.9,0.0,0.01888713240623474,1128,56299,-0.9498358964920044,920,0.0003,0.6968773603439331,0.0014915828360244632,,
1.0,50.0,56600,61,-1.89,0.0,0.018688786774873734,1132,56499,-0.9415297508239746,923,0.0003,-0.6968734264373779,0.001489893184043467,,
1.0,50.0,56800,61,-1.88,0.0,0.014628102071583271,1136,56699,-0.941598117351532,927,0.0003,-0.3555918335914612,0.0014857025817036629,,
1.0,50.0,57000,61,-1.86,0.0,0.02049502730369568,1140,56899,-1.048041582107544,930,0.0003,-1.140816330909729,0.0014270744286477566,,
1.0,50.0,57200,61,-1.85,0.0,0.024327710270881653,1144,57099,-0.7283258438110352,933,0.0003,2.2807674407958984,0.0013858112506568432,,
1.0,50.0,57400,61,-1.84,0.0,0.024997152388095856,1148,57299,-0.8472402095794678,936,0.0003,6.746301174163818,0.0013653401983901858,,
1.0,50.0,57600,61,-1.83,0.0,0.01359093189239502,1152,57499,-0.8515006303787231,940,0.0003,1.3305609226226807,0.0014515520306304097,,
1.0,50.0,57800,61,-1.81,0.0,0.017801353707909584,1156,57699,-0.9319002628326416,943,0.0003,2.0979044437408447,0.0014706940855830908,,
1.0,50.0,58000,61,-1.78,0.0,0.02709610015153885,1160,57899,-0.6572392582893372,946,0.0003,1.6769587993621826,0.0014613554812967777,,
1.0,50.0,58200,61,-1.77,0.0,0.022056974470615387,1164,58099,-0.9582158327102661,950,0.0003,0.08077853918075562,0.0014265620848163962,,
1.0,50.0,58400,61,-1.78,0.0,0.012544283643364906,1168,58299,-0.9406520128250122,953,0.0003,-2.2248587608337402,0.001413052319549024,,
1.0,50.0,58600,61,-1.76,0.0,0.013735593296587467,1172,58499,-0.8101716041564941,956,0.0003,0.23842036724090576,0.0014191565569490194,,
1.0,50.0,58800,61,-1.76,0.0,0.014924971386790276,1176,58699,-0.7988011240959167,959,0.0003,4.294129371643066,0.0014227672945708036,,
1.0,50.0,59000,61,-1.74,0.0,0.02394811436533928,1180,58899,-0.8719518184661865,963,0.0003,0.7373644113540649,0.001474994351156056,,
1.0,50.0,59200,61,-1.75,0.0,0.015452236868441105,1184,59099,-0.9320449233055115,966,0.0003,-0.7447528839111328,0.0014284680364653468,,
1.0,50.0,59400,61,-1.74,0.0,0.01744726486504078,1188,59299,-0.6957783699035645,969,0.0003,3.1792895793914795,0.0014469792367890477,,
1.0,50.0,59600,61,-1.75,0.0,0.013845543377101421,1192,59499,-0.8317970037460327,973,0.0003,-0.7249218821525574,0.0014289204264059663,,
1.0,50.0,59800,61,-1.73,0.0,0.014438213780522346,1196,59699,-0.8268709778785706,976,0.0003,-1.2794978618621826,0.0014289013342931867,,
1.0,50.0,60000,61,-1.68,0.0,0.015722667798399925,1200,59899,-0.8292071223258972,981,0.0003,-2.051830768585205,0.0013985837576910853,1.0,0.014468670665421063
1.0,50.0,60200,61,-1.71,0.0,0.01834791898727417,1204,60099,-0.7674353718757629,984,0.0003,1.6098874807357788,0.0013503675581887364,,
1.0,50.0,60400,61,-1.66,0.0,0.018437501043081284,1208,60299,-0.6465941667556763,987,0.0003,3.9637064933776855,0.0013524257810786366,,
1.0,50.0,60600,61,-1.63,0.0,0.025210408493876457,1212,60499,-0.7354828715324402,991,0.0003,0.04375892132520676,0.0013605381827801466,,
1.0,50.0,60800,61,-1.61,0.0,0.016596540808677673,1216,60699,-0.8145533204078674,994,0.0003,-0.5314550399780273,0.0014158702688291669,,
1.0,50.0,61000,61,-1.62,0.0,0.02111954614520073,1220,60899,-0.6262428760528564,997,0.0003,-1.8752787113189697,0.00133897818159312,,
1.0,50.0,61200,61,-1.6,0.0,0.02103693038225174,1224,61099,-0.6941605806350708,1000,0.0003,1.137075424194336,0.0013492739526554942,,
1.0,50.0,61400,61,-1.57,0.0,0.02134658396244049,1228,61299,-0.8301260471343994,1004,0.0003,-3.2386128902435303,0.0013576283818110824,,
1.0,50.0,61600,61,-1.57,0.0,0.01822161301970482,1232,61499,-0.7372016906738281,1007,0.0003,-0.3923388123512268,0.0013794188853353262,,
1.0,50.0,61800,61,-1.59,0.0,0.01096281222999096,1236,61699,-0.7847006320953369,1010,0.0003,-4.285049915313721,0.0013421186013147235,,
1.0,50.0,62000,61,-1.57,0.0,0.019108979031443596,1240,61899,-0.6428235173225403,1013,0.0003,3.5662150382995605,0.0013412197586148977,,
1.0,50.0,62200,61,-1.57,0.0,0.0116236237809062,1244,62099,-0.7442784309387207,1017,0.0003,-2.029365301132202,0.0013625235296785831,,
1.0,50.0,62400,61,-1.57,0.0,0.021145962178707123,1248,62299,-0.7058346271514893,1020,0.0003,1.740243911743164,0.0013524676905944943,,
1.0,50.0,62600,61,-1.6,0.0,0.01758122816681862,1252,62499,-0.6681003570556641,1023,0.0003,1.2359850406646729,0.0013116500340402126,,
1.0,50.0,62800,61,-1.59,0.0,0.014756791293621063,1256,62699,-0.7015800476074219,1027,0.0003,-0.762590229511261,0.001284011173993349,,
1.0,50.0,63000,61,-1.59,0.0,0.0251160841435194,1260,62899,-0.7080246210098267,1030,0.0003,-3.9152910709381104,0.0013040330959483981,,
1.0,50.0,63200,61,-1.58,0.0,0.016534917056560516,1264,63099,-0.6397644281387329,1033,0.0003,-0.5633381605148315,0.0012998029123991728,,
1.0,50.0,63400,61,-1.56,0.0,0.012251623906195164,1268,63299,-0.6071447134017944,1037,0.0003,-1.1838431358337402,0.0013200854882597923,,
1.0,50.0,63600,61,-1.59,0.0,0.013655249960720539,1272,63499,-0.681864857673645,1040,0.0003,-1.4220478534698486,0.0013080305652692914,,
1.0,50.0,63800,61,-1.6,0.0,0.01705659180879593,1276,63699,-0.7030540704727173,1043,0.0003,0.27825766801834106,0.001292976550757885,,
1.0,50.0,64000,61,-1.63,0.0,0.01464463397860527,1280,63899,-0.5596444606781006,1047,0.0003,-0.3672862648963928,0.0012796507216989994,,
1.0,50.0,64200,61,-1.63,0.0,0.020310189574956894,1284,64099,-0.6655094623565674,1050,0.0003,0.5054701566696167,0.0012658440973609686,,
1.0,50.0,64400,61,-1.63,0.0,0.017178896814584732,1288,64299,-0.691571831703186,1053,0.0003,-2.4598593711853027,0.0012752290349453688,,
1.0,50.0,64600,61,-1.6,0.0,0.020303837954998016,1292,64499,-0.6218338012695312,1056,0.0003,-0.19488757848739624,0.001249343273229897,,
1.0,50.0,64800,61,-1.62,0.0,0.015881799161434174,1296,64699,-0.6864321231842041,1060,0.0003,-3.244506359100342,0.0012651006691157818,,
1.0,50.0,65000,61,-1.68,0.0,0.012651434168219566,1300,64899,-0.6723374128341675,1064,0.0003,-0.955403745174408,0.0012416617246344686,1.0,0.015371809864017141
1.0,50.0,65200,61,-1.68,0.0,0.01596711203455925,1304,65099,-0.516716718673706,1068,0.0003,-0.5000702142715454,0.00124532135669142,,
1.0,50.0,65400,61,-1.72,0.0,0.015483812429010868,1308,65299,-0.5968335866928101,1071,0.0003,1.3595497608184814,0.0012319291708990932,,
1.0,50.0,65600,61,-1.74,0.0,0.015296686440706253,1312,65499,-0.5823163986206055,1074,0.0003,2.8640828132629395,0.0012310283491387963,,
1.0,50.0,65800,61,-1.75,0.0,0.016723012551665306,1316,65699,-0.515168309211731,1078,0.0003,-0.46165409684181213,0.0011981696588918567,,
1.0,50.0,66000,61,-1.72,0.0,0.012999273836612701,1320,65899,-0.6123132705688477,1081,0.0003,-0.2922790050506592,0.0012326613068580627,,
1.0,50.0,66200,61,-1.71,0.0,0.014612535014748573,1324,66099,-0.7336252927780151,1084,0.0003,-5.204541206359863,0.0012054722756147385,,
1.0,50.0,66400,61,-1.69,0.0,0.017079677432775497,1328,66299,-0.6004502177238464,1088,0.0003,-2.2056634426116943,0.001148607349023223,,
1.0,50.0,66600,61,-1.67,0.0,0.01705990545451641,1332,66499,-0.5737549066543579,1091,0.0003,5.191883563995361,0.0012016036780551076,,
1.0,50.0,66800,61,-1.64,0.0,0.021490132436156273,1336,66699,-0.6026322841644287,1094,0.0003,-0.20005342364311218,0.0012282719835639,,
1.0,50.0,67000,61,-1.64,0.0,0.01644100248813629,1340,66899,-0.5544079542160034,1098,0.0003,1.4316908121109009,0.0012419719714671373,,
1.0,50.0,67200,61,-1.62,0.0,0.015466531738638878,1344,67099,-0.6116167902946472,1101,0.0003,-1.1570932865142822,0.0012458006385713816,,
1.0,50.0,67400,61,-1.62,0.0,0.01648998260498047,1348,67299,-0.494886577129364,1104,0.0003,-0.18081974983215332,0.0012166034430265427,,
1.0,50.0,67600,61,-1.62,0.0,0.011430125683546066,1352,67499,-0.4748377799987793,1108,0.0003,-0.13095317780971527,0.0011860341764986515,,
1.0,50.0,67800,60,-1.65,0.0,0.012942593544721603,1356,67699,-0.5505287647247314,1111,0.0003,-3.2978813648223877,0.0011477882508188486,,
1.0,50.0,68000,60,-1.67,0.0,0.0124900471419096,1360,67899,-0.5849760174751282,1114,0.0003,-1.7299813032150269,0.0011142323492094874,,
1.0,50.0,68200,60,-1.67,0.0,0.018901757895946503,1364,68099,-0.6641890406608582,1118,0.0003,-4.132806777954102,0.0011155501706525683,,
1.0,50.0,68400,60,-1.7,0.0,0.019453424960374832,1368,68299,-0.4673433303833008,1121,0.0003,0.8871712684631348,0.0011219608131796122,,
1.0,50.0,68600,60,-1.69,0.0,0.020822543650865555,1372,68499,-0.4197329878807068,1124,0.0003,2.1300575733184814,0.0011383913224563003,,
1.0,50.0,68800,60,-1.67,0.0,0.021864023059606552,1376,68699,-0.5358796119689941,1128,0.0003,0.4875451326370239,0.001106141833588481,,
1.0,50.0,69000,60,-1.69,0.0,0.01551179401576519,1380,68899,-0.47294488549232483,1131,0.0003,0.38720718026161194,0.0011349853593856096,,
1.0,50.0,69200,60,-1.71,0.0,0.019235938787460327,1384,69099,-0.3895661532878876,1134,0.0003,3.3653979301452637,0.0011554249795153737,,
1.0,50.0,69400,60,-1.7,0.0,0.017173921689391136,1388,69299,-0.509387195110321,1138,0.0003,-1.3519294261932373,0.0011036734795197845,,
1.0,50.0,69600,60,-1.7,0.0,0.022414028644561768,1392,69499,-0.4446418881416321,1141,0.0003,2.2426095008850098,0.0010367153445258737,,
1.0,50.0,69800,60,-1.72,0.0,0.017601344734430313,1396,69699,-0.46111932396888733,1144,0.0003,4.020269393920898,0.001035809051245451,,
1.0,50.0,70000,60,-1.71,0.0,0.015795737504959106,1400,69899,-0.4923732578754425,1149,0.0003,1.6901880502700806,0.0010433726711198688,1.0,0.03485387878981642
1.0,50.0,70200,60,-1.7,0.0,0.015872947871685028,1404,70099,-0.45210155844688416,1153,0.0003,-1.2430459260940552,0.0010405064094811678,,
1.0,50.0,70400,60,-1.71,0.0,0.02130959741771221,1408,70299,-0.4850946068763733,1156,0.0003,1.697999119758606,0.0010664697038009763,,
1.0,50.0,70600,60,-1.71,0.0,0.013907454907894135,1412,70499,-0.479445219039917,1160,0.0003,-1.539302110671997,0.0010540937073528767,,
1.0,50.0,70800,60,-1.71,0.0,0.014625908806920052,1416,70699,-0.5285982489585876,1166,0.0003,0.8709195852279663,0.00109282904304564,,
1.0,50.0,71000,60,-1.71,0.0,0.015685172751545906,1420,70899,-0.29550421237945557,1170,0.0003,5.545573711395264,0.0011238959850743413,,
1.0,50.0,71200,60,-1.73,0.0,0.015238536521792412,1424,71099,-0.46310147643089294,1175,0.0003,-0.8222904801368713,0.0011454808991402388,,
1.0,50.0,71400,60,-1.75,0.0,0.017436616122722626,1428,71299,-0.4406023919582367,1178,0.0003,-1.0014138221740723,0.001120851724408567,,
1.0,50.0,71600,60,-1.76,0.0,0.01091335341334343,1432,71499,-0.4596199691295624,1182,0.0003,-2.9652953147888184,0.00107804115395993,,
1.0,50.0,71800,60,-1.79,0.0,0.01933981105685234,1436,71699,-0.32236015796661377,1187,0.0003,3.080599069595337,0.0010552136227488518,,
1.0,50.0,72000,60,-1.8,0.0,0.013729886151850224,1440,71899,-0.5835081338882446,1191,0.0003,-1.912904977798462,0.001093100057914853,,
1.0,50.0,72200,60,-1.83,0.0,0.018980782479047775,1444,72099,-0.4658103287220001,1195,0.0003,1.1847538948059082,0.0010880895424634218,,
1.0,50.0,72400,60,-1.86,0.0,0.014371898025274277,1448,72299,-0.5026007890701294,1199,0.0003,-2.454153537750244,0.0010659806430339813,,
1.0,50.0,72600,60,-1.83,0.0,0.0212827380746603,1452,72499,-0.33961063623428345,1203,0.0003,2.6237258911132812,0.0010581547394394875,,
1.0,50.0,72800,60,-1.83,0.0,0.011580102145671844,1456,72699,-0.3691312372684479,1207,0.0003,0.5972752571105957,0.001095762592740357,,
1.0,50.0,73000,60,-1.85,0.0,0.022279847413301468,1460,72899,-0.3030128479003906,1211,0.0003,0.10534954071044922,0.001069180085323751,,
1.0,50.0,73200,60,-1.86,0.0,0.009088648483157158,1464,73099,-0.48176541924476624,1215,0.0003,-1.548492431640625,0.0010225096484646201,,
1.0,50.0,73400,60,-1.85,0.0,0.01650833711028099,1468,73299,-0.3581235110759735,1219,0.0003,4.573583126068115,0.0009902482852339745,,
1.0,50.0,73600,60,-1.86,0.0,0.015711184591054916,1472,73499,-0.3528282940387726,1223,0.0003,1.6527087688446045,0.0010325824841856956,,
1.0,50.0,73800,60,-1.84,0.0,0.015446275472640991,1476,73699,-0.48276397585868835,1227,0.0003,2.692974090576172,0.0010214322246611118,,
1.0,50.0,74000,60,-1.82,0.0,0.016518156975507736,1480,73899,-0.4636421203613281,1231,0.0003,2.6003775596618652,0.0010224033612757921,,
1.0,50.0,74200,60,-1.82,0.0,0.018116390332579613,1484,74099,-0.3039948642253876,1235,0.0003,1.2599393129348755,0.0010541058145463467,,
1.0,50.0,74400,60,-1.84,0.0,0.01630249246954918,1488,74299,-0.3322799801826477,1239,0.0003,2.8180816173553467,0.0010467857355251908,,
1.0,50.0,74600,59,-1.84,0.0,0.02177806757390499,1492,74499,-0.4800596833229065,1243,0.0003,-0.5586287379264832,0.0010242611169815063,,
1.0,50.0,74800,59,-1.83,0.0,0.024380844086408615,1496,74699,-0.41487470269203186,1247,0.0003,2.248249053955078,0.0010768938809633255,,
1.0,50.0,75000,59,-1.81,0.0,0.019418099895119667,1500,74899,-0.2177918553352356,1253,0.0003,8.357612609863281,0.0010696318931877613,0.75,0.051817370454386405
1.0,50.0,75200,59,-1.86,0.0,0.014126231893897057,1504,75099,-0.4009670615196228,1257,0.0003,-0.4062689542770386,0.001113811624236405,,
1.0,50.0,75400,59,-1.84,0.0,0.010747631080448627,1508,75299,-0.47502627968788147,1261,0.0003,-3.56144642829895,0.0011306165251880884,,
1.0,50.0,75600,59,-1.85,0.0,0.00935840979218483,1512,75499,-0.44034549593925476,1265,0.0003,-4.587962627410889,0.001112834783270955,,
1.0,50.0,75800,59,-1.83,0.0,0.01764860935509205,1516,75699,-0.3333945870399475,1269,0.0003,-4.276062965393066,0.0010447956155985594,,
1.0,50.0,76000,59,-1.84,0.0,0.011435477063059807,1520,75899,-0.47095242142677307,1273,0.0003,-2.6887593269348145,0.0010104106040671468,,
1.0,50.0,76200,59,-1.85,0.0,0.01932831108570099,1524,76099,-0.3774355947971344,1277,0.0003,-0.1856226921081543,0.0010123102692887187,,
1.0,50.0,76400,59,-1.84,0.0,0.01396406814455986,1528,76299,-0.4324263036251068,1281,0.0003,-2.7339794635772705,0.0010302674490958452,,
1.0,50.0,76600,59,-1.85,0.0,0.015495890751481056,1532,76499,-0.24589957296848297,1285,0.0003,1.5647859573364258,0.0010113655589520931,,
1.0,50.0,76800,59,-1.84,0.0,0.009619302116334438,1536,76699,-0.46156683564186096,1289,0.0003,-2.380723476409912,0.0009716870845295489,,
1.0,50.0,77000,59,-1.86,0.0,0.015337683260440826,1540,76899,-0.5084186792373657,1294,0.0003,-3.531740427017212,0.0009462952148169279,,
1.0,50.0,77200,59,-1.8,0.0,0.013002022169530392,1544,77099,-0.4116303324699402,1298,0.0003,1.4098507165908813,0.0009894873946905136,,
1.0,50.0,77400,59,-1.77,0.0,0.013143911026418209,1548,77299,-0.3251047134399414,1302,0.0003,-2.0091066360473633,0.001005904283374548,,
1.0,50.0,77600,59,-1.77,0.0,0.012176577001810074,1552,77499,-0.35330525040626526,1306,0.0003,-1.9748233556747437,0.00099658640101552,,
1.0,50.0,77800,59,-1.78,0.0,0.014853280037641525,1556,77699,-0.35333481431007385,1310,0.0003,1.207136869430542,0.0010016382439062,,
1.0,50.0,78000,59,-1.74,0.0,0.011054474860429764,1560,77899,-0.38297176361083984,1314,0.0003,0.42466649413108826,0.0010302335722371936,,
1.0,50.0,78200,59,-1.73,0.0,0.012786053121089935,1564,78099,-0.23737382888793945,1318,0.0003,0.7445935010910034,0.0010307052871212363,,
1.0,50.0,78400,59,-1.72,0.0,0.012195462360978127,1568,78299,-0.35760781168937683,1322,0.0003,-0.8097038269042969,0.0010024954099208117,,
1.0,50.0,78600,59,-1.71,0.0,0.013619932346045971,1572,78499,-0.3329866826534271,1326,0.0003,-4.562838554382324,0.00096728844800964,,
1.0,50.0,78800,59,-1.72,0.0,0.011693762615323067,1576,78699,-0.3729793429374695,1330,0.0003,-1.9049068689346313,0.0009254354517906904,,
1.0,50.0,79000,59,-1.71,0.0,0.018744774162769318,1580,78899,-0.2958478629589081,1334,0.0003,0.8141303062438965,0.0009041840094141662,,
1.0,50.0,79200,59,-1.71,0.0,0.018248023465275764,1584,79099,-0.2516034245491028,1338,0.0003,3.552608013153076,0.0009013420203700662,,
1.0,50.0,79400,59,-1.68,0.0,0.014364168979227543,1588,79299,-0.3088810443878174,1342,0.0003,1.8567368984222412,0.0009507480426691473,,
1.0,50.0,79600,59,-1.72,0.0,0.01574237085878849,1592,79499,-0.3031485676765442,1346,0.0003,5.743833541870117,0.000986411701887846,,
1.0,50.0,79800,59,-1.73,0.0,0.019430723041296005,1596,79699,-0.22989818453788757,1351,0.0003,2.97184157371521,0.0009884933242574334,,
1.0,50.0,80000,58,-1.73,0.0,0.012809213250875473,1600,79899,-0.2945283353328705,1358,0.0003,-2.1485884189605713,0.001015466288663447,1.0,0.01455759818019374
1.0,50.0,80200,58,-1.69,0.0,0.01572592183947563,1604,80099,-0.20636004209518433,1362,0.0003,4.70139217376709,0.001052224077284336,,
1.0,50.0,80400,58,-1.69,0.0,0.011121117509901524,1608,80299,-0.3415641486644745,1367,0.0003,-0.4631437659263611,0.0010760684963315725,,
1.0,50.0,80600,58,-1.66,0.0,0.008695414289832115,1612,80499,-0.3575455844402313,1372,0.0003,-3.240856409072876,0.0010236985981464386,,
1.0,50.0,80800,58,-1.68,0.0,0.017409546300768852,1616,80699,-0.39814457297325134,1376,0.0003,-5.418213367462158,0.0009962280746549368,,
1.0,50.0,81000,58,-1.68,0.0,0.01497790589928627,1620,80899,-0.30408915877342224,1380,0.0003,0.005582571029663086,0.0009901949670165777,,
1.0,50.0,81200,58,-1.62,0.0,0.011169640347361565,1624,81099,-0.3106335699558258,1385,0.0003,-1.9955065250396729,0.000992940622381866,,
1.0,50.0,81400,58,-1.67,0.0,0.009478012099862099,1628,81299,-0.3306958079338074,1389,0.0003,-0.15700972080230713,0.0009864126332104206,,
1.0,50.0,81600,58,-1.68,0.0,0.010487056337296963,1632,81499,-0.1276112198829651,1393,0.0003,2.5429062843322754,0.0009557206649333239,,
1.0,50.0,81800,58,-1.62,0.0,0.016682885587215424,1636,81699,-0.2798096537590027,1397,0.0003,-2.4334473609924316,0.0009269060683436692,,
1.0,50.0,82000,58,-1.66,0.0,0.010510032065212727,1640,81899,-0.3341454565525055,1401,0.0003,-4.274232387542725,0.0008937223465181887,,
1.0,50.0,82200,58,-1.72,0.0,0.018008489161729813,1644,82099,-0.3370571434497833,1406,0.0003,-0.5403032302856445,0.0009101595496758819,,
1.0,50.0,82400,58,-1.71,0.0,0.009405210614204407,1648,82299,-0.3648674488067627,1410,0.0003,-3.0479226112365723,0.0008996514952741563,,
1.0,50.0,82600,58,-1.73,0.0,0.019144359976053238,1652,82499,-0.309787780046463,1414,0.0003,1.110766887664795,0.0009058562573045492,,
1.0,50.0,82800,58,-1.74,0.0,0.018737759441137314,1656,82699,-0.3498636484146118,1419,0.0003,-2.3630154132843018,0.0008917051018215716,,
1.0,50.0,83000,58,-1.75,0.0,0.011115754023194313,1660,82899,-0.29928135871887207,1423,0.0003,-1.4469256401062012,0.0008941469131968915,,
1.0,50.0,83200,58,-1.75,0.0,0.010767815634608269,1664,83099,-0.3473755419254303,1428,0.0003,-0.8883745670318604,0.0008776255999691784,,
1.0,50.0,83400,58,-1.78,0.0,0.00903327763080597,1668,83299,-0.2983196973800659,1432,0.0003,0.3954659104347229,0.0008937747916206717,,
1.0,50.0,83600,58,-1.77,0.0,0.0124851418659091,1672,83499,-0.3001084327697754,1436,0.0003,1.1921665668487549,0.0009007868939079344,,
1.0,50.0,83800,58,-1.8,0.0,0.009063063189387321,1676,83699,-0.29980719089508057,1441,0.0003,-3.1707115173339844,0.0009104633936658502,,
1.0,50.0,84000,58,-1.79,0.0,0.018750466406345367,1680,83899,-0.2511974275112152,1445,0.0003,-0.4678075909614563,0.0008885057177394629,,
1.0,50.0,84200,58,-1.77,0.0,0.01272194180637598,1684,84099,-0.31227636337280273,1449,0.0003,-4.248189926147461,0.0008412174647673965,,
1.0,50.0,84400,58,-1.77,0.0,0.020075548440217972,1688,84299,-0.32421189546585083,1453,0.0003,4.37924337387085,0.0008431631722487509,,
1.0,50.0,84600,58,-1.72,0.0,0.0192036721855402,1692,84499,-0.23310868442058563,1457,0.0003,4.131589889526367,0.0008829261641949415,,
1.0,50.0,84800,58,-1.71,0.0,0.015190948732197285,1696,84699,-0.29062020778656006,1461,0.0003,2.0613789558410645,0.0009106592042371631,,
1.0,50.0,85000,57,-1.72,0.0,0.008416342549026012,1700,84899,-0.18664591014385223,1466,0.0003,1.6347057819366455,0.0009062187164090574,1.0,0.015098941846499533
1.0,50.0,85200,57,-1.73,0.0,0.007695640437304974,1704,85099,-0.26821547746658325,1470,0.0003,-2.5720245838165283,0.0008791305008344352,,
1.0,50.0,85400,57,-1.72,0.0,0.012180941179394722,1708,85299,-0.24772249162197113,1474,0.0003,1.4920624494552612,0.0009239111677743495,,
1.0,50.0,85600,57,-1.75,0.0,0.00829261913895607,1712,85499,-0.2976837158203125,1478,0.0003,-2.9767208099365234,0.0009214302408508956,,
1.0,50.0,85800,57,-1.78,0.0,0.015505421906709671,1716,85699,-0.29823461174964905,1482,0.0003,-2.455169200897217,0.0008833683095872402,,
1.0,50.0,86000,57,-1.76,0.0,0.018002834171056747,1720,85899,-0.26462534070014954,1485,0.0003,1.0696099996566772,0.0008937807870097458,,
1.0,50.0,86200,57,-1.78,0.0,0.017241712659597397,1724,86099,-0.1516200304031372,1489,0.0003,1.052583932876587,0.0008764102822169662,,
1.0,50.0,86400,57,-1.73,0.0,0.014748094603419304,1728,86299,-0.21339836716651917,1493,0.0003,2.5438990592956543,0.0008458160446025431,,
1.0,50.0,86600,57,-1.71,0.0,0.016006385907530785,1732,86499,-0.24035051465034485,1497,0.0003,0.600386917591095,0.0008487423183396459,,
1.0,50.0,86800,57,-1.79,0.0,0.010567388497292995,1736,86699,-0.25653842091560364,1500,0.0003,1.531819224357605,0.0008753227302804589,,
1.0,50.0,87000,57,-1.76,0.0,0.015263644978404045,1740,86899,-0.17371046543121338,1504,0.0003,4.338869571685791,0.0008935182704590261,,
1.0,50.0,87200,57,-1.74,0.0,0.009669405408203602,1744,87099,-0.3073839247226715,1508,0.0003,-0.14171183109283447,0.0009018368436954916,,
1.0,50.0,87400,57,-1.78,0.0,0.012063856236636639,1748,87299,-0.25559288263320923,1512,0.0003,-0.5140883326530457,0.0009321641991846263,,
1.0,50.0,87600,57,-1.77,0.0,0.011860299855470657,1752,87499,-0.18648459017276764,1515,0.0003,4.454328536987305,0.0009080635500140488,,
1.0,50.0,87800,57,-1.74,0.0,0.016657870262861252,1756,87699,-0.2678600549697876,1519,0.0003,1.372857689857483,0.0009268070571124554,,
1.0,50.0,88000,57,-1.78,0.0,0.013515869155526161,1760,87899,-0.277507483959198,1523,0.0003,-1.5065398216247559,0.0009488965151831508,,
1.0,50.0,88200,57,-1.78,0.0,0.014337284490466118,1764,88099,-0.28703415393829346,1527,0.0003,-5.919416427612305,0.0009375602821819484,,
1.0,50.0,88400,57,-1.73,0.0,0.016899969428777695,1768,88299,-0.1542215198278427,1530,0.0003,-0.39534029364585876,0.0009280780795961618,,
1.0,50.0,88600,57,-1.74,0.0,0.009839408099651337,1772,88499,-0.22758755087852478,1534,0.0003,-1.311994194984436,0.0009393072687089443,,
1.0,50.0,88800,57,-1.74,0.0,0.013105634599924088,1776,88699,-0.24648331105709076,1538,0.0003,-0.2322346568107605,0.0009552231058478355,,
1.0,50.0,89000,57,-1.74,0.0,0.012738586403429508,1780,88899,-0.24782055616378784,1542,0.0003,-3.747082471847534,0.0009527017246000469,,
1.0,50.0,89200,57,-1.76,0.0,0.009721606969833374,1784,89099,-0.23606714606285095,1545,0.0003,-0.4637598991394043,0.0009225627291016281,,
1.0,50.0,89400,57,-1.76,0.0,0.012004546821117401,1788,89299,-0.23306326568126678,1549,0.0003,-4.526288032531738,0.0008731929119676352,,
1.0,50.0,89600,57,-1.75,0.0,0.01807975023984909,1792,89499,-0.15027238428592682,1553,0.0003,1.665270209312439,0.0008194709662348032,,
1.0,50.0,89800,57,-1.69,0.0,0.016894016414880753,1796,89699,-0.27158835530281067,1557,0.0003,-4.182682037353516,0.0008129317429848015,,
1.0,50.0,90000,57,-1.67,0.0,0.014999983832240105,1800,89899,-0.17972368001937866,1562,0.0003,0.9603865146636963,0.0008027745643630624,1.0,0.03040509885940883
1.0,50.0,90200,57,-1.65,0.0,0.008145500905811787,1804,90099,-0.23790468275547028,1566,0.0003,-1.9903264045715332,0.0008416508208028972,,
1.0,50.0,90400,57,-1.65,0.0,0.008403567597270012,1808,90299,-0.20101892948150635,1570,0.0003,-4.162083148956299,0.0008426671847701073,,
1.0,50.0,90600,57,-1.62,0.0,0.011349164880812168,1812,90499,-0.25359275937080383,1573,0.0003,-5.742696762084961,0.0007931669824756682,,
1.0,50.0,90800,57,-1.59,0.0,0.01808500476181507,1816,90699,-0.15398526191711426,1577,0.0003,-0.6016819477081299,0.0007859496981836855,,
1.0,50.0,91000,57,-1.62,0.0,0.013856873847544193,1820,90899,-0.08176730573177338,1581,0.0003,5.17093563079834,0.0007973743486218154,,
1.0,50.0,91200,57,-1.62,0.0,0.013837112113833427,1824,91099,-0.1630420684814453,1584,0.0003,4.265894889831543,0.0007930531864985824,,
1.0,50.0,91400,57,-1.62,0.0,0.009416494518518448,1828,91299,-0.1700519621372223,1589,0.0003,-1.8530313968658447,0.0008269199752248824,,
1.0,50.0,91600,57,-1.6,0.0,0.014214299619197845,1832,91499,-0.17947393655776978,1593,0.0003,0.7021211385726929,0.0008685743086971343,,
1.0,50.0,91800,57,-1.59,0.0,0.015202649869024754,1836,91699,-0.2308516949415207,1597,0.0003,0.4194757342338562,0.0008488479652442038,,
1.0,50.0,92000,57,-1.59,0.0,0.011921591125428677,1840,91899,-0.1814003437757492,1601,0.0003,0.11441570520401001,0.0008279185858555138,,
1.0,50.0,92200,57,-1.6,0.0,0.015167239122092724,1844,92099,-0.15284518897533417,1604,0.0003,0.47907501459121704,0.00085844611749053,,
1.0,50.0,92400,57,-1.58,0.0,0.012542976066470146,1848,92299,-0.21840506792068481,1608,0.0003,-1.2033203840255737,0.0008382403757423162,,
1.0,50.0,92600,57,-1.58,0.0,0.009875889867544174,1852,92499,-0.1907399296760559,1612,0.0003,-4.2841925621032715,0.0008294691215269268,,
1.0,50.0,92800,57,-1.56,0.0,0.010843431577086449,1856,92699,-0.14747987687587738,1615,0.0003,0.009563744068145752,0.0008265064680017531,,
1.0,50.0,93000,57,-1.56,0.0,0.011739479377865791,1860,92899,-0.22373828291893005,1619,0.0003,1.516211748123169,0.0008476462680846453,,
1.0,50.0,93200,57,-1.56,0.0,0.013861268758773804,1864,93099,-0.25335490703582764,1622,0.0003,-3.058467388153076,0.0008645640918985009,,
1.0,50.0,93400,57,-1.63,0.0,0.01117512583732605,1868,93299,-0.10054964572191238,1626,0.0003,0.8346258401870728,0.0008330511627718806,,
1.0,50.0,93600,57,-1.62,0.0,0.018062647432088852,1872,93499,-0.215488463640213,1629,0.0003,-4.117575645446777,0.0008027699659578502,,
1.0,50.0,93800,57,-1.59,0.0,0.014351382851600647,1876,93699,-0.13280044496059418,1633,0.0003,3.6616241931915283,0.0007839151076041162,,
1.0,50.0,94000,57,-1.61,0.0,0.01702606864273548,1880,93899,-0.13350553810596466,1636,0.0003,0.9825657606124878,0.0007819401798769832,,
1.0,50.0,94200,57,-1.59,0.0,0.011780205182731152,1884,94099,-0.25591880083084106,1640,0.0003,0.8441105484962463,0.0007603177218697965,,
1.0,50.0,94400,57,-1.58,0.0,0.012239163741469383,1888,94299,-0.2730616629123688,1643,0.0003,-2.004948377609253,0.0007863042992539704,,
1.0,50.0,94600,57,-1.63,0.0,0.016796618700027466,1892,94499,-0.13303476572036743,1647,0.0003,4.643768787384033,0.0007873796275816858,,
1.0,50.0,94800,57,-1.67,0.0,0.013089053332805634,1896,94699,-0.12714362144470215,1650,0.0003,-1.5464438199996948,0.000820889079477638,,
1.0,50.0,95000,57,-1.67,0.0,0.007658618036657572,1900,94899,-0.233114555478096,1655,0.0003,-4.322584629058838,0.0008022430120036006,1.0,0.025101039910073602
1.0,50.0,95200,57,-1.67,0.0,0.013028156012296677,1904,95099,-0.11687812209129333,1658,0.0003,-0.5209287405014038,0.0007768927607685328,,
1.0,50.0,95400,57,-1.69,0.0,0.011830423027276993,1908,95299,-0.11830968409776688,1662,0.0003,0.5760998725891113,0.0007966230041347444,,
1.0,50.0,95600,57,-1.71,0.0,0.01087209116667509,1912,95499,-0.2542148530483246,1665,0.0003,0.9684886336326599,0.0007605204009450972,,
1.0,50.0,95800,57,-1.72,0.0,0.016351109370589256,1916,95699,-0.17624828219413757,1669,0.0003,2.13859486579895,0.0007349186926148832,,
1.0,50.0,96000,57,-1.73,0.0,0.00940129067748785,1920,95899,-0.2307642698287964,1672,0.0003,-2.9055371284484863,0.0007354238186962903,,
1.0,50.0,96200,57,-1.75,0.0,0.013200707733631134,1924,96099,-0.2065574824810028,1676,0.0003,3.712029457092285,0.0007346646743826568,,
1.0,50.0,96400,57,-1.78,0.0,0.017050685361027718,1928,96299,-0.08869747817516327,1680,0.0003,5.67891263961792,0.0007660479168407619,,
1.0,50.0,96600,57,-1.8,0.0,0.007714174687862396,1932,96499,-0.2688579559326172,1683,0.0003,-0.8632206320762634,0.0007915819878689945,,
1.0,50.0,96800,57,-1.79,0.0,0.011833622120320797,1936,96699,-0.13582926988601685,1687,0.0003,-1.5968040227890015,0.0007884831284172833,,
1.0,50.0,97000,57,-1.81,0.0,0.012455488555133343,1940,96899,-0.24210098385810852,1691,0.0003,0.8172839879989624,0.0007892866269685328,,
1.0,50.0,97200,57,-1.8,0.0,0.018339484930038452,1944,97099,-0.17183884978294373,1694,0.0003,-0.6964365243911743,0.0008209493826143444,,
1.0,50.0,97400,57,-1.8,0.0,0.010121538303792477,1948,97299,-0.1916952133178711,1698,0.0003,-0.8064005374908447,0.0008199192816391587,,
1.0,50.0,97600,57,-1.8,0.0,0.015446040779352188,1952,97499,-0.15846218168735504,1701,0.0003,0.47672951221466064,0.0008155381074175239,,
1.0,50.0,97800,57,-1.81,0.0,0.007072312757372856,1956,97699,-0.2588351368904114,1705,0.0003,-3.6520168781280518,0.0008345767273567617,,
1.0,50.0,98000,57,-1.78,0.0,0.009227578528225422,1960,97899,-0.17672155797481537,1708,0.0003,-2.694398880004883,0.0008431490859948099,,
1.0,50.0,98200,57,-1.75,0.0,0.009798357263207436,1964,98099,-0.1739722341299057,1712,0.0003,-1.1819186210632324,0.0008249047677963972,,
1.0,50.0,98400,57,-1.72,0.0,0.01722446084022522,1968,98299,-0.00034247152507305145,1716,0.0003,5.90897798538208,0.0008259718306362629,,
1.0,50.0,98600,57,-1.71,0.0,0.015151615254580975,1972,98499,-0.07296788692474365,1719,0.0003,1.7822139263153076,0.0008300412446260452,,
1.0,50.0,98800,57,-1.72,0.0,0.013299642130732536,1976,98699,-0.228236585855484,1722,0.0003,2.3617916107177734,0.0008484703721478581,,
1.0,50.0,99000,57,-1.68,0.0,0.016009047627449036,1980,98899,-0.06626912951469421,1726,0.0003,4.403302192687988,0.000856245867908001,,
1.0,50.0,99200,57,-1.69,0.0,0.009373772889375687,1984,99099,-0.17558632791042328,1729,0.0003,-2.5458083152770996,0.0008538301917724311,,
1.0,50.0,99400,57,-1.7,0.0,0.01039411872625351,1988,99299,-0.12256144732236862,1733,0.0003,2.1432430744171143,0.0008363638771697879,,
1.0,50.0,99600,57,-1.66,0.0,0.01645304635167122,1992,99499,-0.09257175773382187,1736,0.0003,1.4873281717300415,0.000828299205750227,,
1.0,50.0,99800,57,-1.69,0.0,0.009802643209695816,1996,99699,-0.18696075677871704,1740,0.0003,1.6336448192596436,0.000832768389955163,,
1.0,50.0,100000,57,-1.72,0.0,0.01247104536741972,2000,99899,-0.20160217583179474,1745,0.0003,-2.4514143466949463,0.0008312715217471123,1.0,0.02383155534645919
