time/episodes,rollout/success_rate,train/ent_coef_loss,rollout/ep_rew_mean,time/fps,curriculum/epsilon,train/critic_loss,train/ent_coef,train/learning_rate,train/n_updates,rollout/ep_len_mean,time/total_timesteps,train/actor_loss,time/time_elapsed,eval/clean_mean_d,eval/clean_success_rate
4,0.0,-0.19803790748119354,-50.0,28,0.0088,0.2719115614891052,0.971017599105835,0.0003,99,50.0,200,-4.990354537963867,6,,
8,0.0,-0.6031652092933655,-49.625,17,0.0176,0.23697413504123688,0.9144671559333801,0.0003,299,50.0,400,-6.088461399078369,22,,
12,0.0,-1.009641170501709,-49.75,16,0.0264,0.23964768648147583,0.8612058162689209,0.0003,499,50.0,600,-7.104718208312988,37,,
16,0.0,-1.4128800630569458,-49.5625,15,0.0352,0.23410174250602722,0.8110451102256775,0.0003,699,50.0,800,-8.281244277954102,51,,
20,0.0,-1.813555121421814,-49.65,15,0.044,0.19963492453098297,0.7638174891471863,0.0003,899,50.0,1000,-9.165410041809082,64,,
24,0.0,-2.214338541030884,-49.708333333333336,15,0.0528,0.23849144577980042,0.7193357944488525,0.0003,1099,50.0,1200,-10.031786918640137,77,,
28,0.0,-2.616079568862915,-49.714285714285715,15,0.061599999999999995,0.21618589758872986,0.6774501800537109,0.0003,1299,50.0,1400,-10.789281845092773,91,,
32,0.0,-3.015594005584717,-49.75,15,0.0704,0.2300199568271637,0.63801509141922,0.0003,1499,50.0,1600,-11.40949535369873,104,,
36,0.0,-3.4237751960754395,-49.77777777777778,15,0.07919999999999999,0.19461685419082642,0.6008769273757935,0.0003,1699,50.0,1800,-12.039175033569336,118,,
40,0.0,-3.84376859664917,-49.75,15,0.088,0.16905778646469116,0.5659003257751465,0.0003,1899,50.0,2000,-12.420554161071777,131,,
44,0.0,-4.247469425201416,-49.75,15,0.0968,0.1726718246936798,0.5329725742340088,0.0003,2099,50.0,2200,-12.903799057006836,144,,
48,0.0,-4.6263427734375,-49.75,15,0.1056,0.2221117615699768,0.5019730925559998,0.0003,2299,50.0,2400,-13.190185546875,158,,
52,0.0,-5.023643970489502,-49.69230769230769,15,0.1144,0.2130763828754425,0.4727785587310791,0.0003,2499,50.0,2600,-13.623887062072754,171,,
56,0.0,-5.447454452514648,-49.714285714285715,15,0.12319999999999999,0.19887155294418335,0.445284366607666,0.0003,2699,50.0,2800,-13.716575622558594,185,,
60,0.0,-5.837832927703857,-49.71666666666667,15,0.132,0.18307143449783325,0.41940703988075256,0.0003,2899,50.0,3000,-13.927057266235352,198,,
64,0.0,-6.248712062835693,-49.734375,15,0.1408,0.17686164379119873,0.3950490355491638,0.0003,3099,50.0,3200,-14.017158508300781,212,,
68,0.0,-6.59389591217041,-49.720588235294116,15,0.14959999999999998,0.21345701813697815,0.372102826833725,0.0003,3299,50.0,3400,-14.133020401000977,225,,
72,0.0,-7.035332202911377,-49.72222222222222,15,0.15839999999999999,0.19001702964305878,0.35051679611206055,0.0003,3499,50.0,3600,-13.990811347961426,239,,
76,0.0,-7.339643478393555,-49.73684210526316,15,0.1672,0.15763771533966064,0.3301849961280823,0.0003,3699,50.0,3800,-13.889547348022461,252,,
80,0.0,-7.739315032958984,-49.75,15,0.176,0.2007187008857727,0.3110407292842865,0.0003,3899,50.0,4000,-13.702740669250488,265,,
84,0.0,-8.151030540466309,-49.76190476190476,15,0.1848,0.18068276345729828,0.29302528500556946,0.0003,4099,50.0,4200,-13.675190925598145,279,,
88,0.0,-8.491520881652832,-49.77272727272727,15,0.1936,0.1735066920518875,0.2760845422744751,0.0003,4299,50.0,4400,-13.288787841796875,292,,
92,0.0,-8.942115783691406,-49.78260869565217,15,0.2024,0.1485927253961563,0.26013678312301636,0.0003,4499,50.0,4600,-12.956315040588379,306,,
96,0.0,-9.283275604248047,-49.791666666666664,14,0.2112,0.20375272631645203,0.24513864517211914,0.0003,4699,50.0,4800,-12.735048294067383,320,,
100,0.0,-9.533260345458984,-49.64,14,0.22,0.19517606496810913,0.23102876543998718,0.0003,4899,50.0,5000,-12.271814346313477,337,0.32339305088082904,0.15
104,0.0,-9.892793655395508,-49.63,14,0.2288,0.20967745780944824,0.21777205169200897,0.0003,5099,50.0,5200,-11.97620964050293,351,,
108,0.0,-10.352352142333984,-49.65,14,0.2376,0.17566752433776855,0.20529361069202423,0.0003,5299,50.0,5400,-11.722700119018555,365,,
112,0.0,-10.436955451965332,-49.65,14,0.24639999999999998,0.2193138301372528,0.1935638189315796,0.0003,5499,50.0,5600,-11.220821380615234,378,,
116,0.0,-10.893573760986328,-49.56,14,0.2552,0.18860933184623718,0.18256628513336182,0.0003,5699,50.0,5800,-10.714028358459473,392,,
120,0.0,-11.025644302368164,-49.53,14,0.264,0.15791216492652893,0.172236829996109,0.0003,5899,50.0,6000,-10.385940551757812,405,,
124,0.0,-11.196304321289062,-49.45,14,0.2728,0.15653687715530396,0.16253456473350525,0.0003,6099,50.0,6200,-10.040162086486816,419,,
128,0.0,-11.544737815856934,-49.4,14,0.2816,0.16699433326721191,0.15344466269016266,0.0003,6299,50.0,6400,-9.486096382141113,432,,
132,0.0,-11.574427604675293,-49.37,14,0.2904,0.15527762472629547,0.14493495225906372,0.0003,6499,50.0,6600,-9.30653190612793,445,,
136,0.0,-11.867976188659668,-49.34,14,0.29919999999999997,0.16142334043979645,0.13693633675575256,0.0003,6699,50.0,6800,-8.973759651184082,458,,
140,0.0,-11.586493492126465,-49.32,14,0.308,0.13811106979846954,0.12942929565906525,0.0003,6899,50.0,7000,-8.533612251281738,472,,
144,0.0,-12.07203483581543,-49.23,14,0.31679999999999997,0.13921475410461426,0.12237661331892014,0.0003,7099,50.0,7200,-7.91306209564209,485,,
148,0.0,-12.012946128845215,-49.15,14,0.3256,0.14544588327407837,0.11573097109794617,0.0003,7299,50.0,7400,-7.532586574554443,498,,
152,0.0,-12.003944396972656,-49.1,14,0.3344,0.14301730692386627,0.10950787365436554,0.0003,7499,50.0,7600,-7.265688896179199,512,,
156,0.009999999776482582,-11.936081886291504,-48.93,14,0.3432,0.12667572498321533,0.10368931293487549,0.0003,7699,50.0,7800,-7.134136199951172,525,,
160,0.009999999776482582,-12.269729614257812,-48.77,14,0.352,0.15519431233406067,0.09818852692842484,0.0003,7899,50.0,8000,-6.553563594818115,539,,
164,0.009999999776482582,-12.166926383972168,-48.66,14,0.3608,0.12688878178596497,0.09297573566436768,0.0003,8099,50.0,8200,-6.553292274475098,552,,
168,0.009999999776482582,-12.365931510925293,-48.32,14,0.3696,0.14324235916137695,0.0880943164229393,0.0003,8299,50.0,8400,-5.983281135559082,566,,
172,0.019999999552965164,-11.679561614990234,-48.06,14,0.3784,0.1402154117822647,0.08347027748823166,0.0003,8499,50.0,8600,-5.597846984863281,579,,
176,0.019999999552965164,-11.977093696594238,-47.89,14,0.3872,0.1412436068058014,0.07911676913499832,0.0003,8699,50.0,8800,-5.257803916931152,592,,
180,0.019999999552965164,-11.237585067749023,-47.83,14,0.39599999999999996,0.13980704545974731,0.07504326850175858,0.0003,8899,50.0,9000,-4.967704772949219,606,,
184,0.029999999329447746,-12.042603492736816,-47.24,14,0.4048,0.14585793018341064,0.07120686024427414,0.0003,9099,50.0,9200,-4.55036735534668,619,,
188,0.05000000074505806,-11.96253776550293,-46.75,14,0.41359999999999997,0.1383209377527237,0.0675610676407814,0.0003,9299,50.0,9400,-4.200493335723877,633,,
192,0.07999999821186066,-11.520869255065918,-45.64,14,0.4224,0.11664199829101562,0.06409573554992676,0.0003,9499,50.0,9600,-4.2795023918151855,646,,
196,0.11999999731779099,-11.364896774291992,-44.28,14,0.43119999999999997,0.15604262053966522,0.06082648038864136,0.0003,9699,50.0,9800,-3.924349308013916,660,,
200,0.12999999523162842,-10.436899185180664,-43.84,14,0.44,0.10714437812566757,0.057766858488321304,0.0003,9899,50.0,10000,-3.778315544128418,678,0.019770585242781805,1.0
204,0.15000000596046448,-11.023106575012207,-42.58,14,0.4488,0.15540727972984314,0.05488695204257965,0.0003,10099,50.0,10200,-3.632190227508545,692,,
208,0.18000000715255737,-10.256364822387695,-41.04,14,0.4576,0.15547531843185425,0.052176374942064285,0.0003,10299,50.0,10400,-3.562613010406494,706,,
212,0.20999999344348907,-10.987489700317383,-39.68,14,0.4664,0.14448505640029907,0.04959722235798836,0.0003,10499,50.0,10600,-3.4674437046051025,720,,
216,0.23000000417232513,-10.149174690246582,-38.36,14,0.4752,0.15179607272148132,0.0471733920276165,0.0003,10699,50.0,10800,-2.930708646774292,733,,
220,0.27000001072883606,-9.54203987121582,-36.71,14,0.484,0.14262206852436066,0.04486769437789917,0.0003,10899,50.0,11000,-2.913652181625366,747,,
224,0.3100000023841858,-8.813314437866211,-34.98,14,0.49279999999999996,0.1394876092672348,0.042689088732004166,0.0003,11099,50.0,11200,-2.672903060913086,760,,
228,0.3400000035762787,-10.345928192138672,-33.49,14,0.5015999999999999,0.1665990650653839,0.04063937067985535,0.0003,11299,50.0,11400,-2.4290902614593506,773,,
232,0.3799999952316284,-8.791179656982422,-31.66,14,0.5104,0.13749930262565613,0.038670845329761505,0.0003,11499,50.0,11600,-2.193267583847046,785,,
236,0.41999998688697815,-9.648673057556152,-29.91,14,0.5192,0.13200980424880981,0.0368465892970562,0.0003,11699,50.0,11800,-2.259766101837158,798,,
240,0.46000000834465027,-9.492043495178223,-28.2,14,0.528,0.14640575647354126,0.035081855952739716,0.0003,11899,50.0,12000,-2.3215315341949463,811,,
244,0.5,-8.019804000854492,-26.43,14,0.5367999999999999,0.16437214612960815,0.033449746668338776,0.0003,12099,50.0,12200,-2.152761459350586,824,,
248,0.5400000214576721,-8.3429594039917,-24.6,14,0.5456,0.1323336362838745,0.03194231167435646,0.0003,12299,50.0,12400,-2.211501359939575,837,,
252,0.5799999833106995,-8.52379035949707,-22.93,14,0.5544,0.1477082520723343,0.03042588010430336,0.0003,12499,50.0,12600,-2.4423329830169678,850,,
256,0.6000000238418579,-8.395730018615723,-21.44,14,0.5632,0.1599770188331604,0.029043350368738174,0.0003,12699,50.0,12800,-2.2354063987731934,862,,
260,0.6399999856948853,-6.7552266120910645,-20.0,14,0.572,0.16030627489089966,0.027715202420949936,0.0003,12899,50.0,13000,-2.173757553100586,875,,
264,0.6800000071525574,-7.056558609008789,-18.19,14,0.5808,0.15071025490760803,0.026482468470931053,0.0003,13099,50.0,13200,-2.3230111598968506,888,,
268,0.7200000286102295,-6.41190767288208,-16.75,14,0.5896,0.1305091679096222,0.0253000408411026,0.0003,13299,50.0,13400,-1.851443886756897,901,,
272,0.7400000095367432,-6.502083778381348,-15.3,14,0.5983999999999999,0.11493706703186035,0.02415420301258564,0.0003,13499,50.0,13600,-2.1338186264038086,913,,
276,0.7799999713897705,-7.322491645812988,-13.56,14,0.6072,0.12713265419006348,0.0230298712849617,0.0003,13699,50.0,13800,-1.8752140998840332,926,,
280,0.8100000023841858,-7.816926002502441,-12.07,14,0.616,0.12327074259519577,0.021872205659747124,0.0003,13899,50.0,14000,-2.277761936187744,939,,
284,0.8399999737739563,-5.631448268890381,-10.93,14,0.6248,0.15351246297359467,0.020854398608207703,0.0003,14099,50.0,14200,-2.229999303817749,952,,
288,0.8600000143051147,-6.448816299438477,-9.82,14,0.6335999999999999,0.12656603753566742,0.01989830657839775,0.0003,14299,50.0,14400,-2.2608156204223633,964,,
292,0.8700000047683716,-5.258068561553955,-9.1,14,0.6424,0.16992346942424774,0.019019821658730507,0.0003,14499,50.0,14600,-2.0731608867645264,977,,
296,0.8700000047683716,-5.227539539337158,-8.52,14,0.6512,0.13353785872459412,0.018189864233136177,0.0003,14699,50.0,14800,-2.0048131942749023,990,,
300,0.8999999761581421,-5.97029972076416,-7.2,14,0.66,0.12584272027015686,0.017405414953827858,0.0003,14899,50.0,15000,-2.53433895111084,1007,0.009271045969818861,1.0
304,0.9200000166893005,-5.079335689544678,-6.65,14,0.6688,0.12952850759029388,0.016688041388988495,0.0003,15099,50.0,15200,-2.1599931716918945,1020,,
308,0.9300000071525574,-4.485351085662842,-6.5,14,0.6776,0.15207909047603607,0.015969205647706985,0.0003,15299,50.0,15400,-2.023782253265381,1033,,
312,0.9399999976158142,-5.583798408508301,-6.04,14,0.6864,0.15032443404197693,0.015226337127387524,0.0003,15499,50.0,15600,-2.441978931427002,1046,,
316,0.9599999785423279,-4.159348011016846,-5.61,14,0.6951999999999999,0.16361314058303833,0.0145949125289917,0.0003,15699,50.0,15800,-2.4804906845092773,1059,,
320,0.9599999785423279,-4.483617305755615,-5.39,14,0.704,0.12586121261119843,0.014050355181097984,0.0003,15899,50.0,16000,-2.566549062728882,1072,,
324,0.9599999785423279,-5.019054412841797,-5.36,14,0.7128,0.12799003720283508,0.013496060855686665,0.0003,16099,50.0,16200,-2.5418989658355713,1085,,
328,0.9700000286102295,-2.927499771118164,-5.02,14,0.7216,0.13523352146148682,0.012943009845912457,0.0003,16299,50.0,16400,-2.4928159713745117,1098,,
332,0.9700000286102295,-2.74552845954895,-4.94,14,0.7303999999999999,0.10922868549823761,0.012409142218530178,0.0003,16499,50.0,16600,-2.665213108062744,1110,,
336,0.9700000286102295,-3.7399604320526123,-4.89,14,0.7392,0.14420810341835022,0.011931246146559715,0.0003,16699,50.0,16800,-2.6842310428619385,1123,,
340,0.9700000286102295,-2.6998233795166016,-4.74,14,0.748,0.13315963745117188,0.011432578787207603,0.0003,16899,50.0,17000,-2.911874771118164,1136,,
344,0.9700000286102295,-2.0442192554473877,-4.74,14,0.7568,0.11802123486995697,0.010985637083649635,0.0003,17099,50.0,17200,-2.5663845539093018,1149,,
348,0.9599999785423279,-2.5856103897094727,-4.9,14,0.7656,0.13162639737129211,0.010546372272074223,0.0003,17299,50.0,17400,-3.0281784534454346,1161,,
352,0.9599999785423279,-2.8529210090637207,-4.76,14,0.7744,0.1535373330116272,0.010165408253669739,0.0003,17499,50.0,17600,-3.2267158031463623,1174,,
356,0.9599999785423279,-1.4157921075820923,-4.98,14,0.7832,0.11868620663881302,0.009868605062365532,0.0003,17699,50.0,17800,-3.0437822341918945,1187,,
360,0.9599999785423279,-1.3819530010223389,-4.76,15,0.7919999999999999,0.1286686658859253,0.009613393805921078,0.0003,17899,50.0,18000,-3.2831056118011475,1199,,
364,0.9599999785423279,-3.5904810428619385,-4.82,15,0.8008,0.11890379339456558,0.009266856126487255,0.0003,18099,50.0,18200,-3.239241123199463,1212,,
368,0.9599999785423279,-1.5465703010559082,-4.77,15,0.8096,0.10952931642532349,0.008956528268754482,0.0003,18299,50.0,18400,-3.2874865531921387,1225,,
372,0.9700000286102295,-1.1917719841003418,-4.78,15,0.8184,0.11140397191047668,0.008718756958842278,0.0003,18499,50.0,18600,-3.2961997985839844,1238,,
376,0.9700000286102295,0.04048028588294983,-4.8,15,0.8271999999999999,0.10725247859954834,0.008359504863619804,0.0003,18699,50.0,18800,-3.0715723037719727,1250,,
380,0.9800000190734863,-1.3363796472549438,-4.49,15,0.836,0.11344298720359802,0.008011860772967339,0.0003,18899,50.0,19000,-3.542959213256836,1263,,
384,0.9800000190734863,-2.7048938274383545,-4.41,15,0.8448,0.11577416956424713,0.007721514441072941,0.0003,19099,50.0,19200,-3.3719208240509033,1276,,
388,0.9800000190734863,-0.9100319147109985,-4.2,15,0.8536,0.10461991280317307,0.007436515297740698,0.0003,19299,50.0,19400,-3.488612413406372,1288,,
392,0.9800000190734863,-1.8790137767791748,-4.28,15,0.8623999999999999,0.10139250755310059,0.007240035105496645,0.0003,19499,50.0,19600,-3.695486068725586,1301,,
396,0.9800000190734863,-2.0980265140533447,-4.36,15,0.8712,0.08838534355163574,0.006998242810368538,0.0003,19699,50.0,19800,-3.8037519454956055,1314,,
400,0.9800000190734863,-1.288440227508545,-4.46,15,0.88,0.10846814513206482,0.006810327526181936,0.0003,19899,50.0,20000,-3.6749258041381836,1331,0.014204131877161044,1.0
404,0.9800000190734863,-1.2929271459579468,-4.58,15,0.8887999999999999,0.09671822190284729,0.006704462226480246,0.0003,20099,50.0,20200,-3.8663971424102783,1344,,
408,0.9800000190734863,1.0053963661193848,-4.41,15,0.8976,0.10362398624420166,0.006528313271701336,0.0003,20299,50.0,20400,-3.332003593444824,1357,,
412,0.9800000190734863,-0.7529377937316895,-4.55,15,0.9064,0.10836850106716156,0.006358799524605274,0.0003,20499,50.0,20600,-3.9107413291931152,1370,,
416,0.9700000286102295,-1.1378015279769897,-4.6,15,0.9152,0.0997241660952568,0.006210247986018658,0.0003,20699,50.0,20800,-3.8572516441345215,1383,,
420,0.9700000286102295,-3.694876194000244,-4.61,15,0.9239999999999999,0.10459962487220764,0.006045616697520018,0.0003,20899,50.0,21000,-4.041816234588623,1396,,
424,0.9599999785423279,0.2979699671268463,-5.37,15,0.9328,0.10314621031284332,0.005805394146591425,0.0003,21099,50.0,21200,-3.7386841773986816,1409,,
428,0.9599999785423279,-1.5993983745574951,-5.86,15,0.9416,0.10590647906064987,0.005739390384405851,0.0003,21299,50.0,21400,-3.8819103240966797,1421,,
432,0.949999988079071,0.1850956827402115,-6.55,15,0.9504,0.08681996166706085,0.005590289831161499,0.0003,21499,50.0,21600,-4.042657852172852,1434,,
436,0.9399999976158142,-0.7449607253074646,-7.02,15,0.9591999999999999,0.09270584583282471,0.005536060314625502,0.0003,21699,50.0,21800,-4.13117790222168,1447,,
440,0.9300000071525574,-2.494474411010742,-7.54,15,0.968,0.07032405585050583,0.0054511153139173985,0.0003,21899,50.0,22000,-4.143372058868408,1460,,
444,0.9200000166893005,0.4466818571090698,-8.0,15,0.9768,0.09159154444932938,0.005281135439872742,0.0003,22099,50.0,22200,-3.807995557785034,1473,,
448,0.9100000262260437,1.0507380962371826,-8.63,15,0.9855999999999999,0.12452725321054459,0.005151479970663786,0.0003,22299,50.0,22400,-3.7511472702026367,1486,,
452,0.8899999856948853,0.327606201171875,-9.35,15,0.9944,0.1262771636247635,0.005086304619908333,0.0003,22499,50.0,22600,-3.9081921577453613,1499,,
456,0.8999999761581421,-0.4126743674278259,-9.06,15,1.0031999999999999,0.10899573564529419,0.00496787391602993,0.0003,22699,50.0,22800,-4.11306619644165,1512,,
460,0.8899999856948853,0.4098306894302368,-9.59,15,1.012,0.09996601939201355,0.004832571838051081,0.0003,22899,50.0,23000,-4.223230838775635,1525,,
464,0.8700000047683716,0.871346116065979,-9.77,15,1.0208,0.1172323226928711,0.004862368572503328,0.0003,23099,50.0,23200,-3.7982773780822754,1539,,
468,0.8600000143051147,-1.9374005794525146,-10.49,15,1.0296,0.10857425630092621,0.004832048900425434,0.0003,23299,50.0,23400,-4.300860404968262,1552,,
472,0.8500000238418579,-1.972362756729126,-10.39,15,1.0384,0.10724245011806488,0.004679904319345951,0.0003,23499,50.0,23600,-4.169795036315918,1565,,
476,0.8500000238418579,-0.50374436378479,-11.02,15,1.0472,0.11402095854282379,0.004623505286872387,0.0003,23699,50.0,23800,-4.196081161499023,1577,,
480,0.8299999833106995,-1.438552975654602,-11.91,15,1.056,0.10910643637180328,0.004514539148658514,0.0003,23899,50.0,24000,-4.008864402770996,1591,,
484,0.8199999928474426,0.2781095504760742,-12.36,15,1.0648,0.11985313892364502,0.004432718735188246,0.0003,24099,50.0,24200,-4.038042068481445,1604,,
488,0.8100000023841858,-0.28436189889907837,-12.99,15,1.0735999999999999,0.13063907623291016,0.004349354188889265,0.0003,24299,50.0,24400,-4.15134334564209,1617,,
492,0.8100000023841858,-0.0682220458984375,-12.83,15,1.0824,0.1025819405913353,0.00433217640966177,0.0003,24499,50.0,24600,-4.345149993896484,1630,,
496,0.7900000214576721,1.6831167936325073,-13.6,15,1.0912,0.11843699961900711,0.0044402689673006535,0.0003,24699,50.0,24800,-3.7972190380096436,1643,,
500,0.7799999713897705,0.0744900107383728,-14.3,15,1.0999999999999999,0.11906081438064575,0.00435169180855155,0.0003,24899,50.0,25000,-4.147830486297607,1661,0.016141167907714256,1.0
504,0.7699999809265137,2.1278772354125977,-14.89,15,1.1,0.12133309245109558,0.004299324005842209,0.0003,25099,50.0,25200,-4.202935695648193,1674,,
508,0.75,-0.6320579051971436,-15.83,15,1.1,0.1457083821296692,0.0043064807541668415,0.0003,25299,50.0,25400,-4.329597473144531,1687,,
512,0.7300000190734863,1.3009859323501587,-16.51,15,1.1,0.13314148783683777,0.0043681031093001366,0.0003,25499,50.0,25600,-4.122119903564453,1701,,
516,0.7200000286102295,-0.9654581546783447,-17.71,15,1.1,0.1415214091539383,0.004379588644951582,0.0003,25699,50.0,25800,-4.163826942443848,1714,,
520,0.6800000071525574,-0.9444350004196167,-19.52,15,1.1,0.11654082685709,0.004351065494120121,0.0003,25899,50.0,26000,-4.237407684326172,1728,,
524,0.6800000071525574,2.3484179973602295,-19.27,15,1.1,0.1366114318370819,0.0042871516197919846,0.0003,26099,50.0,26200,-3.802370548248291,1742,,
528,0.6700000166893005,-1.4362823963165283,-19.42,15,1.1,0.12450262904167175,0.004298563580960035,0.0003,26299,50.0,26400,-4.199615955352783,1756,,
532,0.6600000262260437,-2.745192527770996,-20.25,15,1.1,0.15956763923168182,0.004204555414617062,0.0003,26499,50.0,26600,-4.561647415161133,1771,,
536,0.6399999856948853,0.7877988815307617,-21.13,15,1.1,0.16158901154994965,0.004134953022003174,0.0003,26699,50.0,26800,-4.149155139923096,1784,,
540,0.6200000047683716,-0.22076427936553955,-22.04,15,1.1,0.17735326290130615,0.004072853829711676,0.0003,26899,50.0,27000,-4.187536239624023,1798,,
544,0.5899999737739563,-0.8836306929588318,-23.38,15,1.1,0.14002420008182526,0.003938054665923119,0.0003,27099,50.0,27200,-4.284106254577637,1812,,
548,0.5899999737739563,-0.2547604739665985,-23.81,15,1.1,0.15382687747478485,0.004014355130493641,0.0003,27299,50.0,27400,-4.64857292175293,1825,,
552,0.5699999928474426,1.0068988800048828,-24.93,15,1.1,0.1632034331560135,0.0041677216067910194,0.0003,27499,50.0,27600,-4.486397743225098,1839,,
556,0.550000011920929,-0.16397932171821594,-25.7,15,1.1,0.17103980481624603,0.004319836851209402,0.0003,27699,50.0,27800,-4.310823440551758,1852,,
560,0.550000011920929,-2.919788360595703,-25.31,15,1.1,0.16863544285297394,0.004280088469386101,0.0003,27899,50.0,28000,-4.486487865447998,1864,,
564,0.550000011920929,-2.9688758850097656,-25.88,15,1.1,0.1782780885696411,0.004354901146143675,0.0003,28099,50.0,28200,-4.603095054626465,1877,,
568,0.550000011920929,-0.6282203793525696,-25.86,15,1.1,0.20868399739265442,0.00435856357216835,0.0003,28299,50.0,28400,-4.458150386810303,1890,,
572,0.5400000214576721,2.3592891693115234,-26.43,15,1.1,0.2495359182357788,0.004252286162227392,0.0003,28499,50.0,28600,-4.20331335067749,1903,,
576,0.5199999809265137,1.1881122589111328,-26.78,15,1.1,0.16623735427856445,0.004179539158940315,0.0003,28699,50.0,28800,-4.174373626708984,1916,,
580,0.5400000214576721,2.0860540866851807,-25.9,15,1.1,0.19147473573684692,0.004147369414567947,0.0003,28899,50.0,29000,-4.334425926208496,1929,,
584,0.5400000214576721,-0.25781938433647156,-25.94,15,1.1,0.22479280829429626,0.004197035916149616,0.0003,29099,50.0,29200,-4.426825046539307,1942,,
588,0.5199999809265137,-2.6140904426574707,-26.65,15,1.1,0.1948602944612503,0.004216620232909918,0.0003,29299,50.0,29400,-4.513869762420654,1954,,
592,0.49000000953674316,-0.17171034216880798,-27.92,15,1.1,0.1773165911436081,0.004163254518061876,0.0003,29499,50.0,29600,-4.272401809692383,1967,,
596,0.49000000953674316,-1.0475159883499146,-28.03,15,1.1,0.17408403754234314,0.00416096206754446,0.0003,29699,50.0,29800,-4.625109672546387,1981,,
600,0.47999998927116394,0.449211448431015,-28.19,15,1.1,0.1693701446056366,0.004016635473817587,0.0003,29899,50.0,30000,-4.275010585784912,1998,0.019300174152639443,1.0
604,0.49000000953674316,2.3268182277679443,-27.51,15,1.1,0.19506779313087463,0.0039829956367611885,0.0003,30099,50.0,30200,-4.434754371643066,2011,,
608,0.5,-0.9827202558517456,-26.91,15,1.1,0.19990651309490204,0.003980441950261593,0.0003,30299,50.0,30400,-4.416726112365723,2025,,
612,0.5,1.9896210432052612,-26.86,15,1.1,0.21767181158065796,0.004014801234006882,0.0003,30499,50.0,30600,-4.536845684051514,2037,,
616,0.5199999809265137,1.6267049312591553,-25.95,15,1.1,0.18170592188835144,0.004107797518372536,0.0003,30699,50.0,30800,-4.500948905944824,2050,,
620,0.550000011920929,-1.2067748308181763,-24.62,15,1.1,0.19271475076675415,0.00409343745559454,0.0003,30899,50.0,31000,-4.770266532897949,2063,,
624,0.5299999713897705,-0.38280409574508667,-25.39,15,1.1,0.1653561294078827,0.004117915406823158,0.0003,31099,50.0,31200,-4.5909833908081055,2076,,
628,0.5299999713897705,1.602414846420288,-25.25,15,1.1,0.19385790824890137,0.004110011737793684,0.0003,31299,50.0,31400,-4.622676849365234,2089,,
632,0.5299999713897705,0.6102171540260315,-24.65,15,1.1,0.20378687977790833,0.0042146299965679646,0.0003,31499,50.0,31600,-4.583966255187988,2101,,
636,0.5400000214576721,-1.6927999258041382,-24.08,15,1.1,0.19507688283920288,0.004280537366867065,0.0003,31699,50.0,31800,-4.4193220138549805,2114,,
640,0.550000011920929,-2.5008761882781982,-23.69,15,1.1,0.19756649434566498,0.00426737405359745,0.0003,31899,50.0,32000,-4.841379165649414,2127,,
644,0.5799999833106995,-0.10688003897666931,-22.32,15,1.1,0.22031643986701965,0.0042123314924538136,0.0003,32099,50.0,32200,-4.7909464836120605,2140,,
648,0.5899999737739563,2.192936658859253,-21.57,15,1.1,0.2270076870918274,0.004260309040546417,0.0003,32299,50.0,32400,-4.539591312408447,2153,,
652,0.6100000143051147,-0.1045457124710083,-20.92,15,1.1,0.20920433104038239,0.004288556519895792,0.0003,32499,50.0,32600,-4.941319942474365,2166,,
656,0.6200000047683716,-0.5661672949790955,-20.33,15,1.1,0.27194321155548096,0.004300267435610294,0.0003,32699,50.0,32800,-4.563121318817139,2179,,
660,0.6100000143051147,0.988187313079834,-21.05,15,1.1,0.21915721893310547,0.004291049670428038,0.0003,32899,50.0,33000,-4.543527126312256,2192,,
664,0.6299999952316284,-1.0090463161468506,-20.82,15,1.1,0.21128422021865845,0.004314790945500135,0.0003,33099,50.0,33200,-5.090392589569092,2205,,
668,0.6299999952316284,1.5491673946380615,-20.46,15,1.1,0.240156352519989,0.004205477889627218,0.0003,33299,50.0,33400,-4.295221328735352,2218,,
672,0.6299999952316284,-1.6095399856567383,-20.4,15,1.1,0.22876080870628357,0.004066043067723513,0.0003,33499,50.0,33600,-5.0159711837768555,2231,,
676,0.6499999761581421,1.5471038818359375,-19.58,15,1.1,0.21477492153644562,0.00396097032353282,0.0003,33699,50.0,33800,-4.99594783782959,2245,,
680,0.6399999856948853,-1.2546685934066772,-20.31,15,1.1,0.23153209686279297,0.0039154659025371075,0.0003,33899,50.0,34000,-4.6087260246276855,2257,,
684,0.6399999856948853,-0.8048039078712463,-20.23,15,1.1,0.254402756690979,0.003850650740787387,0.0003,34099,50.0,34200,-4.677923202514648,2270,,
688,0.6399999856948853,0.8954662680625916,-20.03,15,1.1,0.24557887017726898,0.003855400253087282,0.0003,34299,50.0,34400,-4.707656383514404,2284,,
692,0.6600000262260437,-2.6311023235321045,-19.23,15,1.1,0.20137542486190796,0.0039008334279060364,0.0003,34499,50.0,34600,-5.009997367858887,2297,,
696,0.6800000071525574,0.47675397992134094,-18.4,15,1.1,0.2633073329925537,0.0037946216762065887,0.0003,34699,50.0,34800,-4.640623092651367,2310,,
700,0.699999988079071,1.900118350982666,-17.56,15,1.1,0.24808576703071594,0.003718764754012227,0.0003,34899,50.0,35000,-4.58364200592041,2327,0.020841013691307073,1.0
704,0.6899999976158142,-1.1335371732711792,-17.92,15,1.1,0.24281945824623108,0.00364705640822649,0.0003,35099,50.0,35200,-5.068845748901367,2340,,
708,0.699999988079071,-0.6947693824768066,-17.52,15,1.1,0.2779974043369293,0.003585508093237877,0.0003,35299,50.0,35400,-4.7483625411987305,2354,,
712,0.699999988079071,-1.8424839973449707,-17.61,15,1.1,0.20584693551063538,0.0034902894403785467,0.0003,35499,50.0,35600,-4.498883247375488,2367,,
716,0.6800000071525574,2.2527222633361816,-18.19,15,1.1,0.2443447709083557,0.003455057041719556,0.0003,35699,50.0,35800,-4.5059380531311035,2380,,
720,0.6700000166893005,-0.6052922010421753,-18.82,15,1.1,0.23371662199497223,0.003426621900871396,0.0003,35899,50.0,36000,-4.759891510009766,2393,,
724,0.699999988079071,1.6465404033660889,-17.75,15,1.1,0.2376745492219925,0.00333407218568027,0.0003,36099,50.0,36200,-4.263778209686279,2406,,
728,0.6800000071525574,-0.5364731550216675,-18.66,15,1.1,0.1740231215953827,0.003353999461978674,0.0003,36299,50.0,36400,-4.591556549072266,2419,,
732,0.699999988079071,-0.05524095892906189,-18.24,15,1.1,0.20739731192588806,0.0033314707688987255,0.0003,36499,50.0,36600,-4.591963768005371,2432,,
736,0.7099999785423279,0.708476185798645,-18.17,15,1.1,0.24990157783031464,0.0033794138580560684,0.0003,36699,50.0,36800,-4.652196407318115,2445,,
740,0.7200000286102295,0.10561336576938629,-17.86,15,1.1,0.24510109424591064,0.0033950097858905792,0.0003,36899,50.0,37000,-4.925202369689941,2458,,
744,0.699999988079071,-1.5196986198425293,-18.81,15,1.1,0.2419048547744751,0.0033704484812915325,0.0003,37099,50.0,37200,-4.889937877655029,2470,,
748,0.699999988079071,-0.9546105861663818,-18.83,15,1.1,0.23025482892990112,0.0033314707688987255,0.0003,37299,50.0,37400,-4.553853511810303,2483,,
752,0.699999988079071,-2.0296993255615234,-18.67,15,1.1,0.2554316818714142,0.0033031958155333996,0.0003,37499,50.0,37600,-4.72148323059082,2496,,
756,0.6899999976158142,0.784212052822113,-19.02,15,1.1,0.2942337691783905,0.0032534890342503786,0.0003,37699,50.0,37800,-4.392143726348877,2509,,
760,0.7099999785423279,-0.20133242011070251,-18.12,15,1.1,0.23001399636268616,0.0032226531766355038,0.0003,37899,50.0,38000,-4.598747730255127,2522,,
764,0.6899999976158142,0.85697340965271,-18.52,15,1.1,0.2449152171611786,0.0032214163802564144,0.0003,38099,50.0,38200,-4.705219268798828,2535,,
768,0.6800000071525574,6.380904197692871,-19.11,15,1.1,0.2908974885940552,0.0032812664285302162,0.0003,38299,50.0,38400,-4.613805770874023,2548,,
772,0.6800000071525574,-0.3896915912628174,-19.46,15,1.1,0.29511910676956177,0.0033592989202588797,0.0003,38499,50.0,38600,-4.861973762512207,2561,,
776,0.6600000262260437,-2.5539817810058594,-20.33,15,1.1,0.2744983434677124,0.0034045029897242785,0.0003,38699,50.0,38800,-4.545753002166748,2574,,
780,0.6399999856948853,-0.8375338912010193,-20.61,15,1.1,0.27606311440467834,0.0033504795283079147,0.0003,38899,50.0,39000,-4.46764612197876,2587,,
784,0.6399999856948853,-3.5710883140563965,-20.32,15,1.1,0.26920780539512634,0.0033039345871657133,0.0003,39099,50.0,39200,-5.066763401031494,2600,,
788,0.6399999856948853,2.2375733852386475,-20.32,15,1.1,0.24499933421611786,0.0033249021507799625,0.0003,39299,50.0,39400,-4.274685382843018,2613,,
792,0.6399999856948853,11.126288414001465,-20.39,15,1.1,0.2901086211204529,0.003483224892988801,0.0003,39499,50.0,39600,-4.319025993347168,2626,,
796,0.6100000143051147,3.070580005645752,-21.43,15,1.1,0.2967180013656616,0.003798544639721513,0.0003,39699,50.0,39800,-4.395430088043213,2639,,
800,0.5799999833106995,5.3312273025512695,-22.3,15,1.1,0.3088068962097168,0.004057149402797222,0.0003,39899,50.0,40000,-4.948797225952148,2656,0.02927796539653054,1.0
804,0.5799999833106995,0.2678690552711487,-22.19,15,1.1,0.27539801597595215,0.004121079575270414,0.0003,40099,50.0,40200,-4.769454479217529,2669,,
808,0.5699999928474426,2.8422441482543945,-22.98,15,1.1,0.27936631441116333,0.00415063789114356,0.0003,40299,50.0,40400,-4.393007278442383,2682,,
812,0.5699999928474426,1.9291883707046509,-23.16,15,1.1,0.33364033699035645,0.004194553010165691,0.0003,40499,50.0,40600,-4.215048313140869,2696,,
816,0.5899999737739563,0.8404294848442078,-22.24,15,1.1,0.24404525756835938,0.0042686848901212215,0.0003,40699,50.0,40800,-4.769443035125732,2709,,
820,0.6100000143051147,-0.3294011652469635,-21.09,15,1.1,0.31884968280792236,0.004325816407799721,0.0003,40899,50.0,41000,-4.746522903442383,2722,,
824,0.5899999737739563,1.5507851839065552,-21.67,15,1.1,0.28968092799186707,0.004370730835944414,0.0003,41099,50.0,41200,-4.267918586730957,2735,,
828,0.6100000143051147,1.713576078414917,-20.66,15,1.1,0.26162731647491455,0.004468733444809914,0.0003,41299,50.0,41400,-4.245033264160156,2748,,
832,0.5899999737739563,-1.9770522117614746,-20.87,15,1.1,0.2561663091182709,0.004438003990799189,0.0003,41499,50.0,41600,-4.9978508949279785,2761,,
836,0.5799999833106995,-0.20891332626342773,-20.92,15,1.1,0.31841352581977844,0.004393596667796373,0.0003,41699,50.0,41800,-4.88437557220459,2774,,
840,0.5799999833106995,-1.457260012626648,-21.09,15,1.1,0.3047489821910858,0.004313233774155378,0.0003,41899,50.0,42000,-4.4959611892700195,2786,,
844,0.5799999833106995,-0.6118108630180359,-21.02,15,1.1,0.3058193624019623,0.004228181205689907,0.0003,42099,50.0,42200,-4.482148170471191,2799,,
848,0.5799999833106995,-2.850922107696533,-21.04,15,1.1,0.22268149256706238,0.004175168927758932,0.0003,42299,50.0,42400,-4.862301826477051,2812,,
852,0.6000000238418579,-1.4267189502716064,-20.04,15,1.1,0.2697485685348511,0.004177028778940439,0.0003,42499,50.0,42600,-4.539029121398926,2826,,
856,0.5899999737739563,0.23369750380516052,-20.46,15,1.1,0.30186283588409424,0.004244013223797083,0.0003,42699,50.0,42800,-4.387568473815918,2840,,
860,0.5899999737739563,-0.6331787109375,-20.88,15,1.1,0.3160651922225952,0.004201976116746664,0.0003,42899,50.0,43000,-4.748544216156006,2853,,
864,0.6000000238418579,-3.372103691101074,-20.43,15,1.1,0.3139873147010803,0.004267278593033552,0.0003,43099,50.0,43200,-4.525322437286377,2866,,
868,0.5899999737739563,0.8629593849182129,-20.67,15,1.1,0.33775395154953003,0.004274921957403421,0.0003,43299,50.0,43400,-4.358908176422119,2879,,
872,0.5899999737739563,-0.48984435200691223,-20.66,15,1.1,0.253564715385437,0.00417754054069519,0.0003,43499,50.0,43600,-4.748150825500488,2892,,
876,0.5799999833106995,-4.142991065979004,-20.91,15,1.1,0.2413216531276703,0.00423005037009716,0.0003,43699,50.0,43800,-5.007821083068848,2905,,
880,0.5899999737739563,-0.04193367809057236,-20.78,15,1.1,0.33483752608299255,0.004294029902666807,0.0003,43899,50.0,44000,-4.456905841827393,2918,,
884,0.5899999737739563,2.4579341411590576,-21.66,15,1.1,0.330508291721344,0.004411076661199331,0.0003,44099,50.0,44200,-4.638296127319336,2932,,
888,0.6100000143051147,-1.8852975368499756,-21.36,15,1.1,0.311851441860199,0.0043692863546311855,0.0003,44299,50.0,44400,-4.655427932739258,2945,,
892,0.5899999737739563,-1.5954899787902832,-21.9,15,1.1,0.32396674156188965,0.004315112251788378,0.0003,44499,50.0,44600,-4.506643772125244,2958,,
896,0.6000000238418579,-0.14629241824150085,-21.66,15,1.1,0.28316226601600647,0.004299317952245474,0.0003,44699,50.0,44800,-4.840814113616943,2971,,
900,0.6000000238418579,3.3626458644866943,-21.98,15,1.1,0.32342520356178284,0.004341449122875929,0.0003,44899,50.0,45000,-4.362510681152344,2988,0.028049414193883748,1.0
904,0.5799999833106995,-0.6431618928909302,-22.95,15,1.1,0.4721079468727112,0.004326872993260622,0.0003,45099,50.0,45200,-4.545380115509033,3001,,
908,0.550000011920929,-0.3891702890396118,-24.03,15,1.1,0.2771769165992737,0.004210767336189747,0.0003,45299,50.0,45400,-5.035223484039307,3015,,
912,0.550000011920929,0.5332016944885254,-23.43,15,1.1,0.29907622933387756,0.004092186689376831,0.0003,45499,50.0,45600,-4.858147144317627,3028,,
916,0.5400000214576721,-1.2469069957733154,-23.85,15,1.1,0.336761474609375,0.004044904839247465,0.0003,45699,50.0,45800,-4.425796985626221,3042,,
920,0.5199999809265137,-2.848599433898926,-25.39,15,1.1,0.3396144509315491,0.004061909392476082,0.0003,45899,50.0,46000,-4.540996074676514,3054,,
924,0.5099999904632568,-0.6958276033401489,-25.97,15,1.1,0.36980384588241577,0.0040124855004251,0.0003,46099,50.0,46200,-4.4444169998168945,3068,,
928,0.49000000953674316,0.665822446346283,-27.03,15,1.1,0.36208969354629517,0.003990963101387024,0.0003,46299,50.0,46400,-4.4200639724731445,3081,,
932,0.49000000953674316,1.2828199863433838,-27.22,15,1.1,0.41536760330200195,0.003954706713557243,0.0003,46499,50.0,46600,-4.598010063171387,3094,,
936,0.5,-0.642953634262085,-27.13,15,1.1,0.341305673122406,0.003960200119763613,0.0003,46699,50.0,46800,-4.988722801208496,3107,,
940,0.5,1.7348508834838867,-26.68,15,1.1,0.30697181820869446,0.004054871387779713,0.0003,46899,50.0,47000,-4.886617183685303,3120,,
944,0.5099999904632568,4.703299522399902,-26.15,15,1.1,0.4136299788951874,0.004184051416814327,0.0003,47099,50.0,47200,-4.049783229827881,3133,,
948,0.5099999904632568,-1.1541346311569214,-26.14,15,1.1,0.37213942408561707,0.004214814864099026,0.0003,47299,50.0,47400,-4.666375637054443,3147,,
952,0.47999998927116394,-0.5854017734527588,-27.46,15,1.1,0.4324677884578705,0.004220874980092049,0.0003,47499,50.0,47600,-4.776731967926025,3160,,
956,0.5,-1.2175893783569336,-27.03,15,1.1,0.32193541526794434,0.0042599961161613464,0.0003,47699,50.0,47800,-4.761282444000244,3173,,
960,0.5,0.7872141599655151,-26.72,15,1.1,0.32556819915771484,0.004240165930241346,0.0003,47899,50.0,48000,-5.019002914428711,3186,,
964,0.4699999988079071,0.24026906490325928,-27.7,15,1.1,0.35761865973472595,0.004386113490909338,0.0003,48099,50.0,48200,-4.62260103225708,3199,,
968,0.4699999988079071,3.2016713619232178,-27.85,15,1.1,0.44874751567840576,0.00446199020370841,0.0003,48299,50.0,48400,-4.924942970275879,3213,,
972,0.4699999988079071,-1.0326201915740967,-28.07,15,1.1,0.3573446571826935,0.004546481650322676,0.0003,48499,50.0,48600,-5.037384986877441,3226,,
976,0.47999998927116394,2.1632726192474365,-27.92,15,1.1,0.334452748298645,0.004574738908559084,0.0003,48699,50.0,48800,-5.04456090927124,3238,,
980,0.47999998927116394,0.42269366979599,-27.94,15,1.1,0.3506976366043091,0.004644541069865227,0.0003,48899,50.0,49000,-5.016163349151611,3251,,
984,0.47999998927116394,-1.9315223693847656,-27.27,15,1.1,0.4249075651168823,0.004647707100957632,0.0003,49099,50.0,49200,-4.724056720733643,3264,,
988,0.4699999988079071,-2.7979161739349365,-27.54,15,1.1,0.423799067735672,0.004542353563010693,0.0003,49299,50.0,49400,-4.859281539916992,3278,,
992,0.4699999988079071,-1.9030836820602417,-27.6,15,1.1,0.47931116819381714,0.004458916839212179,0.0003,49499,50.0,49600,-5.0577521324157715,3291,,
996,0.4699999988079071,-2.2229790687561035,-27.26,15,1.1,0.39016109704971313,0.004386782646179199,0.0003,49699,50.0,49800,-4.961544513702393,3304,,
1000,0.4699999988079071,-2.3067104816436768,-27.37,15,1.1,0.3909294903278351,0.004289214964956045,0.0003,49899,50.0,50000,-4.765078544616699,3322,0.01860340485218289,1.0
1004,0.49000000953674316,-0.8818017244338989,-27.08,15,1.1,0.3641964793205261,0.004193439148366451,0.0003,50099,50.0,50200,-4.985804557800293,3335,,
1008,0.5,6.916734218597412,-26.38,15,1.1,0.4133884310722351,0.004378095734864473,0.0003,50299,50.0,50400,-4.673117637634277,3348,,
1012,0.5,0.1179862916469574,-27.0,15,1.1,0.4931488633155823,0.004484852775931358,0.0003,50499,50.0,50600,-4.87736701965332,3362,,
1016,0.47999998927116394,-0.4883445203304291,-27.92,15,1.1,0.39943432807922363,0.004520766902714968,0.0003,50699,50.0,50800,-4.8846354484558105,3375,,
1020,0.4699999988079071,-1.0092302560806274,-27.74,15,1.1,0.39518988132476807,0.004588817711919546,0.0003,50899,50.0,51000,-4.722143650054932,3388,,
1024,0.4699999988079071,-0.5712066888809204,-27.66,15,1.1,0.3943585157394409,0.0045624785125255585,0.0003,51099,50.0,51200,-4.827237129211426,3401,,
1028,0.49000000953674316,-2.489225387573242,-26.65,15,1.1,0.46921005845069885,0.0045418208464980125,0.0003,51299,50.0,51400,-4.987521171569824,3415,,
1032,0.47999998927116394,0.641109049320221,-27.22,15,1.1,0.39848771691322327,0.004519710782915354,0.0003,51499,50.0,51600,-5.4808549880981445,3428,,
1036,0.4699999988079071,0.8187258243560791,-27.58,15,1.1,0.49452733993530273,0.004616547841578722,0.0003,51699,50.0,51800,-4.8577351570129395,3441,,
1040,0.46000000834465027,-0.7614912986755371,-28.06,15,1.1,0.41412466764450073,0.004672813229262829,0.0003,51899,50.0,52000,-5.403285026550293,3455,,
1044,0.44999998807907104,-1.0062061548233032,-28.69,15,1.1,0.3684613108634949,0.004565549548715353,0.0003,52099,50.0,52200,-5.133882999420166,3468,,
1048,0.4300000071525574,-1.267844319343567,-29.73,15,1.1,0.3838452100753784,0.0045598577708005905,0.0003,52299,50.0,52400,-5.17137336730957,3481,,
1052,0.44999998807907104,-1.9255355596542358,-29.07,15,1.1,0.466799259185791,0.004559157881885767,0.0003,52499,50.0,52600,-4.770964622497559,3495,,
1056,0.4300000071525574,0.03325009346008301,-29.81,15,1.1,0.4574158191680908,0.004617778584361076,0.0003,52699,50.0,52800,-4.9087653160095215,3508,,
1060,0.4099999964237213,0.5366202592849731,-30.97,15,1.1,0.4261282682418823,0.004637479316443205,0.0003,52899,50.0,53000,-4.713809967041016,3521,,
1064,0.4399999976158142,-3.22428822517395,-29.97,15,1.1,0.44812557101249695,0.004555956460535526,0.0003,53099,50.0,53200,-5.387134552001953,3534,,
1068,0.46000000834465027,2.122429847717285,-29.0,15,1.1,0.5193010568618774,0.004517317283898592,0.0003,53299,50.0,53400,-4.723428726196289,3548,,
1072,0.44999998807907104,-0.6345000267028809,-29.28,15,1.1,0.4289122223854065,0.004419850185513496,0.0003,53499,50.0,53600,-5.232883930206299,3561,,
1076,0.46000000834465027,0.7824382781982422,-28.8,15,1.1,0.4382973313331604,0.004375347401946783,0.0003,53699,50.0,53800,-4.828474044799805,3574,,
1080,0.46000000834465027,1.3787271976470947,-28.66,15,1.1,0.5602802634239197,0.004503621254116297,0.0003,53899,50.0,54000,-5.166534423828125,3587,,
1084,0.46000000834465027,1.6916744709014893,-28.99,15,1.1,0.5206078886985779,0.0045080641284585,0.0003,54099,50.0,54200,-5.041445255279541,3600,,
1088,0.46000000834465027,-2.8866372108459473,-29.15,15,1.1,0.4810835123062134,0.004604625515639782,0.0003,54299,50.0,54400,-5.48278284072876,3613,,
1092,0.4699999988079071,-1.6245710849761963,-29.15,15,1.1,0.44244831800460815,0.004658374935388565,0.0003,54499,50.0,54600,-5.179312705993652,3626,,
1096,0.4699999988079071,-0.5764588713645935,-29.29,15,1.1,0.4239896237850189,0.004722653888165951,0.0003,54699,50.0,54800,-5.634265422821045,3639,,
1100,0.47999998927116394,-1.4282286167144775,-29.1,15,1.1,0.4733297526836395,0.00485225161537528,0.0003,54899,50.0,55000,-5.43486213684082,3657,0.024187489308440675,1.0
1104,0.47999998927116394,-1.2652281522750854,-28.56,15,1.1,0.5663147568702698,0.004796336404979229,0.0003,55099,50.0,55200,-5.143308639526367,3670,,
1108,0.5,-2.9760186672210693,-27.89,15,1.1,0.4750017523765564,0.004800136666744947,0.0003,55299,50.0,55400,-5.2357330322265625,3683,,
1112,0.5099999904632568,1.664214015007019,-27.51,15,1.1,0.4952840209007263,0.004846556577831507,0.0003,55499,50.0,55600,-4.786228656768799,3697,,
1116,0.5299999713897705,-1.3827472925186157,-26.77,15,1.1,0.41314226388931274,0.004830721765756607,0.0003,55699,50.0,55800,-5.34736967086792,3710,,
1120,0.550000011920929,-0.18214789032936096,-26.4,15,1.1,0.46387553215026855,0.004766387399286032,0.0003,55899,50.0,56000,-5.306211948394775,3723,,
1124,0.5600000023841858,0.10365647077560425,-25.96,15,1.1,0.44715556502342224,0.0046837241388857365,0.0003,56099,50.0,56200,-4.927788734436035,3736,,
1128,0.550000011920929,-1.3663409948349,-26.5,15,1.1,0.44114571809768677,0.00468958355486393,0.0003,56299,50.0,56400,-5.681077480316162,3749,,
1132,0.5600000023841858,-1.463306188583374,-26.03,15,1.1,0.5373079180717468,0.004631782416254282,0.0003,56499,50.0,56600,-4.767256259918213,3762,,
1136,0.5600000023841858,-1.9613492488861084,-25.91,15,1.1,0.4211685359477997,0.0044899024069309235,0.0003,56699,50.0,56800,-5.845028400421143,3776,,
1140,0.5699999928474426,1.2710175514221191,-25.47,15,1.1,0.4209056794643402,0.00441518472507596,0.0003,56899,50.0,57000,-4.9340362548828125,3789,,
1144,0.5699999928474426,2.125082492828369,-25.44,15,1.1,0.5338524580001831,0.004479567054659128,0.0003,57099,50.0,57200,-5.364299297332764,3802,,
1148,0.5799999833106995,0.042596712708473206,-24.93,15,1.1,0.5036754608154297,0.004494586959481239,0.0003,57299,50.0,57400,-5.155394554138184,3815,,
1152,0.5799999833106995,1.6674063205718994,-24.79,15,1.1,0.5318889617919922,0.004502579569816589,0.0003,57499,50.0,57600,-5.611029624938965,3828,,
1156,0.5899999737739563,2.1837081909179688,-24.04,15,1.1,0.5430272817611694,0.004565183538943529,0.0003,57699,50.0,57800,-5.372365474700928,3841,,
1160,0.5699999928474426,1.559809684753418,-24.57,15,1.1,0.5989565849304199,0.004637207370251417,0.0003,57899,50.0,58000,-5.417864799499512,3854,,
1164,0.5799999833106995,2.344034194946289,-24.31,15,1.1,0.5271685123443604,0.004658983554691076,0.0003,58099,50.0,58200,-5.022870063781738,3867,,
1168,0.5899999737739563,-0.6474603414535522,-24.04,15,1.1,0.49517005681991577,0.004614177625626326,0.0003,58299,50.0,58400,-5.849219799041748,3880,,
1172,0.5899999737739563,-1.3593130111694336,-23.59,15,1.1,0.4428846538066864,0.004682515747845173,0.0003,58499,50.0,58600,-5.571732044219971,3893,,
1176,0.5799999833106995,-1.566971778869629,-23.94,15,1.1,0.6049796342849731,0.004700228571891785,0.0003,58699,50.0,58800,-5.282270431518555,3907,,
1180,0.5699999928474426,0.9036351442337036,-24.38,15,1.1,0.5919868350028992,0.0046591609716415405,0.0003,58899,50.0,59000,-5.3491411209106445,3920,,
1184,0.5799999833106995,2.299133777618408,-23.63,15,1.1,0.5069509744644165,0.004596270155161619,0.0003,59099,50.0,59200,-5.8482537269592285,3933,,
1188,0.5600000023841858,0.1727217137813568,-24.01,15,1.1,0.5576819181442261,0.004663328640162945,0.0003,59299,50.0,59400,-5.4572906494140625,3946,,
1192,0.550000011920929,0.26939117908477783,-24.29,15,1.1,0.5080874562263489,0.004605650901794434,0.0003,59499,50.0,59600,-5.557507514953613,3959,,
1196,0.5400000214576721,2.0236423015594482,-25.0,15,1.1,0.6878237724304199,0.004631713964045048,0.0003,59699,50.0,59800,-5.547305583953857,3972,,
1200,0.5400000214576721,1.320991039276123,-24.43,15,1.1,0.6292306184768677,0.004624772816896439,0.0003,59899,50.0,60000,-5.478411674499512,3989,0.02930350724051319,1.0
1204,0.5299999713897705,-0.11990377306938171,-25.09,15,1.1,0.5333247184753418,0.004874407779425383,0.0003,60099,50.0,60200,-5.723520278930664,4002,,
1208,0.5400000214576721,2.458496332168579,-24.82,15,1.1,0.7952271699905396,0.005088431760668755,0.0003,60299,50.0,60400,-5.272502899169922,4016,,
1212,0.5199999809265137,-0.2662249207496643,-25.39,15,1.1,0.6770486831665039,0.005272886715829372,0.0003,60499,50.0,60600,-5.121437072753906,4029,,
1216,0.5,0.023670531809329987,-26.17,15,1.1,0.5808348655700684,0.005391339305788279,0.0003,60699,50.0,60800,-5.3585405349731445,4043,,
1220,0.49000000953674316,-0.8681581616401672,-25.51,15,1.1,0.6647306680679321,0.005484691821038723,0.0003,60899,50.0,61000,-5.371002674102783,4056,,
1224,0.5,2.4386112689971924,-25.26,15,1.1,0.7524669170379639,0.005725717172026634,0.0003,61099,50.0,61200,-5.072048187255859,4069,,
1228,0.5099999904632568,-0.3021997809410095,-24.59,15,1.1,0.6183327436447144,0.005718416068702936,0.0003,61299,50.0,61400,-5.662396430969238,4082,,
1232,0.5,0.20092439651489258,-25.23,15,1.1,0.6097425818443298,0.00596586475148797,0.0003,61499,50.0,61600,-5.9493184089660645,4095,,
1236,0.49000000953674316,-2.509267807006836,-25.24,15,1.1,0.6045634746551514,0.005971238017082214,0.0003,61699,50.0,61800,-5.621993541717529,4108,,
1240,0.47999998927116394,-1.1626917123794556,-25.66,15,1.1,0.6109803915023804,0.0058716339990496635,0.0003,61899,50.0,62000,-5.790724754333496,4121,,
1244,0.47999998927116394,-1.8267316818237305,-25.69,15,1.1,0.5887401103973389,0.005687572527676821,0.0003,62099,50.0,62200,-5.3480401039123535,4134,,
1248,0.47999998927116394,-2.4983696937561035,-25.68,15,1.1,0.7630611658096313,0.0055626328103244305,0.0003,62299,50.0,62400,-5.121438980102539,4147,,
1252,0.47999998927116394,1.270451545715332,-26.07,15,1.1,0.6419536471366882,0.005374647211283445,0.0003,62499,50.0,62600,-5.068235397338867,4160,,
1256,0.4699999988079071,-1.3420071601867676,-26.78,15,1.1,0.6105951070785522,0.005497642792761326,0.0003,62699,50.0,62800,-5.711918354034424,4174,,
1260,0.5,-2.5904319286346436,-25.67,15,1.1,0.8025736808776855,0.0054352437146008015,0.0003,62899,50.0,63000,-5.543406963348389,4187,,
1264,0.46000000834465027,0.6020078063011169,-27.32,15,1.1,0.597783088684082,0.005242598708719015,0.0003,63099,50.0,63200,-5.72327995300293,4200,,
1268,0.4399999976158142,-3.1997439861297607,-28.4,15,1.1,0.7021509408950806,0.005161765497177839,0.0003,63299,50.0,63400,-5.652660846710205,4213,,
1272,0.46000000834465027,0.027144312858581543,-27.84,15,1.1,0.6799088716506958,0.005041914526373148,0.0003,63499,50.0,63600,-5.186781883239746,4226,,
1276,0.44999998807907104,-0.25739726424217224,-27.99,15,1.1,0.6716183423995972,0.004940565209835768,0.0003,63699,50.0,63800,-4.835163116455078,4239,,
1280,0.46000000834465027,1.106013298034668,-27.92,15,1.1,0.6609775424003601,0.005036395043134689,0.0003,63899,50.0,64000,-6.067161560058594,4252,,
1284,0.44999998807907104,-1.604517936706543,-28.61,15,1.1,0.8937152624130249,0.005162875633686781,0.0003,64099,50.0,64200,-5.261495590209961,4265,,
1288,0.46000000834465027,-3.4645488262176514,-28.27,15,1.1,1.020934820175171,0.005047974176704884,0.0003,64299,50.0,64400,-5.43882942199707,4278,,
1292,0.4699999988079071,-2.227323055267334,-27.86,15,1.1,0.7558891177177429,0.004864898975938559,0.0003,64499,50.0,64600,-5.3833818435668945,4291,,
1296,0.49000000953674316,-0.24512192606925964,-27.09,15,1.1,0.5757313966751099,0.0047480338253080845,0.0003,64699,50.0,64800,-5.5037126541137695,4305,,
1300,0.49000000953674316,3.593655586242676,-26.75,15,1.1,0.6705645322799683,0.004730298649519682,0.0003,64899,50.0,65000,-5.180207252502441,4322,0.029764522268643966,1.0
1304,0.47999998927116394,4.919889450073242,-26.68,15,1.1,0.9714040160179138,0.00473362673074007,0.0003,65099,50.0,65200,-4.49566125869751,4335,,
1308,0.4699999988079071,-3.2710537910461426,-26.72,15,1.1,0.6206741333007812,0.004630625247955322,0.0003,65299,50.0,65400,-5.8883562088012695,4348,,
1312,0.49000000953674316,-0.4770526885986328,-25.91,15,1.1,0.6789457201957703,0.0045472728088498116,0.0003,65499,50.0,65600,-4.904895782470703,4362,,
1316,0.5,1.0050723552703857,-25.44,15,1.1,0.6166471838951111,0.004582611843943596,0.0003,65699,50.0,65800,-5.934073448181152,4375,,
1320,0.5199999809265137,5.929271221160889,-25.32,15,1.1,0.6386919617652893,0.004813618957996368,0.0003,65899,50.0,66000,-5.346952438354492,4388,,
1324,0.5,1.1227331161499023,-26.17,15,1.1,0.6754017472267151,0.005005789455026388,0.0003,66099,50.0,66200,-5.547069072723389,4401,,
1328,0.47999998927116394,-1.1861445903778076,-26.7,15,1.1,0.9895299673080444,0.004994852468371391,0.0003,66299,50.0,66400,-4.142718315124512,4414,,
1332,0.5,-3.206056833267212,-25.58,15,1.1,0.7495608329772949,0.0050047654658555984,0.0003,66499,50.0,66600,-6.056565761566162,4427,,
1336,0.5199999809265137,1.8368016481399536,-25.26,15,1.1,0.7755151987075806,0.004981133621186018,0.0003,66699,50.0,66800,-5.114227771759033,4440,,
1340,0.5,0.7368656992912292,-26.04,15,1.1,0.6817240715026855,0.005075349006801844,0.0003,66899,50.0,67000,-5.7121100425720215,4453,,
1344,0.5,-0.6341803073883057,-25.77,15,1.1,0.6768885254859924,0.005169995129108429,0.0003,67099,50.0,67200,-4.403676986694336,4466,,
1348,0.5,0.25580033659935,-25.81,15,1.1,0.7240332365036011,0.005185510031878948,0.0003,67299,50.0,67400,-5.469203472137451,4480,,
1352,0.49000000953674316,0.0963122546672821,-25.74,15,1.1,0.6966644525527954,0.005115469917654991,0.0003,67499,50.0,67600,-6.013703346252441,4493,,
1356,0.47999998927116394,0.6031860113143921,-25.93,15,1.1,0.5844963788986206,0.005190942902117968,0.0003,67699,50.0,67800,-6.155782699584961,4506,,
1360,0.49000000953674316,0.8760467767715454,-25.4,15,1.1,0.6044882535934448,0.005209572613239288,0.0003,67899,50.0,68000,-5.74191951751709,4519,,
1364,0.5099999904632568,1.026932954788208,-24.5,15,1.1,0.7821565866470337,0.005175853613764048,0.0003,68099,50.0,68200,-5.927628517150879,4532,,
1368,0.5,0.08327634632587433,-24.3,15,1.1,0.867577075958252,0.005186012014746666,0.0003,68299,50.0,68400,-4.7694268226623535,4545,,
1372,0.49000000953674316,-0.5528134703636169,-24.63,15,1.1,0.6937423348426819,0.005358776077628136,0.0003,68499,50.0,68600,-6.16465950012207,4558,,
1376,0.5,-0.48886239528656006,-24.38,15,1.1,0.740263819694519,0.00531456945464015,0.0003,68699,50.0,68800,-5.438190937042236,4571,,
1380,0.47999998927116394,-1.2586183547973633,-24.73,15,1.1,0.7398244142532349,0.0052849771454930305,0.0003,68899,50.0,69000,-5.440347671508789,4584,,
1384,0.46000000834465027,-1.1756888628005981,-25.89,15,1.1,0.7392003536224365,0.005292663816362619,0.0003,69099,50.0,69200,-5.340263843536377,4598,,
1388,0.47999998927116394,-0.31718212366104126,-25.1,15,1.1,0.9092316031455994,0.00533220125362277,0.0003,69299,50.0,69400,-5.34227180480957,4611,,
1392,0.4699999988079071,0.11294662952423096,-25.4,15,1.1,0.8367522954940796,0.005414820741862059,0.0003,69499,50.0,69600,-5.101260185241699,4624,,
1396,0.46000000834465027,-1.811098575592041,-25.73,15,1.1,0.761008620262146,0.00541128683835268,0.0003,69699,50.0,69800,-5.939750671386719,4637,,
1400,0.44999998807907104,-0.16405095160007477,-26.82,15,1.1,0.8039934039115906,0.005345839075744152,0.0003,69899,50.0,70000,-6.002281665802002,4655,0.025075161879173247,1.0
1404,0.46000000834465027,-1.4415161609649658,-26.86,15,1.1,0.7422298192977905,0.005354916676878929,0.0003,70099,50.0,70200,-5.641144752502441,4668,,
1408,0.4399999976158142,-0.9505903720855713,-27.95,15,1.1,0.800387978553772,0.005386092234402895,0.0003,70299,50.0,70400,-6.281382083892822,4682,,
1412,0.4300000071525574,1.42831552028656,-28.08,15,1.1,0.769309401512146,0.005401877220720053,0.0003,70499,50.0,70600,-5.171809196472168,4696,,
1416,0.41999998688697815,2.5157759189605713,-28.54,15,1.1,0.9229163527488708,0.005478191655129194,0.0003,70699,50.0,70800,-5.154527187347412,4709,,
1420,0.4000000059604645,2.037585735321045,-29.77,15,1.1,1.0097322463989258,0.005525706335902214,0.0003,70899,50.0,71000,-5.678204536437988,4722,,
1424,0.4099999964237213,4.351670265197754,-28.93,15,1.1,0.9566075801849365,0.0054676770232617855,0.0003,71099,50.0,71200,-5.2618303298950195,4735,,
1428,0.41999998688697815,2.5340259075164795,-28.96,15,1.1,0.8288140296936035,0.005442819558084011,0.0003,71299,50.0,71400,-5.190755367279053,4748,,
1432,0.4099999964237213,2.3403921127319336,-29.29,15,1.1,0.7594482898712158,0.005589351523667574,0.0003,71499,50.0,71600,-5.360133647918701,4762,,
1436,0.38999998569488525,-0.42953866720199585,-29.73,15,1.1,0.8897167444229126,0.00571197597309947,0.0003,71699,50.0,71800,-5.495846748352051,4775,,
1440,0.4099999964237213,1.6446170806884766,-29.14,15,1.1,0.6400306224822998,0.005687003023922443,0.0003,71899,50.0,72000,-6.186592102050781,4788,,
1444,0.4300000071525574,-0.7170579433441162,-28.37,15,1.1,0.5742458701133728,0.005772193428128958,0.0003,72099,50.0,72200,-5.769724369049072,4801,,
1448,0.41999998688697815,1.287449598312378,-28.74,15,1.1,0.9381698369979858,0.005834302864968777,0.0003,72299,50.0,72400,-4.506958961486816,4814,,
1452,0.4099999964237213,2.18892240524292,-29.03,15,1.1,0.7957908511161804,0.00594103941693902,0.0003,72499,50.0,72600,-5.822720050811768,4828,,
1456,0.4399999976158142,-0.452001690864563,-28.22,15,1.1,0.6876002550125122,0.006037527229636908,0.0003,72699,50.0,72800,-5.874373435974121,4841,,
1460,0.4000000059604645,3.33154296875,-29.9,15,1.1,0.8227415084838867,0.006151673849672079,0.0003,72899,50.0,73000,-4.3625407218933105,4854,,
1464,0.4099999964237213,1.7187838554382324,-29.33,15,1.1,1.0279313325881958,0.006338703911751509,0.0003,73099,50.0,73200,-4.815638065338135,4867,,
1468,0.41999998688697815,-1.8972060680389404,-29.5,15,1.1,1.0515055656433105,0.006309913471341133,0.0003,73299,50.0,73400,-5.815371513366699,4880,,
1472,0.4300000071525574,0.758918046951294,-29.36,15,1.1,0.9722951650619507,0.006346437614411116,0.0003,73499,50.0,73600,-5.331608295440674,4893,,
1476,0.4300000071525574,-0.9085092544555664,-29.42,15,1.1,0.8933085203170776,0.006590687669813633,0.0003,73699,50.0,73800,-5.8741326332092285,4907,,
1480,0.4399999976158142,-0.7922691106796265,-29.31,15,1.1,1.1269092559814453,0.006591875571757555,0.0003,73899,50.0,74000,-5.205234050750732,4920,,
1484,0.4300000071525574,-1.6394636631011963,-29.36,15,1.1,0.8986568450927734,0.006522087380290031,0.0003,74099,50.0,74200,-5.438354015350342,4933,,
1488,0.4300000071525574,0.16595372557640076,-29.06,15,1.1,0.9401547908782959,0.0064862133003771305,0.0003,74299,50.0,74400,-5.192746162414551,4946,,
1492,0.41999998688697815,-0.9313687086105347,-29.53,15,1.1,0.954414963722229,0.006575930397957563,0.0003,74499,50.0,74600,-5.50037956237793,4959,,
1496,0.41999998688697815,2.7626211643218994,-29.39,15,1.1,1.4629454612731934,0.006514338776469231,0.0003,74699,50.0,74800,-4.396892547607422,4973,,
1500,0.4300000071525574,4.046506404876709,-29.05,15,1.1,0.9286386966705322,0.006536729633808136,0.0003,74899,50.0,75000,-5.8099236488342285,4990,0.029991871980366448,0.95
1504,0.4099999964237213,1.756329894065857,-29.78,15,1.1,0.9927916526794434,0.006556102540344,0.0003,75099,50.0,75200,-3.968900203704834,5003,,
1508,0.41999998688697815,1.1112276315689087,-29.36,15,1.1,1.090950846672058,0.006398070603609085,0.0003,75299,50.0,75400,-5.14095401763916,5017,,
1512,0.4099999964237213,1.569000005722046,-30.02,15,1.1,0.984428882598877,0.006497010122984648,0.0003,75499,50.0,75600,-5.196537971496582,5030,,
1516,0.4300000071525574,0.5174086093902588,-29.23,15,1.1,0.8390230536460876,0.006553389132022858,0.0003,75699,50.0,75800,-5.719486236572266,5044,,
1520,0.4300000071525574,-1.5267231464385986,-28.69,15,1.1,1.2667145729064941,0.006737580522894859,0.0003,75899,50.0,76000,-5.2811503410339355,5057,,
1524,0.41999998688697815,0.8254813551902771,-29.19,15,1.1,0.891781747341156,0.0068079447373747826,0.0003,76099,50.0,76200,-6.249378204345703,5070,,
1528,0.4099999964237213,-1.9505021572113037,-30.03,15,1.1,0.8014496564865112,0.006887898780405521,0.0003,76299,50.0,76400,-5.273698806762695,5083,,
1532,0.4000000059604645,1.7602392435073853,-30.2,15,1.1,1.1846104860305786,0.006796708796173334,0.0003,76499,50.0,76600,-5.538049697875977,5096,,
1536,0.4000000059604645,1.0520298480987549,-30.17,15,1.1,0.7908764481544495,0.006712619215250015,0.0003,76699,50.0,76800,-5.95443868637085,5109,,
1540,0.4000000059604645,2.7296440601348877,-29.85,15,1.1,1.1602178812026978,0.006592733785510063,0.0003,76899,50.0,77000,-4.179345607757568,5122,,
1544,0.4000000059604645,-1.1158026456832886,-29.83,15,1.1,1.1582107543945312,0.006674923934042454,0.0003,77099,50.0,77200,-5.619511604309082,5135,,
1548,0.4000000059604645,-0.9717167019844055,-29.95,15,1.1,1.3712220191955566,0.006571222562342882,0.0003,77299,50.0,77400,-5.5314836502075195,5148,,
1552,0.4000000059604645,-2.4510416984558105,-30.05,15,1.1,1.2501988410949707,0.006448002532124519,0.0003,77499,50.0,77600,-5.678462028503418,5162,,
1556,0.3799999952316284,1.9706637859344482,-30.34,15,1.1,0.8591281175613403,0.006600550375878811,0.0003,77699,50.0,77800,-6.263532638549805,5175,,
1560,0.4000000059604645,0.8023937940597534,-29.41,15,1.1,0.9139511585235596,0.006752159912139177,0.0003,77899,50.0,78000,-4.844837665557861,5188,,
1564,0.4000000059604645,0.21377021074295044,-29.49,15,1.1,1.2215759754180908,0.006928825285285711,0.0003,78099,50.0,78200,-5.2108964920043945,5201,,
1568,0.4000000059604645,-1.0827299356460571,-29.17,15,1.1,0.9630872011184692,0.007059190422296524,0.0003,78299,50.0,78400,-5.55593729019165,5214,,
1572,0.3799999952316284,-2.1761128902435303,-29.54,15,1.1,1.2889463901519775,0.0070650698617100716,0.0003,78499,50.0,78600,-6.353831768035889,5227,,
1576,0.3700000047683716,-0.6837061047554016,-29.84,15,1.1,1.1717426776885986,0.007000342011451721,0.0003,78699,50.0,78800,-6.56740140914917,5241,,
1580,0.3799999952316284,-0.818908154964447,-29.12,15,1.1,1.132434368133545,0.006994306109845638,0.0003,78899,50.0,79000,-5.080297946929932,5254,,
1584,0.4000000059604645,2.714590311050415,-28.21,15,1.1,1.0042742490768433,0.006857192609459162,0.0003,79099,50.0,79200,-4.768633842468262,5267,,
1588,0.38999998569488525,-1.5028483867645264,-28.97,15,1.1,1.0237220525741577,0.006992308422923088,0.0003,79299,50.0,79400,-5.981417655944824,5280,,
1592,0.41999998688697815,1.8383342027664185,-27.61,15,1.1,1.2250840663909912,0.0069933123886585236,0.0003,79499,50.0,79600,-5.4414262771606445,5293,,
1596,0.4099999964237213,3.140286445617676,-28.08,15,1.1,1.6415265798568726,0.007194278296083212,0.0003,79699,50.0,79800,-5.218507766723633,5306,,
1600,0.4000000059604645,0.8041993975639343,-28.37,15,1.1,1.224263310432434,0.007434430532157421,0.0003,79899,50.0,80000,-5.556997299194336,5323,0.02697642122096755,0.95
1604,0.4300000071525574,-3.1800692081451416,-26.64,15,1.1,1.1832224130630493,0.007756061851978302,0.0003,80099,50.0,80200,-6.3573079109191895,5336,,
1608,0.4300000071525574,-1.0551011562347412,-26.84,15,1.1,1.0461130142211914,0.0076815118081867695,0.0003,80299,50.0,80400,-5.6549072265625,5350,,
1612,0.4300000071525574,-0.9900397658348083,-26.57,15,1.1,1.0844535827636719,0.0075085838325321674,0.0003,80499,50.0,80600,-6.194452285766602,5363,,
1616,0.4300000071525574,1.5929393768310547,-26.57,15,1.1,1.2599084377288818,0.007207460235804319,0.0003,80699,50.0,80800,-4.396842956542969,5376,,
1620,0.41999998688697815,-1.4293837547302246,-27.08,15,1.1,0.9507454633712769,0.007159946020692587,0.0003,80899,50.0,81000,-6.00547456741333,5389,,
1624,0.41999998688697815,-1.0158042907714844,-27.41,15,1.1,1.1764999628067017,0.007207965478301048,0.0003,81099,50.0,81200,-5.839196681976318,5402,,
1628,0.4399999976158142,-2.1069812774658203,-26.4,15,1.1,1.140289545059204,0.007118190638720989,0.0003,81299,50.0,81400,-6.375938415527344,5415,,
1632,0.44999998807907104,0.6410945653915405,-26.61,15,1.1,1.4387892484664917,0.0070867110043764114,0.0003,81499,50.0,81600,-6.046056747436523,5428,,
1636,0.4699999988079071,1.6563451290130615,-26.08,15,1.1,1.4707728624343872,0.007054116111248732,0.0003,81699,50.0,81800,-5.260345935821533,5441,,
1640,0.4699999988079071,0.0872877836227417,-26.0,15,1.1,0.9830310344696045,0.007158218417316675,0.0003,81899,50.0,82000,-6.816725730895996,5454,,
1644,0.4399999976158142,0.9610427618026733,-27.37,15,1.1,1.3079097270965576,0.007225743029266596,0.0003,82099,50.0,82200,-4.795418739318848,5467,,
1648,0.4300000071525574,-1.0093498229980469,-27.64,15,1.1,1.8292105197906494,0.007197469472885132,0.0003,82299,50.0,82400,-5.663123607635498,5480,,
1652,0.4399999976158142,1.2991846799850464,-27.02,15,1.1,1.3565970659255981,0.007121836766600609,0.0003,82499,50.0,82600,-6.2116827964782715,5493,,
1656,0.4300000071525574,-3.364032030105591,-27.57,15,1.1,1.0471043586730957,0.007093472871929407,0.0003,82699,50.0,82800,-6.272514343261719,5506,,
1660,0.41999998688697815,2.474750518798828,-27.74,15,1.1,1.375173568725586,0.007223204243928194,0.0003,82899,50.0,83000,-6.387317657470703,5519,,
1664,0.4099999964237213,-1.2762690782546997,-28.18,15,1.1,1.1183946132659912,0.007172360084950924,0.0003,83099,50.0,83200,-5.739343166351318,5532,,
1668,0.4099999964237213,1.5907129049301147,-28.33,15,1.1,1.177915334701538,0.00713724410161376,0.0003,83299,50.0,83400,-5.02977180480957,5545,,
1672,0.4300000071525574,-0.8639819622039795,-27.81,15,1.1,1.2506800889968872,0.007087160367518663,0.0003,83499,50.0,83600,-6.944360733032227,5558,,
1676,0.44999998807907104,-1.4606256484985352,-27.14,15,1.1,1.4790436029434204,0.00700398487970233,0.0003,83699,50.0,83800,-3.8794355392456055,5571,,
1680,0.44999998807907104,-1.1697427034378052,-27.35,15,1.1,1.5414507389068604,0.006950168404728174,0.0003,83899,50.0,84000,-5.739023685455322,5584,,
1684,0.4399999976158142,0.09536667168140411,-27.78,15,1.1,1.6244544982910156,0.006951418239623308,0.0003,84099,50.0,84200,-5.67112398147583,5597,,
1688,0.4300000071525574,2.765669822692871,-28.09,15,1.1,1.6407052278518677,0.0070401872508227825,0.0003,84299,50.0,84400,-6.996927261352539,5610,,
1692,0.41999998688697815,-0.6003342866897583,-28.75,15,1.1,1.802701473236084,0.006972837261855602,0.0003,84499,50.0,84600,-6.446484565734863,5623,,
1696,0.4300000071525574,0.25880005955696106,-28.5,15,1.1,1.1205780506134033,0.007052595727145672,0.0003,84699,50.0,84800,-6.2686076164245605,5637,,
1700,0.44999998807907104,-3.7490739822387695,-27.73,15,1.1,1.2642561197280884,0.007063547149300575,0.0003,84899,50.0,85000,-6.046910285949707,5654,0.026930147782077495,0.95
1704,0.44999998807907104,1.6959370374679565,-28.51,15,1.1,1.3357981443405151,0.007087920792400837,0.0003,85099,50.0,85200,-4.398672103881836,5667,,
1708,0.46000000834465027,0.8152178525924683,-27.86,15,1.1,1.7107867002487183,0.007209391798824072,0.0003,85299,50.0,85400,-4.551387786865234,5680,,
1712,0.49000000953674316,-0.4252862334251404,-27.27,15,1.1,1.4991977214813232,0.0072888038121163845,0.0003,85499,50.0,85600,-6.629719257354736,5693,,
1716,0.4699999988079071,1.517960786819458,-27.95,15,1.1,1.2743237018585205,0.007196858525276184,0.0003,85699,50.0,85800,-4.879523754119873,5706,,
1720,0.4699999988079071,-0.3681350350379944,-27.91,15,1.1,2.035593032836914,0.007278096862137318,0.0003,85899,50.0,86000,-5.931858062744141,5720,,
1724,0.4699999988079071,-2.092806816101074,-27.85,15,1.1,2.035634756088257,0.007197030354291201,0.0003,86099,50.0,86200,-5.872756004333496,5733,,
1728,0.44999998807907104,-0.36237475275993347,-28.5,15,1.1,1.0764756202697754,0.007415966596454382,0.0003,86299,50.0,86400,-6.394429683685303,5746,,
1732,0.44999998807907104,0.35800760984420776,-27.89,15,1.1,1.5746252536773682,0.0075384643860161304,0.0003,86499,50.0,86600,-6.6711225509643555,5759,,
1736,0.4300000071525574,-2.3099849224090576,-28.66,15,1.1,1.879040241241455,0.007743578404188156,0.0003,86699,50.0,86800,-6.58323335647583,5772,,
1740,0.41999998688697815,-0.4282533824443817,-29.2,15,1.1,1.8557147979736328,0.007746958173811436,0.0003,86899,50.0,87000,-5.27163553237915,5785,,
1744,0.4399999976158142,-1.800083875656128,-28.27,15,1.1,1.6165375709533691,0.007621970027685165,0.0003,87099,50.0,87200,-5.98208475112915,5798,,
1748,0.44999998807907104,-0.663113534450531,-27.81,15,1.1,1.7121076583862305,0.0075272754766047,0.0003,87299,50.0,87400,-5.697605133056641,5811,,
1752,0.44999998807907104,3.0135040283203125,-27.74,15,1.1,1.9320440292358398,0.007522445637732744,0.0003,87499,50.0,87600,-6.517395496368408,5824,,
1756,0.46000000834465027,2.275993824005127,-27.54,15,1.1,2.009690999984741,0.007473571226000786,0.0003,87699,50.0,87800,-4.8307576179504395,5837,,
1760,0.46000000834465027,1.1611675024032593,-27.36,15,1.1,1.705782175064087,0.007496506441384554,0.0003,87899,50.0,88000,-6.946586608886719,5850,,
1764,0.44999998807907104,2.4393134117126465,-27.53,15,1.1,1.6182969808578491,0.007778146304190159,0.0003,88099,50.0,88200,-6.356398105621338,5863,,
1768,0.4399999976158142,-1.26289963722229,-28.05,15,1.1,1.6355950832366943,0.007993357256054878,0.0003,88299,50.0,88400,-7.1598896980285645,5876,,
1772,0.4399999976158142,-0.19474196434020996,-28.4,15,1.1,1.3235111236572266,0.00810912810266018,0.0003,88499,50.0,88600,-7.655702590942383,5889,,
1776,0.4300000071525574,0.8745906949043274,-28.87,15,1.1,1.2092746496200562,0.008328733034431934,0.0003,88699,50.0,88800,-7.1296467781066895,5902,,
1780,0.4300000071525574,-2.2853078842163086,-28.96,15,1.1,2.550309181213379,0.008437681011855602,0.0003,88899,50.0,89000,-7.1312665939331055,5915,,
1784,0.4399999976158142,-1.6900355815887451,-28.91,15,1.1,1.5221686363220215,0.008291338570415974,0.0003,89099,50.0,89200,-7.589056491851807,5928,,
1788,0.4399999976158142,2.01232647895813,-28.78,15,1.1,1.6399660110473633,0.008241075091063976,0.0003,89299,50.0,89400,-6.354503631591797,5941,,
1792,0.4399999976158142,-1.07070791721344,-28.42,15,1.1,1.630732774734497,0.008205525577068329,0.0003,89499,50.0,89600,-7.096938133239746,5954,,
1796,0.4399999976158142,-1.1226435899734497,-28.1,15,1.1,1.5837221145629883,0.008102977648377419,0.0003,89699,50.0,89800,-7.81620454788208,5967,,
1800,0.41999998688697815,-1.04740309715271,-28.63,15,1.1,1.9054968357086182,0.008280003443360329,0.0003,89899,50.0,90000,-7.4027605056762695,5984,0.03213864585470737,0.9
1804,0.4000000059604645,1.552305817604065,-29.29,15,1.1,1.670499324798584,0.008356288075447083,0.0003,90099,50.0,90200,-5.525228023529053,5997,,
1808,0.3799999952316284,0.29697030782699585,-30.36,15,1.1,2.5170111656188965,0.008572602644562721,0.0003,90299,50.0,90400,-6.020799160003662,6010,,
1812,0.3700000047683716,1.2826634645462036,-30.71,15,1.1,2.1550583839416504,0.008911864832043648,0.0003,90499,50.0,90600,-5.928014755249023,6024,,
1816,0.3700000047683716,2.4861032962799072,-30.82,15,1.1,2.6375160217285156,0.008916693739593029,0.0003,90699,50.0,90800,-5.818748474121094,6037,,
1820,0.3700000047683716,1.9225162267684937,-30.85,15,1.1,1.5792386531829834,0.009000527672469616,0.0003,90899,50.0,91000,-5.832209587097168,6050,,
1824,0.36000001430511475,-0.12322431802749634,-30.6,15,1.1,1.5325665473937988,0.009182017296552658,0.0003,91099,50.0,91200,-5.982931137084961,6063,,
1828,0.36000001430511475,1.154658317565918,-30.46,15,1.1,2.065263271331787,0.009202978573739529,0.0003,91299,50.0,91400,-5.194185256958008,6076,,
1832,0.3400000035762787,-2.356139659881592,-31.74,15,1.1,2.454685926437378,0.009129170328378677,0.0003,91499,50.0,91600,-6.394733905792236,6089,,
1836,0.3499999940395355,3.7287306785583496,-31.42,15,1.1,2.226513385772705,0.009030981920659542,0.0003,91699,50.0,91800,-4.78358268737793,6102,,
1840,0.3499999940395355,-1.521774172782898,-31.36,15,1.1,2.093222141265869,0.009260878898203373,0.0003,91899,50.0,92000,-7.527440547943115,6115,,
1844,0.3400000035762787,5.583961486816406,-31.98,15,1.1,2.6825530529022217,0.00955722015351057,0.0003,92099,50.0,92200,-6.526856422424316,6128,,
1848,0.3400000035762787,1.2126343250274658,-31.73,15,1.1,1.6404216289520264,0.009875595569610596,0.0003,92299,50.0,92400,-7.942410469055176,6141,,
1852,0.3400000035762787,3.096869945526123,-32.14,15,1.1,2.6261849403381348,0.009798897430300713,0.0003,92499,50.0,92600,-4.989372253417969,6154,,
1856,0.3499999940395355,1.8748995065689087,-31.5,15,1.1,1.8575739860534668,0.009902384132146835,0.0003,92699,50.0,92800,-7.314168930053711,6167,,
1860,0.36000001430511475,0.9213191270828247,-31.99,15,1.1,1.8259960412979126,0.009932692162692547,0.0003,92899,50.0,93000,-6.087472438812256,6180,,
1864,0.3499999940395355,-1.8150718212127686,-32.28,15,1.1,2.0145986080169678,0.010090278461575508,0.0003,93099,50.0,93200,-7.15447998046875,6193,,
1868,0.3499999940395355,0.7301688194274902,-31.7,15,1.1,1.8912999629974365,0.009835809469223022,0.0003,93299,50.0,93400,-6.819430351257324,6206,,
1872,0.33000001311302185,-1.669487714767456,-31.64,15,1.1,1.477271556854248,0.009869108907878399,0.0003,93499,50.0,93600,-7.4550628662109375,6219,,
1876,0.33000001311302185,-0.8477318286895752,-31.97,15,1.1,1.9136089086532593,0.009890327230095863,0.0003,93699,50.0,93800,-7.393008232116699,6232,,
1880,0.33000001311302185,-0.11063346266746521,-31.83,15,1.1,2.4796810150146484,0.009651856496930122,0.0003,93899,50.0,94000,-6.875465393066406,6245,,
1884,0.3199999928474426,-1.152512788772583,-31.71,15,1.1,1.7642877101898193,0.009515989571809769,0.0003,94099,50.0,94200,-5.684659481048584,6258,,
1888,0.33000001311302185,2.479179859161377,-31.06,15,1.1,2.100285530090332,0.009538021869957447,0.0003,94299,50.0,94400,-7.330384254455566,6271,,
1892,0.3400000035762787,3.063263177871704,-31.27,15,1.1,1.7457935810089111,0.009759489446878433,0.0003,94499,50.0,94600,-7.3894476890563965,6284,,
1896,0.3199999928474426,-1.4921008348464966,-32.26,15,1.1,2.1645097732543945,0.009829184040427208,0.0003,94699,50.0,94800,-7.5812835693359375,6297,,
1900,0.33000001311302185,4.305745601654053,-32.41,15,1.1,2.4264864921569824,0.009634815156459808,0.0003,94899,50.0,95000,-5.861417770385742,6314,0.03968591074571924,0.95
1904,0.3400000035762787,-0.08414243906736374,-32.33,15,1.1,1.7566101551055908,0.009945692494511604,0.0003,95099,50.0,95200,-8.36700439453125,6328,,
1908,0.33000001311302185,0.09995932132005692,-32.65,15,1.1,2.3259167671203613,0.01027231477200985,0.0003,95299,50.0,95400,-6.788175582885742,6340,,
1912,0.3199999928474426,1.5081919431686401,-32.82,15,1.1,2.082731246948242,0.010691826231777668,0.0003,95499,50.0,95600,-5.697513580322266,6354,,
1916,0.3199999928474426,-0.4455885887145996,-32.58,15,1.1,1.8575992584228516,0.010818833485245705,0.0003,95699,50.0,95800,-7.533627033233643,6367,,
1920,0.3199999928474426,-0.6096505522727966,-32.29,15,1.1,1.6163034439086914,0.0107986805960536,0.0003,95899,50.0,96000,-7.243795871734619,6380,,
1924,0.3400000035762787,0.26234227418899536,-32.07,15,1.1,2.1253976821899414,0.010641422122716904,0.0003,96099,50.0,96200,-7.236833095550537,6393,,
1928,0.33000001311302185,-0.14332737028598785,-32.7,15,1.1,1.9302172660827637,0.010404474101960659,0.0003,96299,50.0,96400,-8.568692207336426,6406,,
1932,0.36000001430511475,0.97646164894104,-31.53,15,1.1,3.04525089263916,0.01036177109926939,0.0003,96499,50.0,96600,-5.957541465759277,6419,,
1936,0.3499999940395355,1.4783556461334229,-32.26,15,1.1,2.9955973625183105,0.010388640686869621,0.0003,96699,50.0,96800,-7.870815277099609,6432,,
1940,0.36000001430511475,3.2980878353118896,-32.15,15,1.1,1.930630087852478,0.01032374706119299,0.0003,96899,50.0,97000,-5.8585333824157715,6445,,
1944,0.3700000047683716,-1.8709973096847534,-31.63,15,1.1,2.145411491394043,0.010503342375159264,0.0003,97099,50.0,97200,-7.4547200202941895,6458,,
1948,0.3799999952316284,-1.726454257965088,-31.22,15,1.1,1.8761295080184937,0.010622112080454826,0.0003,97299,50.0,97400,-7.894256591796875,6471,,
1952,0.3700000047683716,-1.9174370765686035,-31.53,15,1.1,2.2487235069274902,0.01051393523812294,0.0003,97499,50.0,97600,-7.334095001220703,6484,,
1956,0.36000001430511475,-2.7756147384643555,-31.87,15,1.1,3.3214468955993652,0.010648619383573532,0.0003,97699,50.0,97800,-8.711584091186523,6497,,
1960,0.36000001430511475,-0.8344060182571411,-31.38,15,1.1,1.7624690532684326,0.010314236395061016,0.0003,97899,50.0,98000,-10.297870635986328,6510,,
1964,0.3799999952316284,-1.1617859601974487,-31.02,15,1.1,3.0678064823150635,0.010049305856227875,0.0003,98099,50.0,98200,-7.65267276763916,6523,,
1968,0.4000000059604645,-1.0067964792251587,-30.68,15,1.1,2.1119766235351562,0.010048908181488514,0.0003,98299,50.0,98400,-7.072930812835693,6536,,
1972,0.4099999964237213,3.468322992324829,-31.18,15,1.1,2.718235969543457,0.010085194371640682,0.0003,98499,50.0,98600,-7.416400909423828,6549,,
1976,0.4099999964237213,-2.9663705825805664,-30.55,15,1.1,1.9256248474121094,0.009948860853910446,0.0003,98699,50.0,98800,-7.627590179443359,6562,,
1980,0.4099999964237213,-2.48769211769104,-30.69,15,1.1,2.675906181335449,0.009749182499945164,0.0003,98899,50.0,99000,-7.5001678466796875,6575,,
1984,0.41999998688697815,-1.8516980409622192,-30.22,15,1.1,2.0501654148101807,0.009551011025905609,0.0003,99099,50.0,99200,-8.060454368591309,6588,,
1988,0.41999998688697815,-0.908721387386322,-30.85,15,1.1,3.3804712295532227,0.009327982552349567,0.0003,99299,50.0,99400,-6.9943976402282715,6601,,
1992,0.41999998688697815,0.4234691262245178,-30.46,15,1.1,3.2626986503601074,0.00928090512752533,0.0003,99499,50.0,99600,-8.990656852722168,6614,,
1996,0.4399999976158142,2.2373669147491455,-29.71,15,1.1,2.8367154598236084,0.009381094947457314,0.0003,99699,50.0,99800,-7.426958084106445,6627,,
2000,0.44999998807907104,0.3172833025455475,-28.92,15,1.1,2.672837495803833,0.009687799029052258,0.0003,99899,50.0,100000,-6.8479084968566895,6645,0.03252806484136612,0.95
